modalidade_id,modalidade,situacao,esfera,orgao,uasg_codigo,uasg_nome,uf,municipio,objeto,valor,abertura,encerramento,numero_pncp,link,srp,modo_disputa,orgao_cnpj
6,Pregão - Eletrônico,Divulgada no PNCP,M,,1405,FUNDO MUNICIPAL DE SAÚDE DE RESENDE - SUS,RJ,Resende,"RSD-020116/007017/2026 - REGISTRO DE PREÇOS PARA AQUISIÇÃO DE MATERIAL MÉDICO HOSPITALAR, ATRAVÉS DA SECRETARIA MUNICIPAL DE SAÚDE.",858200.0,2026-09-22T15:00:00,2026-10-06T15:00:00,11800731000138-1-000209/2026,https://bnccompras.com/Process/ProcessView?param1=[gkz]oKk_YavUepPUYIeu9UaHHmS06Utsg6z6rXsxQw0M9jPjl8rRmm8EGUtmya5_CBVEmycndApY5kOqVsnnx6_SwXhkb01OzK36B6OyJZHCAGA=,True,Aberto,11800731000138
8,Dispensa de Licitação,Divulgada no PNCP,M,,2025,Piraí,RJ,Piraí,Aquisição de espéculos descartáveis para abastecimento da Rede Municipal de Saúde.,7575.0,2026-10-01T17:00:00,2026-10-06T17:00:00,29141322000132-1-000249/2026,,False,Dispensa Com Disputa,29141322000132
12,Credenciamento,Divulgada no PNCP,M,,985847,PREFEITURA MUNICIPAL DE MACAE - RJ,RJ,Macaé,"Prospecção do mercado de imóveis, para atender à necessidade de disponibilização de imóvel adequado para as instalações do Programa Bolsa Família, vinculado à Secretaria Municipal de Assistência Social, Direitos Humanos, Acessibilidade e Economia Solidária",0.01,2026-09-18T13:00:00,2026-10-06T18:00:00,29115474000160-1-000623/2026,,False,Não se aplica,29115474000160
6,Pregão - Eletrônico,Divulgada no PNCP,M,,01,Prefeitura Municipal de Guapimirim,RJ,Guapimirim,"A presente licitação tem como objeto a contratação de empresa especializada na prestação de serviço de monitoramento pessoal, através de dosímetros, em atendimento às necessidades da Secretaria Municipal de Saúde.",5508.12,2026-09-22T00:00:00,2026-10-06T23:59:00,39547500000183-1-000076/2026,http://comprasguapimirim.com.br,True,Aberto,39547500000183
6,Pregão - Eletrônico,Divulgada no PNCP,M,,01,Prefeitura Municipal de Guapimirim,RJ,Guapimirim,"A presente licitação tem como objeto a aquisição de tiras reagentes para determinação quantitativas de glicose capilar, lancetas estéreis descartáveis e monitores portáteis de glicemia, estes últimos disponibilizados em regime de comodato, em atendimento às necessidades da Secretaria Municipal de Saúde.",1522600.6,2026-09-22T00:00:00,2026-10-06T23:59:00,39547500000183-1-000077/2026,http://comprasguapimirim.com.br,True,Aberto,39547500000183
8,Dispensa de Licitação,Divulgada no PNCP,M,,2025,Piraí,RJ,Piraí,Aquisição de aventais personalizados para feira raízes da Terra,4860.0,2026-09-30T17:00:00,2026-10-07T07:00:00,29141322000132-1-000247/2026,,False,Dispensa Com Disputa,29141322000132
8,Dispensa de Licitação,Divulgada no PNCP,M,,0000,PREFEITURA MUNICIPAL,RJ,Varre-Sai,"[Portal de Compras Públicas] - CONTRATAÇÃO DE EMPRESA ESPECIALIZADA PARA EXECUÇÃO DA OBRA DE CONSTRUÇÃO DE MURO E PREPARO DE IMÓVEL PÚBLICO MUNICIPAL LOCALIZADO NA RUA PREFEITO SEBASTIÃO ALVES FIGUEIRA, CENTRO, VARRE-SAI/RJ, DESTINADO À FUTURA IMPLANTAÇÃO DA CASA DO AUTISTA, CONFORME PROJETOS, PLANILHA ORÇAMENTÁRIA, MEMORIAL DESCRITIVO E DEMAIS DOCUMENTOS TÉCNICOS",117201.35,2026-10-01T08:00:00,2026-10-07T07:59:00,39217831000155-1-000156/2026,https://www.portaldecompraspublicas.com.br/processos/RJ/Prefeitura-Municipal-de-Varre-Sai-4519/DE-23-2026-2026-515313,False,Dispensa Com Disputa,39217831000155
6,Pregão - Eletrônico,Anulada,M,,985919,PREFEITURA MUNICIPAL DE TRES RIOS - RJ,RJ,Três Rios,"Registro de preços para contratação de empresa especializada em prestação de serviços de montagem e desmontagem de pneus, balanceamento, alinhamento, cambagem e caster para manutenção da frota de veículos.",0.0,2026-09-21T08:00:00,2026-10-07T08:00:00,29138377000193-1-000136/2026,https://cnetmobile.estaleiro.serpro.gov.br/comprasnet-web/public/compras/acompanhamento-compra?compra=98591905001182026,True,Aberto,29138377000193
6,Pregão - Eletrônico,Divulgada no PNCP,M,,2025,Piraí,RJ,Piraí,"Prestação de Serviços de Videomonitoramento Móvel com câmeras de reconhecimento facial, visando atender às necessidades de segurança e controle durante o Piraí Fest 2026",65000.0,2026-09-23T17:00:00,2026-10-07T08:00:00,29141322000132-1-000237/2026,,False,Aberto,29141322000132
6,Pregão - Eletrônico,Divulgada no PNCP,M,,2025,Piraí,RJ,Piraí,Registro de Preços para eventual Aquisição de combustível para atender as demandas da Secretaria de Saúde.,2002037.03,2026-09-24T08:00:00,2026-10-07T08:00:00,29141322000132-1-000239/2026,,True,Aberto,29141322000132
8,Dispensa de Licitação,Divulgada no PNCP,M,,5294,Fundo Municipal de Assistencia Social,RJ,Conceição de Macabu,"[Portal de Compras Públicas] - Contratação de empresa especializada para aquisição de descartáveis, visando atender as necessidades da Secretaria Municipal Promoção e Desenvolvimento Social e seus vinculados.",24530.91,2026-09-24T08:00:00,2026-10-07T08:00:00,29115466000114-1-000144/2026,https://www.portaldecompraspublicas.com.br/processos/RJ/Prefeitura-Municipal-de-Conceicao-de-Macabu-2900/DE-048-SEGUNDA-CHAMADA-2026-2026-513539,False,Dispensa Com Disputa,29115466000114
8,Dispensa de Licitação,Divulgada no PNCP,F,,254445,INSTITUTO DE TECNOLOGIA EM IMUNOBIOLOGICOS,RJ,Rio de Janeiro,Aquisição de Caixa Embarque Papelão; 385x290x220 (a)mm; Cam Blister,22800.0,2026-09-29T10:00:00,2026-10-07T08:00:00,33781055000135-1-001688/2026,https://cnetmobile.estaleiro.serpro.gov.br/comprasnet-web/public/compras/acompanhamento-compra?compra=25444506004362026,False,Dispensa Com Disputa,33781055000135
8,Dispensa de Licitação,Divulgada no PNCP,F,,150182,PRÓ-REITORIA DE ADMINISTRAÇÃO,RJ,Niterói,Equipamentos e materiais para aulas práticas de eletricidade,47992.66,2026-10-01T08:00:00,2026-10-07T08:00:00,28523215000106-1-000317/2026,https://cnetmobile.estaleiro.serpro.gov.br/comprasnet-web/public/compras/acompanhamento-compra?compra=15018206001322026,False,Dispensa Com Disputa,28523215000106
8,Dispensa de Licitação,Divulgada no PNCP,F,,250057,INSTITUTO NACIONAL DE TRAUMATO-ORTOPEDIA,RJ,Rio de Janeiro,Aquisição de Termômetro Clínico Pistola e Outros,10330.97,2026-10-02T08:00:00,2026-10-07T08:00:00,00394544000185-1-002117/2026,https://cnetmobile.estaleiro.serpro.gov.br/comprasnet-web/public/compras/acompanhamento-compra?compra=25005706001332026,False,Dispensa Com Disputa,00394544000185
8,Dispensa de Licitação,Divulgada no PNCP,F,,795180,BASE DE FUZILEIROS NAVAIS ILHA DO GOVERN./RJ,RJ,Rio de Janeiro,Aquisição  de ventilador e espelho,4535.01,2026-10-02T08:00:00,2026-10-07T08:00:00,00394502000144-1-012659/2026,https://cnetmobile.estaleiro.serpro.gov.br/comprasnet-web/public/compras/acompanhamento-compra?compra=79518006001072026,False,Dispensa Com Disputa,00394502000144
8,Dispensa de Licitação,Divulgada no PNCP,F,,764200,SERVICO DE VETERANOS E PENSIONISTAS DA MARINH,RJ,Rio de Janeiro,"Contratação de empresa especializada para a execução de serviços de limpeza, remoção, acondicionamento e destinação ambientalmente adequada de excrementos, penas, ninhos e demais resíduos decorrentes da presença de pombos, com higienização e desinfecção microbiológica das áreas afetadas e limpeza dos demais compartimentos, nos 4º, 5º e 6º andares, bem como na área da máquina do elevador do Edifício Osvaldo Nazareth (EDON)",30810.23,2026-09-30T08:00:00,2026-10-07T08:00:00,00394502000144-1-012664/2026,https://cnetmobile.estaleiro.serpro.gov.br/comprasnet-web/public/compras/acompanhamento-compra?compra=76420006000782026,False,Dispensa Com Disputa,00394502000144
8,Dispensa de Licitação,Divulgada no PNCP,F,,740002,COORD.GERAL PROG.DESENVOLV.SUBMARINO NUCLEAR,RJ,Rio de Janeiro,Estante de aço,10200.0,2026-09-30T10:30:00,2026-10-07T08:00:00,00394502000144-1-012690/2026,https://cnetmobile.estaleiro.serpro.gov.br/comprasnet-web/public/compras/acompanhamento-compra?compra=74000206002142026,False,Dispensa Com Disputa,00394502000144
8,Dispensa de Licitação,Divulgada no PNCP,F,,740002,COORD.GERAL PROG.DESENVOLV.SUBMARINO NUCLEAR,RJ,Rio de Janeiro,Smart Tv 50 polegadas,5794.0,2026-09-30T10:45:00,2026-10-07T08:00:00,00394502000144-1-012697/2026,https://cnetmobile.estaleiro.serpro.gov.br/comprasnet-web/public/compras/acompanhamento-compra?compra=74000206002152026,False,Dispensa Com Disputa,00394502000144
8,Dispensa de Licitação,Divulgada no PNCP,M,,986001,MRJ-PREFEITURA MUNICIPAL DO RIO DE JANEIRO,RJ,Rio de Janeiro,"Aquisição de material de expediente, por meio de Dispensa Eletrônica, destinada ao abastecimento do Hospital Municipal Jesus, visando atender às necessidades dos diversos setores da unidade e garantir a disponibilidade dos materiais necessários à execução das atividades administrativas.",1936.48,2026-09-30T12:00:00,2026-10-07T08:00:00,42498733000148-1-001985/2026,https://cnetmobile.estaleiro.serpro.gov.br/comprasnet-web/public/compras/acompanhamento-compra?compra=98600106017302026,False,Dispensa Com Disputa,42498733000148
8,Dispensa de Licitação,Divulgada no PNCP,F,,160245,POLICLINICA MILITAR DE NITEROI/RJ,RJ,Niterói,"O objeto do presente procedimento é a escolha da proposta mais vantajosa para a contratação, por dispensa de licitação, de insumos médico-hospitalares, conforme condições, quantidades e exigências estabelecidas neste Aviso de Contratação Direta e seus anexos.",61772.33,2026-10-01T08:00:00,2026-10-07T08:00:00,00394452000103-1-021271/2026,https://cnetmobile.estaleiro.serpro.gov.br/comprasnet-web/public/compras/acompanhamento-compra?compra=16024506000462026,False,Dispensa Com Disputa,00394452000103
8,Dispensa de Licitação,Divulgada no PNCP,F,,740002,COORD.GERAL PROG.DESENVOLV.SUBMARINO NUCLEAR,RJ,Rio de Janeiro,Aquisição de kits institucionais,12610.5,2026-09-30T13:42:00,2026-10-07T08:00:00,00394502000144-1-012733/2026,https://cnetmobile.estaleiro.serpro.gov.br/comprasnet-web/public/compras/acompanhamento-compra?compra=74000206002132026,False,Dispensa Com Disputa,00394502000144
8,Dispensa de Licitação,Divulgada no PNCP,F,,781200,1°BATALHÃO DE OPER LITORANEAS DE FUZIL.NAVAIS,RJ,Rio de Janeiro,"A Aquisição para reposição dos Materiais utilizados por este Batalhão afim de melhorar as condições de bem-estar e conforto geral da tropa, além da substituição de materiais desgastado.",27454.27,2026-10-01T08:00:00,2026-10-07T08:00:00,00394502000144-1-012738/2026,https://cnetmobile.estaleiro.serpro.gov.br/comprasnet-web/public/compras/acompanhamento-compra?compra=78120006000642026,False,Dispensa Com Disputa,00394502000144
8,Dispensa de Licitação,Divulgada no PNCP,F,,781200,1°BATALHÃO DE OPER LITORANEAS DE FUZIL.NAVAIS,RJ,Rio de Janeiro,"Serviço de Teste Hidrostático de Cilindro de Oxigênio Medicinal,",1520.0,2026-10-01T08:00:00,2026-10-07T08:00:00,00394502000144-1-012745/2026,https://cnetmobile.estaleiro.serpro.gov.br/comprasnet-web/public/compras/acompanhamento-compra?compra=78120006000602026,False,Dispensa Com Disputa,00394502000144
8,Dispensa de Licitação,Divulgada no PNCP,M,,927956,FUNDO MUNICIPAL DE SAUDE DE VALENCA - RJ,RJ,Valença,"Aquisição de materiais de consumo, destinados a atender a Secretaria Municipal de Saúde.",14636.6,2026-09-30T15:20:00,2026-10-07T08:00:00,11934211000118-1-000034/2026,https://cnetmobile.estaleiro.serpro.gov.br/comprasnet-web/public/compras/acompanhamento-compra?compra=92795606000342026,False,Dispensa Com Disputa,11934211000118
8,Dispensa de Licitação,Divulgada no PNCP,F,,781200,1°BATALHÃO DE OPER LITORANEAS DE FUZIL.NAVAIS,RJ,Rio de Janeiro,A presente contratação tem por objeto a aquisição de Recarga de Oxigênio Medicinal com a respectiva prestação do serviço de Manutenção de Cilindro de O2,2320.0,2026-10-01T08:00:00,2026-10-07T08:00:00,00394502000144-1-012748/2026,https://cnetmobile.estaleiro.serpro.gov.br/comprasnet-web/public/compras/acompanhamento-compra?compra=78120006000612026,False,Dispensa Com Disputa,00394502000144
8,Dispensa de Licitação,Divulgada no PNCP,F,,781100,COMANDO DO GRUPAMENTO NAVAL DO SUDESTE,RJ,Rio de Janeiro,"Aquisição de 34 (trinta e quatro) luminárias e 34 (trinta e quatro) interruptores e materiais para instalação dos equipamentos, para o Navio Patrulha Gurupi.",2668.6,2026-10-01T08:00:00,2026-10-07T08:00:00,00394502000144-1-012749/2026,https://cnetmobile.estaleiro.serpro.gov.br/comprasnet-web/public/compras/acompanhamento-compra?compra=78110006000752026,False,Dispensa Com Disputa,00394502000144
8,Dispensa de Licitação,Divulgada no PNCP,F,,925159,CONSELHO REGIONAL DE PSICOLOGIA 5ª - RJ,RJ,Rio de Janeiro,"Letreiro Institucional em Relevo (Identificação da Categoria/Atendimento)

• Composição: Letras estruturais em PVC expandido de 20 mm com pintura automotiva fosca cinza via maquinário Router CNC (Blockletter).
• Face Frontal: Aplique em acrílico espelhado prata premium de 2 mm com corte robotizado a laser.
• Dimensões: 2,00 m de largura x 0,45 m de altura.
• Fixação: Fita dupla-face estrutural poliuretânica VHB Norbond 19 mm consorciada com adesivo químico de cianoacrilato (proibição absoluta de furação nas alvenarias).
• Distribuição/Instalação: Fixação e distribuição em 02 (duas) superfícies verticais (paredes) distintas na sala principal do Setor de Atendimento ao Público da Sede do CRP-RJ, com exigência de alinhamento técnico a laser.
A contratação abrange toda a cadeia logística e operacional: fornecimento de matérias-primas, serviço de corte CNC/laser, transporte/frete tipo CIF com descarregamento na Sede do CRP-RJ, alinhamento técnico a laser e fixação limpa por fita dupla-face VHB consorciada com adesivo de cianoacrilato, bem como o recolhimento e destinação ambientalmente adequada de todos os resíduos gerados na instalação.",5041.94,2026-10-01T08:00:00,2026-10-07T08:00:00,37115458000104-1-000039/2026,https://cnetmobile.estaleiro.serpro.gov.br/comprasnet-web/public/compras/acompanhamento-compra?compra=92515906000362026,False,Dispensa Com Disputa,37115458000104
8,Dispensa de Licitação,Divulgada no PNCP,F,,795340,BATALHAO DE VIATURAS ANFIBIAS,RJ,Rio de Janeiro,"Aquisição de materiais destinados à manutenção de Viaturas Blindadas de Transporte de Pessoal sobre Lagartas (CLAnf), visando atender às necessidades do Batalhão de Viaturas Anfíbias, conforme características, especificações e quantitativos estabelecidos neste Termo de Referência.",33979.64,2026-10-01T11:00:00,2026-10-07T08:00:00,00394502000144-1-012793/2026,https://cnetmobile.estaleiro.serpro.gov.br/comprasnet-web/public/compras/acompanhamento-compra?compra=79534006000422026,False,Dispensa Com Disputa,00394502000144
8,Dispensa de Licitação,Divulgada no PNCP,F,,765701,HOSPITAL CENTRAL_DA MARINHA,RJ,Rio de Janeiro, Contratação de empresa especializada para a prestação de serviço de seguro automotivo para viatura administrativa do Centro de Perícias Médicas da Marinha (CPMM).,1227.0,2026-10-02T08:00:00,2026-10-07T08:00:00,00394502000144-1-012826/2026,https://cnetmobile.estaleiro.serpro.gov.br/comprasnet-web/public/compras/acompanhamento-compra?compra=76570106000762026,False,Dispensa Com Disputa,00394502000144
8,Dispensa de Licitação,Divulgada no PNCP,F,,200043,PROCURADORIA DA REPUBLICA NO RIO DE JANEIRO,RJ,Rio de Janeiro,"Prestação de serviços de limpeza e higienização do carpete do auditório da PR/RJ (área de aproximadamente 136,62 m2), conforme condições e especificações do Termo de Referência.",1885.36,2026-10-02T08:00:00,2026-10-07T08:00:00,26989715000102-1-001562/2026,https://cnetmobile.estaleiro.serpro.gov.br/comprasnet-web/public/compras/acompanhamento-compra?compra=20004306000372026,False,Dispensa Com Disputa,26989715000102
8,Dispensa de Licitação,Divulgada no PNCP,F,,751200,GRUPAMENTO DE NAVIOS HIDROCEANOGRAFICOS,RJ,Niterói,Aquisição de palamentas e utensílios de cozinha,11999.58,2026-10-02T08:00:00,2026-10-07T08:00:00,00394502000144-1-012834/2026,https://cnetmobile.estaleiro.serpro.gov.br/comprasnet-web/public/compras/acompanhamento-compra?compra=75120006001462026,False,Dispensa Com Disputa,00394502000144
8,Dispensa de Licitação,Divulgada no PNCP,F,,771200,CENTRO DE CONTROLE DE INVENTARIO DA MARINHA,RJ,Rio de Janeiro,"Contratação do serviço de seguro, pelo período de 12 meses, da viatura Toyota Corolla GLi Upper 1.8 Flex 16V Aut., placa: KYQ8381, ano/modelo: 2017/2018, conforme condições, quantidades e exigências estabelecidas no Aviso de Contratação Direta e seus anexos.",8570.15,2026-10-02T08:00:00,2026-10-07T08:00:00,00394502000144-1-012840/2026,https://cnetmobile.estaleiro.serpro.gov.br/comprasnet-web/public/compras/acompanhamento-compra?compra=77120006000372026,False,Dispensa Com Disputa,00394502000144
8,Dispensa de Licitação,Divulgada no PNCP,F,,752100,CENTRO DE INSTRUCAO ALMIRANTE GRACA ARANHA,RJ,Rio de Janeiro,"A presente aquisição de materiais de campanha e táticos justifica-se pela absoluta necessidade de equipar, dotar e manter em condições plenas de operacionalidade o efetivo do Departamento de Segurança.",10724.1,2026-10-02T08:00:00,2026-10-07T08:00:00,00394502000144-1-012841/2026,https://cnetmobile.estaleiro.serpro.gov.br/comprasnet-web/public/compras/acompanhamento-compra?compra=75210006001652026,False,Dispensa Com Disputa,00394502000144
8,Dispensa de Licitação,Divulgada no PNCP,F,,771200,CENTRO DE CONTROLE DE INVENTARIO DA MARINHA,RJ,Rio de Janeiro,"Impressora Multifuncional Tanque de Tinta Ecotank : CARACTERÍSTICAS: Impressão, cópia e digitalização (não possui fax).
Tecnologia de Impressão: Precision Core Heat-Free (sem aquecimento). Velocidade de Impressão (ISO): Até 15,5 ppm em preto e 8,5 ppm em cores (rascunho de até 33 ppm em preto e 20 ppm em cores). Impressão Frente e Verso (Duplex):
Automática. Alimentador Automático de Folhas (ADF): Capacidade para até 30 páginas. Capacidade da Bandeja de Papel: Até 250 folhas de papel.",3809.0,2026-10-02T08:00:00,2026-10-07T08:00:00,00394502000144-1-012843/2026,https://cnetmobile.estaleiro.serpro.gov.br/comprasnet-web/public/compras/acompanhamento-compra?compra=77120006000382026,False,Dispensa Com Disputa,00394502000144
8,Dispensa de Licitação,Divulgada no PNCP,M,,985919,PREFEITURA MUNICIPAL DE TRES RIOS - RJ,RJ,Três Rios,"Aquisição de materiais permanentes e materiais de consumo destinados ao centro fisioterápico da Instituição de Longa Permanência Irmão Geraldo (ILPI), visando atender às necessidades de reabilitação física, prevenção de incapacidades, fortalecimento muscular, melhora da mobilidade funcional, equilíbrio, coordenação motora e promoção da qualidade de vida dos idosos institucionalizado.",51242.93,2026-10-02T08:00:00,2026-10-07T08:00:00,29138377000193-1-000140/2026,https://cnetmobile.estaleiro.serpro.gov.br/comprasnet-web/public/compras/acompanhamento-compra?compra=98591906001242026,False,Dispensa Com Disputa,29138377000193
8,Dispensa de Licitação,Divulgada no PNCP,F,,250059,INSTITUTO NACIONAL DE CARDIOLOGIA,RJ,Rio de Janeiro,AQUISIÇÃO DE MATERIAIS HOSPITALARES - ECG E ULTRASSOM ,18686.3,2026-10-01T11:45:00,2026-10-07T08:00:00,00394544000185-1-002153/2026,https://cnetmobile.estaleiro.serpro.gov.br/comprasnet-web/public/compras/acompanhamento-compra?compra=25005906002762026,False,Dispensa Com Disputa,00394544000185
8,Dispensa de Licitação,Divulgada no PNCP,M,,5294,Fundo Municipal de Assistencia Social,RJ,Conceição de Macabu,"[Portal de Compras Públicas] - Contratação de empresa especializada para fornecimento de doces e guloseimas, visando atender às necessidades do CREAS, CRAS e SERVIÇOS DE CONVIVÊNCIA, vinculados à Secretaria Municipal de Promoção e Desenvolvimento Social.",44389.6,2026-10-02T08:00:00,2026-10-07T08:00:00,29115466000114-1-000149/2026,https://www.portaldecompraspublicas.com.br/processos/RJ/Prefeitura-Municipal-de-Conceicao-de-Macabu-2900/DE-068-2026-2026-515551,True,Dispensa Com Disputa,29115466000114
8,Dispensa de Licitação,Divulgada no PNCP,F,,154034,MEC-UNIRIO-FUND.UNIVERS.DO RIO DE JANEIRO/RJ,RJ,Rio de Janeiro,"Contratação de tendas, mesas e cadeiras para atender às necessidades da PROEXC e PROGRAD para realização da Semana de Integração Acadêmica de 2026.",31857.1,2026-10-02T08:00:00,2026-10-07T08:00:00,34023077000107-1-000075/2026,https://cnetmobile.estaleiro.serpro.gov.br/comprasnet-web/public/compras/acompanhamento-compra?compra=15403406002252026,False,Dispensa Com Disputa,34023077000107
8,Dispensa de Licitação,Divulgada no PNCP,F,,160134,CENTRO DE INSTRUÇÃO DE OPERAÇÕES ESPECIAIS,RJ,Niterói,"Contratação de SERVIÇO DE CONFECÇÃO, FORNECIMENTO E INSTALAÇÃO de 5 (cinco) portas de enrolar automatizadas, com acionamento manual de emergência, INCLUINDO materiais, mão de obra, ferramental, transporte e alimentação elétrica, para o pavilhão da Seção de Mergulho e Náutica do Centro de Instrução de Operações Especiais (CIOpEsp), a ser executado SEM regime de dedicação exclusiva de mão de obra.",49000.0,2026-10-02T08:00:00,2026-10-07T08:00:00,00394452000103-1-021392/2026,https://cnetmobile.estaleiro.serpro.gov.br/comprasnet-web/public/compras/acompanhamento-compra?compra=16013406000552026,False,Dispensa Com Disputa,00394452000103
8,Dispensa de Licitação,Divulgada no PNCP,F,,791105,1º ESQUADRÃO DE AERONAVES REMOTAM. PILOTADAS,RJ,São Pedro da Aldeia,"Aquisição por Dispensa de Licitação de placa de homenagem, conforme condições, quantidades e exigências estabelecidas neste Aviso de Contratação Direta e seus anexos.",420.0,2026-10-01T14:00:00,2026-10-07T08:00:00,00394502000144-1-012869/2026,https://cnetmobile.estaleiro.serpro.gov.br/comprasnet-web/public/compras/acompanhamento-compra?compra=79110506000392026,False,Dispensa Com Disputa,00394502000144
8,Dispensa de Licitação,Divulgada no PNCP,F,,721000,ESCOLA DE GUERRA NAVAL,RJ,Rio de Janeiro,Serviço de confecção de arranjo de flores para uso em eventos institucionais da Escola de Guerra Naval,9763.45,2026-10-01T16:00:00,2026-10-07T08:00:00,00394502000144-1-012872/2026,https://cnetmobile.estaleiro.serpro.gov.br/comprasnet-web/public/compras/acompanhamento-compra?compra=72100006002212026,False,Dispensa Com Disputa,00394502000144
8,Dispensa de Licitação,Divulgada no PNCP,F,,160240,9ª BATERIA DE ARTILHARIA ANTIAÉREA,RJ,Macaé,"A 9ª Bateria de Artilharia Antiaérea (Escola) – FMH é uma Unidade Operacional, diretamente subordinada ao Comando do Grupamento de Unidades Escola – 9ª Brigada de Infantaria Motorizada, necessita de aquisições de para materiais de consumo do Pelotão de Obras  para fazer a manutenção dos banheiros desta Organização Militar para melhor conforto dos mesmos.",59791.97,2026-10-02T08:00:00,2026-10-07T08:00:00,00394452000103-1-021401/2026,https://cnetmobile.estaleiro.serpro.gov.br/comprasnet-web/public/compras/acompanhamento-compra?compra=16024006000712026,False,Dispensa Com Disputa,00394452000103
8,Dispensa de Licitação,Divulgada no PNCP,F,,740031,ESCOLA TÉCNICA DO ARSENAL DE MARINHA,RJ,Rio de Janeiro,Necessidade de materiais de refrigeração devido a demanda de cursos desta escola técnica.,1170.0,2026-10-02T08:00:00,2026-10-07T08:00:00,00394502000144-1-012873/2026,https://cnetmobile.estaleiro.serpro.gov.br/comprasnet-web/public/compras/acompanhamento-compra?compra=74003106000862026,False,Dispensa Com Disputa,00394502000144
8,Dispensa de Licitação,Divulgada no PNCP,F,,791170,GRUPO AéREO NAVAL DE MANUTENçãO,RJ,São Pedro da Aldeia,Aquisição de NOBREAK DE POTÊNCIA 8KVA,10385.09,2026-10-02T08:00:00,2026-10-07T08:00:00,00394502000144-1-012879/2026,https://cnetmobile.estaleiro.serpro.gov.br/comprasnet-web/public/compras/acompanhamento-compra?compra=79117006002242026,False,Dispensa Com Disputa,00394502000144
8,Dispensa de Licitação,Divulgada no PNCP,F,,791100,COMANDO DA FORCA AERONAVAL,RJ,São Pedro da Aldeia,AQUISIÇÃO DE MEDICAMENTOS COM A FINALIDADE DE DOAÇÃO.,1107.82,2026-10-02T08:00:00,2026-10-07T08:00:00,00394502000144-1-012881/2026,https://cnetmobile.estaleiro.serpro.gov.br/comprasnet-web/public/compras/acompanhamento-compra?compra=79110006001532026,False,Dispensa Com Disputa,00394502000144
8,Dispensa de Licitação,Divulgada no PNCP,F,,791170,GRUPO AéREO NAVAL DE MANUTENçãO,RJ,São Pedro da Aldeia,Aquisição de fonte de alimentação ,7065.09,2026-10-02T08:00:00,2026-10-07T08:00:00,00394502000144-1-012883/2026,https://cnetmobile.estaleiro.serpro.gov.br/comprasnet-web/public/compras/acompanhamento-compra?compra=79117006002262026,False,Dispensa Com Disputa,00394502000144
8,Dispensa de Licitação,Divulgada no PNCP,F,,791140,COMANDO DO I ESQ.HELICOPT.ESCL.E AT ANTI-SUBM,RJ,Rio de Janeiro,"Dispositivo de teste de campo para detecção de água livre, não dissolvida e dispersa, em querosene de aviação (JET A-1), em concentrações não visíveis a olho nu. KIT contendo 8 (oito) tubos plásticos selados, com 10 (dez) cápsulas/pílulas descartáveis em cada tubo, totalizando 80 (oitenta) unidades. O teste é indispensável para a verificação da qualidade do querosene de aviação empregado nas operações, garantindo a segurança, a confiabilidade do abastecimento e a preservação do material.",32591.52,2026-10-02T08:00:00,2026-10-07T08:00:00,00394502000144-1-012885/2026,https://cnetmobile.estaleiro.serpro.gov.br/comprasnet-web/public/compras/acompanhamento-compra?compra=79114006000652026,False,Dispensa Com Disputa,00394502000144
8,Dispensa de Licitação,Divulgada no PNCP,F,,791140,COMANDO DO I ESQ.HELICOPT.ESCL.E AT ANTI-SUBM,RJ,Rio de Janeiro,Prestação de serviços laboratoriais especializados para execução de análise físico-química em amostras de fluido hidráulico aeronáutico mineral padrão MIL-PRF-5606 (referência AeroShell Fluid 41).,26002.2,2026-10-02T08:00:00,2026-10-07T08:00:00,00394502000144-1-012886/2026,https://cnetmobile.estaleiro.serpro.gov.br/comprasnet-web/public/compras/acompanhamento-compra?compra=79114006000662026,False,Dispensa Com Disputa,00394502000144
8,Dispensa de Licitação,Divulgada no PNCP,F,,791140,COMANDO DO I ESQ.HELICOPT.ESCL.E AT ANTI-SUBM,RJ,Rio de Janeiro,"Teste Hidrostático em Cilindro de Gás Argônio de 10 m³ com fornecimento de recarga de Gás Argônio em Cilindro de 10 m³.

",858.6,2026-10-02T08:00:00,2026-10-07T08:00:00,00394502000144-1-012889/2026,https://cnetmobile.estaleiro.serpro.gov.br/comprasnet-web/public/compras/acompanhamento-compra?compra=79114006000672026,False,Dispensa Com Disputa,00394502000144
8,Dispensa de Licitação,Divulgada no PNCP,F,,765701,HOSPITAL CENTRAL_DA MARINHA,RJ,Rio de Janeiro,Aquisição de placas de sinalização para cozinha do HCM.,767.96,2026-10-02T08:00:00,2026-10-07T08:00:00,00394502000144-1-012890/2026,https://cnetmobile.estaleiro.serpro.gov.br/comprasnet-web/public/compras/acompanhamento-compra?compra=76570106000772026,False,Dispensa Com Disputa,00394502000144
8,Dispensa de Licitação,Divulgada no PNCP,F,,720305,CENTRO TECNOLÓGICO DA MARINHA NO RJ,RJ,Rio de Janeiro,"O objeto do presente procedimento é a escolha da proposta mais vantajosa para a contratação, por
dispensa de licitação, de aquisição de caixas para açougue, capacho, garrafão, suqueira, tábuas de corte e
demais palamentas para atender às necessidades da cozinha e dos refeitórios do Centro Tecnológico da
Marinha no Rio de Janeiro – CTMRJ. , conforme condições, quantidades e exigências estabelecidas neste
Aviso de Contratação Direta e seus anexos.",14738.39,2026-10-01T16:00:00,2026-10-07T08:00:00,00394502000144-1-012891/2026,https://cnetmobile.estaleiro.serpro.gov.br/comprasnet-web/public/compras/acompanhamento-compra?compra=72030506000732026,False,Dispensa Com Disputa,00394502000144
8,Dispensa de Licitação,Divulgada no PNCP,F,,160277,31 GRUPO DE ARTILHARIA DE CAMPANHA(ES)-RJ,RJ,Rio de Janeiro,"Processo de contratação na modalidade dispensa de licitação, para contratação de serviço de confecção de camisetas personalizadas.",1146.0,2026-10-02T08:00:00,2026-10-07T08:00:00,00394452000103-1-021404/2026,https://cnetmobile.estaleiro.serpro.gov.br/comprasnet-web/public/compras/acompanhamento-compra?compra=16027706000492026,False,Dispensa Com Disputa,00394452000103
8,Dispensa de Licitação,Divulgada no PNCP,F,,780000,COMANDO DE OPERACOES NAVAIS,RJ,Rio de Janeiro,"Contratação de empresa especializada para prestação de serviço no controle de acesso da porta de entrada no 7º andar, com fornecimento de material.",1170.0,2026-10-01T15:23:00,2026-10-07T08:00:00,00394502000144-1-012896/2026,https://cnetmobile.estaleiro.serpro.gov.br/comprasnet-web/public/compras/acompanhamento-compra?compra=78000006000872026,False,Dispensa Com Disputa,00394502000144
8,Dispensa de Licitação,Divulgada no PNCP,F,,791170,GRUPO AéREO NAVAL DE MANUTENçãO,RJ,São Pedro da Aldeia,"Aquisição de RABICHO FLEXIVEL ¹/² x ¹/² 50 CM, T DE 32x25MM SOLDÁVEL, FLANGE 25 MM (CX D'ÁGUA), FLANGE 50 MM (CX D'ÁGUA), T SOLDÁVEL 25MM, JOELHO 45° 25MM SOLDÁVEL, LUVA SOLDÁVEL 25MM e ADAPTADOR SOLDÁVEL ROSCA ³/4 x 25MM.",1797.6,2026-10-02T08:00:00,2026-10-07T08:00:00,00394502000144-1-012897/2026,https://cnetmobile.estaleiro.serpro.gov.br/comprasnet-web/public/compras/acompanhamento-compra?compra=79117006002252026,False,Dispensa Com Disputa,00394502000144
8,Dispensa de Licitação,Divulgada no PNCP,F,,780000,COMANDO DE OPERACOES NAVAIS,RJ,Rio de Janeiro,Aquisição de duas Bandeiras Institucionais (Bandeira nacional),230.0,2026-10-01T15:44:00,2026-10-07T08:00:00,00394502000144-1-012901/2026,https://cnetmobile.estaleiro.serpro.gov.br/comprasnet-web/public/compras/acompanhamento-compra?compra=78000006000722026,False,Dispensa Com Disputa,00394502000144
8,Dispensa de Licitação,Divulgada no PNCP,F,,713000,COMISSAO DE PROMOCOES DE OFICIAIS,RJ,Rio de Janeiro,MATERIAL PERMANENTE,3237.32,2026-10-01T16:30:00,2026-10-07T08:00:00,00394502000144-1-012903/2026,https://cnetmobile.estaleiro.serpro.gov.br/comprasnet-web/public/compras/acompanhamento-compra?compra=71300006001092026,False,Dispensa Com Disputa,00394502000144
8,Dispensa de Licitação,Divulgada no PNCP,F,,160278,5º CENTRO DE GEOINFORMAÇÃO,RJ,Rio de Janeiro,Aquisição de cera e copo descartável,973.8,2026-10-02T08:00:00,2026-10-07T08:00:00,00394452000103-1-021420/2026,https://cnetmobile.estaleiro.serpro.gov.br/comprasnet-web/public/compras/acompanhamento-compra?compra=16027806000322026,False,Dispensa Com Disputa,00394452000103
8,Dispensa de Licitação,Divulgada no PNCP,F,,158220,HOSPITAL ESCOLA SAO FRANCISCO DE ASSIS,RJ,Rio de Janeiro,"Contratação de serviços de controle de qualidade - Exame de Proficiência em laboratórios clínicos, com fornecimento de todos os itens necessários para a execução dos objetos contratados.",19586.64,2026-10-01T18:00:00,2026-10-07T08:00:00,33663683000116-1-000483/2026,https://cnetmobile.estaleiro.serpro.gov.br/comprasnet-web/public/compras/acompanhamento-compra?compra=15822006000162026,False,Dispensa Com Disputa,33663683000116
8,Dispensa de Licitação,Divulgada no PNCP,M,,986001,MRJ-PREFEITURA MUNICIPAL DO RIO DE JANEIRO,RJ,Rio de Janeiro,"Aquisição de kit tecnológico destinado à produção de conteúdo institucional pelo Setor de Comunicação e Marketing da Fundação Cidade das Artes, composto por 01 (um) smartphone Apple iPhone 17 Pro, com capacidade mínima de 512 GB, Carregador de parede e Estabilizador portátil motorizado para smartphone, conforme condições, quantidades e exigências estabelecidas neste Aviso de Dispensa Eletrônica, no Aviso de Contratação Direta publicado no PNCP e no Termo de Referência da contratação",13417.77,2026-10-02T08:00:00,2026-10-07T08:00:00,42498733000148-1-002004/2026,https://cnetmobile.estaleiro.serpro.gov.br/comprasnet-web/public/compras/acompanhamento-compra?compra=98600106017492026,False,Dispensa Com Disputa,42498733000148
8,Dispensa de Licitação,Divulgada no PNCP,F,,173030,MF-CVM-COMISSAO DE VALORES MOBILIARIOS/RJ,RJ,Rio de Janeiro,"Aquisição de TVs, suportes para TVs, acessórios para transmissão de vídeo com garantia para compor ambientes de videoconferência corporativa na Comissão de Valores Mobiliários.",10671.89,2026-10-02T09:00:00,2026-10-07T08:00:00,29507878000108-1-000027/2026,https://cnetmobile.estaleiro.serpro.gov.br/comprasnet-web/public/compras/acompanhamento-compra?compra=17303006001112026,False,Dispensa Com Disputa,29507878000108
8,Dispensa de Licitação,Divulgada no PNCP,F,,791540,BASE DE SUBMARINOS DA ILHA DA MADEIRA/RJ,RJ,Itaguaí,"A contratação compreenderá o fornecimento de kits escolares completos, constituídos pelos materiais especificados pela Administração, novos, de
primeiro uso, sem avarias e em perfeitas condições de utilização, devidamente acondicionados e organizados de forma a facilitar o recebimento, a
conferência e a posterior distribuição aos beneficiários.",14028.0,2026-10-02T08:00:00,2026-10-07T08:00:00,00394502000144-1-012913/2026,https://cnetmobile.estaleiro.serpro.gov.br/comprasnet-web/public/compras/acompanhamento-compra?compra=79154006000332026,False,Dispensa Com Disputa,00394502000144
8,Dispensa de Licitação,Divulgada no PNCP,F,,153147,INSTITUTO DE GINECOLOGIA DA UFRJ,RJ,Rio de Janeiro,Aquisição de materiais hospitalares para o atendimento aos pacientes do Instituto de Ginecologia,57655.0,2026-10-02T10:00:00,2026-10-07T08:00:00,33663683000116-1-000484/2026,https://cnetmobile.estaleiro.serpro.gov.br/comprasnet-web/public/compras/acompanhamento-compra?compra=15314706000952026,False,Dispensa Com Disputa,33663683000116
8,Dispensa de Licitação,Divulgada no PNCP,M,,925465,TRIBUNAL DE CONTAS DO MUNICIPIO DO RJ,RJ,Rio de Janeiro,"Aquisição de 500 (quinhentos) PINs comemorativos personalizados com a logomarca do
Programa Ciência & Gestão pela Educação – PCGE, para Tribunal de Contas do Município do Rio
de Janeiro/TCMRio",7485.0,2026-10-02T11:00:00,2026-10-07T08:00:00,27532498000190-1-000093/2026,https://cnetmobile.estaleiro.serpro.gov.br/comprasnet-web/public/compras/acompanhamento-compra?compra=92546506002152026,False,Dispensa Com Disputa,27532498000190
8,Dispensa de Licitação,Divulgada no PNCP,F,,160334,POLICLINICA MILITAR DO RIO DE JANEIRO/RJ,RJ,Rio de Janeiro,Aquisição de material de consumo para utilização pela equipe do setor de aprovisionamento.,6275.32,2026-10-02T10:30:00,2026-10-07T08:00:00,00394452000103-1-021465/2026,https://cnetmobile.estaleiro.serpro.gov.br/comprasnet-web/public/compras/acompanhamento-compra?compra=16033406001342026,False,Dispensa Com Disputa,00394452000103
8,Dispensa de Licitação,Divulgada no PNCP,F,,791612,FRAGATA DEFENSORA - MM,RJ,Niterói,"Forno combinado elétrico, conforme especificações constantes em Termo de Referência",58282.0,2026-10-02T11:41:00,2026-10-07T08:00:00,00394502000144-1-012923/2026,https://cnetmobile.estaleiro.serpro.gov.br/comprasnet-web/public/compras/acompanhamento-compra?compra=79161206000122026,False,Dispensa Com Disputa,00394502000144
8,Dispensa de Licitação,Divulgada no PNCP,F,,791612,FRAGATA DEFENSORA - MM,RJ,Niterói,"Aquisição de equipamentos industriais de cozinha para a Fragata Defensora, conforme condições e exigência estabelecidas no Termo de Referência.",55792.0,2026-10-02T11:57:00,2026-10-07T08:00:00,00394502000144-1-012924/2026,https://cnetmobile.estaleiro.serpro.gov.br/comprasnet-web/public/compras/acompanhamento-compra?compra=79161206000132026,False,Dispensa Com Disputa,00394502000144
8,Dispensa de Licitação,Divulgada no PNCP,F,,765708,POLICLíNICA NAVAL DE NITERóI,RJ,Niterói,"Contratação de empresa especializada para realização de serviço de recarga e manutenção de extintores, com teste Hidrostático e troca de peças danificadas (se necessário),
bem como testes hidrostáticos em mangueiras de combate a incêndio.",3971.66,2026-10-02T12:00:00,2026-10-07T08:00:00,00394502000144-1-012925/2026,https://cnetmobile.estaleiro.serpro.gov.br/comprasnet-web/public/compras/acompanhamento-compra?compra=76570806000582026,False,Dispensa Com Disputa,00394502000144
8,Dispensa de Licitação,Divulgada no PNCP,F,,160259,1 GRUPO DE ARTILHARIA ANTIAEREA/RJ,RJ,Rio de Janeiro,"Contratação do serviço de confecção de medalhas e barretas, conforme a 5º Edição do RUE e Portaria Nº 665 de 26 de Agosto de 1997",744.0,2026-10-02T16:10:00,2026-10-07T08:00:00,00394452000103-1-021499/2026,https://cnetmobile.estaleiro.serpro.gov.br/comprasnet-web/public/compras/acompanhamento-compra?compra=16025906000632026,False,Dispensa Com Disputa,00394452000103
8,Dispensa de Licitação,Divulgada no PNCP,F,,160279,57 BATALHAO DE INFANTARIA MOTORIZADO(ES)-RJ,RJ,Rio de Janeiro,"Aquisição de capas para colchão, com características impermeáveis e laváveis, destinadas a proteger o patrimônio mobiliário e assegurar condições adequadas de higiene e conforto aos usuários.",3496.0,2026-10-01T08:30:00,2026-10-07T08:30:00,00394452000103-1-021269/2026,https://cnetmobile.estaleiro.serpro.gov.br/comprasnet-web/public/compras/acompanhamento-compra?compra=16027906000462026,False,Dispensa Com Disputa,00394452000103
8,Dispensa de Licitação,Divulgada no PNCP,F,,160279,57 BATALHAO DE INFANTARIA MOTORIZADO(ES)-RJ,RJ,Rio de Janeiro,"Aquisição de capas para colchão, com características impermeáveis e laváveis, destinadas a proteger o patrimônio mobiliário e assegurar condições adequadas de higiene e conforto aos usuários.",3496.0,2026-10-01T08:30:00,2026-10-07T08:30:00,00394452000103-1-021295/2026,https://cnetmobile.estaleiro.serpro.gov.br/comprasnet-web/public/compras/acompanhamento-compra?compra=16027906000472026,False,Dispensa Com Disputa,00394452000103
8,Dispensa de Licitação,Divulgada no PNCP,M,,1206,FME-Barra Mansa,RJ,Barra Mansa,"AQUISIÇÃO DE MOBILIÁRIOS, EQUIPAMENTOS,  UTENSÍLIOS E MATERIAIS DESTINADOS À ESTRUTURAÇÃO E AO FUNCIONAMENTO DO  NOVO CEMEI BAIRRO BOA VISTA I",47608.21,2026-10-01T17:30:00,2026-10-07T08:30:00,45268662000185-1-000020/2026,,False,Dispensa Com Disputa,45268662000185
8,Dispensa de Licitação,Divulgada no PNCP,M,,1195,FMS Barra Mansa,RJ,Barra Mansa,PROCESSADOR PARA  COMPUTADOR DESKTOP LGA1200,40450.0,2026-10-01T17:30:00,2026-10-07T08:30:00,36507127000149-1-000213/2026,,False,Dispensa Com Disputa,36507127000149
6,Pregão - Eletrônico,Divulgada no PNCP,F,,250052,INSTITUTO NACIONAL DO CANCER - RJ,RJ,Rio de Janeiro,MAI - Trata-se de máscaras termoplásticas para imobilização dos pacientes submetidos à radioterapia de cabeça e pescoço e sistema nervoso central.,191045.25,2026-09-18T09:00:00,2026-10-07T08:59:00,00394544000185-1-002004/2026,https://cnetmobile.estaleiro.serpro.gov.br/comprasnet-web/public/compras/acompanhamento-compra?compra=25005205002202026,False,Aberto,00394544000185
6,Pregão - Eletrônico,Divulgada no PNCP,F,,250052,INSTITUTO NACIONAL DO CANCER - RJ,RJ,Rio de Janeiro,AQUISIÇÃO DE FIOS CIRÚRGICOS,140020.81,2026-09-21T09:00:00,2026-10-07T08:59:00,00394544000185-1-002025/2026,https://cnetmobile.estaleiro.serpro.gov.br/comprasnet-web/public/compras/acompanhamento-compra?compra=25005205008822026,True,Aberto,00394544000185
8,Dispensa de Licitação,Divulgada no PNCP,E,,096100,FUNDO ESPECIAL DA PROCURADORIA GERAL DO ERJ,RJ,Rio de Janeiro,"Aquisição de projetores portáteis para uso institucional na PGE-RJ, conforme condições, quantidades e exigências estabelecidas neste Termo de Referência e em conformidade com a legislação vigente.",43104.0,2026-10-01T09:00:00,2026-10-07T08:59:00,42498600000171-1-004201/2026,https://www.compras.rj.gov.br/EditaisLicitacoes/detalhar.action?idLic=37517,False,Dispensa Com Disputa,42498600000171
8,Dispensa de Licitação,Divulgada no PNCP,F,,765000,DIRETORIA DE SAUDE DA MARINHA,RJ,Rio de Janeiro,Aquisição de material para Copa/Cozinha,12709.0,2026-10-01T10:10:00,2026-10-07T08:59:00,00394502000144-1-012829/2026,https://cnetmobile.estaleiro.serpro.gov.br/comprasnet-web/public/compras/acompanhamento-compra?compra=76500006000582026,False,Dispensa Com Disputa,00394502000144
4,Concorrência - Eletrônica,Divulgada no PNCP,M,,928587,MRJ-CÂMARA MUNICIPAL DE PORTO REAL,RJ,Porto Real,CONTRATAÇÃO DE EMPRESA DE ENGENHARIA PARA A EXECUÇÃO DA 3ª ETAPA DE OBRAS DE CONSTRUÇÃO DA NOVA SEDE DESTE PARLAMENTO MUNICIPAL PARA ATENDER AS NECESSIDADES DA CMPR,2166536.53,2026-09-21T08:00:00,2026-10-07T09:00:00,01618408000194-1-000009/2026,https://bnccompras.com/Process/ProcessView?param1=[gkz]BkNDofBFFghCwRBPGo9YGS9NLgLnMx6pvyF40CyzbF8hTyN36Tw_ck0VCzET/iPp3cRTpQDH72QhNxUImdGkp1_NbY2cldOavDcfDgTLyno=,False,Aberto,01618408000194
6,Pregão - Eletrônico,Divulgada no PNCP,F,,120645,GRUPAMENTO DE APOIO DO GALEÃO,RJ,Rio de Janeiro,Contratação de serviço de manutenção de câmaras frigoríficas,7990206.0,2026-09-22T09:00:00,2026-10-07T09:00:00,00394429000100-1-001997/2026,https://cnetmobile.estaleiro.serpro.gov.br/comprasnet-web/public/compras/acompanhamento-compra?compra=12064505002062026,True,Aberto-Fechado,00394429000100
6,Pregão - Eletrônico,Divulgada no PNCP,M,,1527,MUNICÍPIO DE PORCIÚNCULA/RJ,RJ,Porciúncula,"[LICITANET] - AQUISIÇÃO DE EQUIPAMENTOS E MATERIAIS PERMANENTES DESTINADOS AS UNIDADES BÁSICAS DE SAÚDE, MÓDULO PSF RURAL SANTA CLARA-3º DISTRITO,  UBS DE FORTALEZA E MÓDULO PSF URBANO DE SANTA CLARA-3º DISTRITO, LOCALIZADO NA RUA JOÃO ANTONIO DA COSTA, CONFORME PROPOSTA N° 12097798000126002/2026, EMENDA PARLAMENTAR N°44350009",373594.0,2026-09-11T13:45:42,2026-10-07T09:00:00,28920999000106-1-000031/2026,https://licitanet.com.br/sessao/201042,False,Aberto,28920999000106
6,Pregão - Eletrônico,Divulgada no PNCP,M,,926850,FUNDO MUNICIPAL DE SAÚDE DE VOLTA REDONDA-RJ,RJ,Volta Redonda,Registro de preços para futura e eventual aquisição de fios cirúrgicos.,330747.6,2026-09-22T09:00:00,2026-10-07T09:00:00,39563911000162-1-000186/2026,https://cnetmobile.estaleiro.serpro.gov.br/comprasnet-web/public/compras/acompanhamento-compra?compra=92685005001182026,True,Aberto-Fechado,39563911000162
6,Pregão - Eletrônico,Divulgada no PNCP,M,,985833,PREFEITURA MUNICIPAL DE DUQUE DE CAXIAS -RJ,RJ,Duque de Caxias,"REGISTRO DE PREÇO PARA FUTURA E EVENTUAL AQUISIÇÃO DE AGULHA PARA INSULINA PARA USO EM TODA REDE MUNICIPAL, conforme especificações e quantidades estabelecidas no Termo de Referência no Edital e seus Anexos.",633600.0,2026-09-23T08:00:00,2026-10-07T09:00:00,29138328000150-1-000088/2026,https://cnetmobile.estaleiro.serpro.gov.br/comprasnet-web/public/compras/acompanhamento-compra?compra=98583305000582026,True,Aberto,29138328000150
6,Pregão - Eletrônico,Divulgada no PNCP,F,,120623,GRUPAMENTO DE APOIO DOS AFONSOS,RJ,Rio de Janeiro,"Cessão onerosa de uso de bem imóvel da União, localizado no campus da Universidade da Força Aérea (UNIFA), destinado à instalação e operação de agência ou posto de atendimento bancário.",12500.0,2026-09-23T09:00:00,2026-10-07T09:00:00,00394429000100-1-002454/2026,https://cnetmobile.estaleiro.serpro.gov.br/comprasnet-web/public/compras/acompanhamento-compra?compra=12062305002762026,False,Aberto-Fechado,00394429000100
6,Pregão - Eletrônico,Divulgada no PNCP,E,,296100,FUNDO ESTADUAL DE SAÚDE,RJ,Rio de Janeiro,COLCHÃO HOSPITALAR PNEUMÁTICO E COLCHÃO HOSPITALAR PIRAMIDAL CAIXA DE OVO.,0.0,2026-09-23T10:05:00,2026-10-07T09:00:00,42498600000171-1-004013/2026,https://www.compras.rj.gov.br/EditaisLicitacoes/detalhar.action?idLic=37466,True,Aberto,42498600000171
6,Pregão - Eletrônico,Divulgada no PNCP,M,,926850,FUNDO MUNICIPAL DE SAÚDE DE VOLTA REDONDA-RJ,RJ,Volta Redonda,"Aquisição de Bateria não Recarregável compatível com Desfibrilador Externo Automático (DEAs) e Eletrodos Multifunção adulto adesivos descartáveis, especificamente compatíveis com Desfibrilador Externo Automático (DEAs), Mindray BeneHeart.",2988.6,2026-09-24T09:00:00,2026-10-07T09:00:00,39563911000162-1-000191/2026,https://cnetmobile.estaleiro.serpro.gov.br/comprasnet-web/public/compras/acompanhamento-compra?compra=92685005001232026,False,Aberto-Fechado,39563911000162
6,Pregão - Eletrônico,Divulgada no PNCP,M,,985847,PREFEITURA MUNICIPAL DE MACAE - RJ,RJ,Macaé,"Contratação de empresa especializada para aquisição de cimento Portland, material clinker, tipo CP III, saco 50kg  para  manutenção dos logradouros públicos",563880.0,2026-09-24T08:00:00,2026-10-07T09:00:00,29115474000160-1-000638/2026,https://cnetmobile.estaleiro.serpro.gov.br/comprasnet-web/public/compras/acompanhamento-compra?compra=98584705006342026,True,Aberto,29115474000160
6,Pregão - Eletrônico,Divulgada no PNCP,M,,1.2011,Fundo Municipal de Meio Ambiente,RJ,Paracambi,"AQUISIÇÃO DE VEÍCULO TIPO PICAPE CONFORME CONDIÇÕES, QUANTIDADES E EXIGÊNCIAS ESTABELECIDAS NESTE EDITAL E SEUS ANEXOS. (REPUBLICAÇÃO APÓS SER FRACASSADO ANTERIORMENTE).",393733.34,2026-09-24T09:00:00,2026-10-07T09:00:00,13545368000187-1-000003/2026,https://bllcompras.com/Process/ProcessView?param1=[gkz]L3kZQqG3X8NP2VAehvqbmsq7/AbV3ErhIAAJlDW5RosbuhnsYma0mdwlG0sXWaIASyRFruvbajMJKk_x/wYxHyqCn0JX/Hh5NCQP9_LA/as=,False,Aberto-Fechado,13545368000187
6,Pregão - Eletrônico,Divulgada no PNCP,F,,765720,HOSPITAL NAVAL MARCILIO DIAS - MM,RJ,Rio de Janeiro,"Aquisição de Desumidificador de
ambiente, estabilizador 5kVA, seladora de tubos portátil e sensor para oxímetro de ambiente para o
Centro de Processamento Celular,",154292.98,2026-09-24T08:00:00,2026-10-07T09:00:00,00394502000144-1-012345/2026,https://cnetmobile.estaleiro.serpro.gov.br/comprasnet-web/public/compras/acompanhamento-compra?compra=76572005002852026,True,Aberto-Fechado,00394502000144
6,Pregão - Eletrônico,Divulgada no PNCP,F,,765706,SANATORIO NAVAL DE NOVA FRIBURGO,RJ,Nova Friburgo,Registro de Preços para Aquisição de peças para manutenção veículos automotores.,188398.97,2026-09-25T09:00:00,2026-10-07T09:00:00,00394502000144-1-012440/2026,https://cnetmobile.estaleiro.serpro.gov.br/comprasnet-web/public/compras/acompanhamento-compra?compra=76570605001132026,True,Aberto,00394502000144
6,Pregão - Eletrônico,Divulgada no PNCP,F,,120195,CENTRO DE AQUISIÇÕES ESPECIFICAS,RJ,Rio de Janeiro,"Aquisição via constituição de registro de preço, de padrões de referencia para a análise dos insumos e do produto final de 15 ,(quinze) lotes do medicamento Darunavir 600mg, 21 (vinte e um) lotes do medicamento Darunavir 800mg e 10 (dez) lotes de Isoniaziada 100mg e 4 (quatro) lotes de Iodeto de Potássio 130mg.",223545.96,2026-09-25T09:00:00,2026-10-07T09:00:00,00394429000100-1-000017/2027,https://cnetmobile.estaleiro.serpro.gov.br/comprasnet-web/public/compras/acompanhamento-compra?compra=12019505002132027,True,Aberto-Fechado,00394429000100
8,Dispensa de Licitação,Divulgada no PNCP,F,,160252,1º BATALHÃO DE ENGENHARIA DE COMBATE,RJ,Rio de Janeiro,"CONTRATAÇÃO DE EMPRESA ESPECIALIZADA EM DISPONIBILIZAÇÃO DE SERVIÇOS DE INTERNET PARA A UNIDADE 1º BE CMB E PONTOS REMOTOS QUE O BATALHÃO VENHA NECESSITAR DE INTERNET, POR COMODATO.",65111.02,2026-10-01T09:00:00,2026-10-07T09:00:00,00394452000103-1-021283/2026,https://cnetmobile.estaleiro.serpro.gov.br/comprasnet-web/public/compras/acompanhamento-compra?compra=16025206000642026,False,Dispensa Com Disputa,00394452000103
8,Dispensa de Licitação,Divulgada no PNCP,M,,927761,SERVIÇO AUTONOMO HOSPITALAR DE VOLTA REDONDA,RJ,Volta Redonda,AQUISIÇÃO DE EQUIPAMENTO DE COMBATE A INCÊNDIO,4170.4,2026-10-01T09:00:00,2026-10-07T09:00:00,29063294000182-1-000310/2026,https://cnetmobile.estaleiro.serpro.gov.br/comprasnet-web/public/compras/acompanhamento-compra?compra=92776106002662026,False,Dispensa Com Disputa,29063294000182
8,Dispensa de Licitação,Divulgada no PNCP,F,,791604,NAVIO VELEIRO CISNE BRANCO,RJ,Niterói,"BATERIA AUTOMOTIVA, TIPO: SELADA, LIVRE DE MANUTENÇÃO, SISTEMA ELETROQUÍMICO: CHUMBOÁCIDO, TENSÃO NOMINAL: 12 V, CAPACIDADE NOMINAL: 220 AH (TAXA C20), CORRENTE DE PARTIDA A FRIO (CCA): MÍNIMO 1.150 A A -18 °C, TERMINAIS: CÔNICOS.",3462.2,2026-10-01T13:00:00,2026-10-07T09:00:00,00394502000144-1-012780/2026,https://cnetmobile.estaleiro.serpro.gov.br/comprasnet-web/public/compras/acompanhamento-compra?compra=79160406000212026,False,Dispensa Com Disputa,00394502000144
8,Dispensa de Licitação,Divulgada no PNCP,M,,2076,MUNICIPIO DE CACHOEIRAS DE MACACU - RJ,RJ,Cachoeiras de Macacu,"[LICITANET] - CONTRATAÇÃO DE SERVIÇO DE PORTABILIDADE DE LINHA TELEFÔNICA OI E IMPLEMENTAÇÃO DE SISTEMA VOIP/PABX IP INTEGRADO ÀS 02 (DUAS) LINHAS E 02 (DOIS) RAMAIS IP PARA O CONSELHO MUNICIPAL DOS DIREITOS DA CRIANÇA E DO ADOLESCENTE DE CACHOEIRAS DE MACACU E CONSELHO TUTELAR DE CACHOEIRAS DE MACACU, COM 300 MINUTOS DE TELEFONIA FIXA E 150 MINUTOS PARA TELEFONIA MÓVEL, PELO PERÍODO DE 12 (DOZE) MESES.",5580.0,2026-10-01T10:54:20,2026-10-07T09:00:00,29128766000138-1-000027/2026,https://licitanet.com.br/sessao/203483,False,Dispensa Com Disputa,29128766000138
8,Dispensa de Licitação,Divulgada no PNCP,F,,765705,UNIDADE INTEGRADA DE SAUDE MENTAL,RJ,Rio de Janeiro,Aquisição de mobiliário para o nucleo de segurança do paciente,724.0,2026-10-02T09:00:00,2026-10-07T09:00:00,00394502000144-1-012900/2026,https://cnetmobile.estaleiro.serpro.gov.br/comprasnet-web/public/compras/acompanhamento-compra?compra=76570506001402026,False,Dispensa Com Disputa,00394502000144
8,Dispensa de Licitação,Divulgada no PNCP,M,,985805,PREFEITURA MUNICIPAL DE BARRA DO PIRAI - RJ,RJ,Barra do Piraí,"Aquisição de material permanente, eletrodomésticos e aparelhos celulares para atender às demandas do Projeto de Empreendedorismo Feminino, dos equipamentos vinculados ao Fundo Municipal de Assistência Social (FMAS), do Centro POP, CREAS e Programa Bolsa Família do Município de Barra do Piraí.",54441.19,2026-10-02T10:00:00,2026-10-07T09:00:00,28576080000147-1-000192/2026,https://cnetmobile.estaleiro.serpro.gov.br/comprasnet-web/public/compras/acompanhamento-compra?compra=98580506000202026,False,Dispensa Com Disputa,28576080000147
6,Pregão - Eletrônico,Divulgada no PNCP,E,,520100,Secretaria de Estado de Policia Civil,RJ,Rio de Janeiro,"contratação de empresa para fornecimento contínuo de Pós e Pincéis especiais utilizados na revelação de impressões digitais latentes, para o atendimento das atividades laboratoriais do Instituto Félix Pacheco (IIFP) e PRPTCs (Postos Regionais de Polícia Técnico- Científica), vinculados ao Departamento Geral de Polícia Técnico Científico (DGPTC) da Secretaria de Estado de Polícia Civil (SEPOL).",697956.91,2026-09-24T09:00:00,2026-10-07T09:30:00,42498600000171-1-003805/2026,https://www.compras.rj.gov.br/EditaisLicitacoes/detalhar.action?idLic=37379,False,Aberto,42498600000171
6,Pregão - Eletrônico,Divulgada no PNCP,M,,1,PREFEITURA MUNICIPAL DE SÃO JOSÉ DO VALE DO RIO PRETO - RJ,RJ,São José do Vale do Rio Preto,"AQUISIÇÃO DE QUIPAMENTOS PERMANENTES, MATERIAIS HOSPITALARES E MOBILIÁRIO ASSISTENCIAL",1236106.69,2026-09-18T15:00:00,2026-10-07T09:30:00,32001836000105-1-000219/2026,https://bllcompras.com/Process/ProcessView?param1=[gkz]FbgB_chqqMXjG7T4BXwH3Ufm/09leRshmlN_X5_iCIpN7CBll6rZwZQyJxzASDdlYUmg4FbGdSGzqLKK2obJRcq8LwaiSgars1DoR7OckRE=,True,Aberto,32001836000105
6,Pregão - Eletrônico,Divulgada no PNCP,F,,160298,COMANDO DA 1 REGIAO MILITAR/RJ,RJ,Rio de Janeiro,Aquisição de Gêneros Alimentícios - Quantitativo de Subsistência (QS) - Açúcar.,825030.0,2026-09-24T08:30:00,2026-10-07T09:30:00,00394452000103-1-020810/2026,https://cnetmobile.estaleiro.serpro.gov.br/comprasnet-web/public/compras/acompanhamento-compra?compra=16029805001132026,True,Aberto-Fechado,00394452000103
6,Pregão - Eletrônico,Divulgada no PNCP,F,,740014,CENTRO LOGISTICO DO MATERIAL DA MARINHA,RJ,Rio de Janeiro,Aquisição de Sistema de Separador de Água e Óleo.,655729.12,2026-09-24T09:30:00,2026-10-07T09:30:00,00394502000144-1-012351/2026,https://cnetmobile.estaleiro.serpro.gov.br/comprasnet-web/public/compras/acompanhamento-compra?compra=74001405001942026,False,Aberto-Fechado,00394502000144
6,Pregão - Eletrônico,Divulgada no PNCP,F,,791010,CENTRO DE INTENDENCIA DA MARINHA NITEROI,RJ,Niterói,Eventual Aquisição de Aparelho de Respiração Autônoma Completo,550417.6,2026-09-25T09:30:00,2026-10-07T09:30:00,00394502000144-1-012438/2026,https://cnetmobile.estaleiro.serpro.gov.br/comprasnet-web/public/compras/acompanhamento-compra?compra=79101005003112026,True,Aberto,00394502000144
6,Pregão - Eletrônico,Divulgada no PNCP,F,,791181,CENT.INTEND.DA MARINHA EM S.PEDRO DA ALDEIA,RJ,São Pedro da Aldeia,"Pregão Eletrônico nº 90014/2026, do Centro de Intendência da Marinha em São Pedro da Aldeia, cujo objeto é o registro de
preços para Aquisição de Gêneros Alimentícios Refrigerados.",5090561.1,2026-09-25T09:30:00,2026-10-07T09:30:00,00394502000144-1-012441/2026,https://cnetmobile.estaleiro.serpro.gov.br/comprasnet-web/public/compras/acompanhamento-compra?compra=79118105001362026,True,Aberto-Fechado,00394502000144
6,Pregão - Eletrônico,Suspensa,M,,2497,FMAS-FUNDO MUNICIPAL DE ASSISTÊNCIA SOCIAL DE BOM JARDIM/RJ,RJ,Bom Jardim,"[LICITANET] - Contratação de serviços especializados de limpeza predial e  recepção com disponibilização de mão de obra e fornecimento de todos os materiais e equipamentos necessários, visando atender à demanda da Secretaria Municipal de Assistência social.",794025.12,2026-09-18T14:09:49,2026-10-07T09:31:00,03802344000102-1-000008/2025,https://licitanet.com.br/sessao/202056,False,Aberto,03802344000102
4,Concorrência - Eletrônica,Suspensa,M,,985921,PREFEITURA MUNICIPAL DE VALENCA - RJ,RJ,Valença," Execução de Pavimentação, Sinalização e Drenagem Superficial em Diversas Ruas no Município de Valença - RJ, ",11650034.66,2026-09-01T08:00:00,2026-10-07T09:59:00,29076130000190-1-000262/2026,https://cnetmobile.estaleiro.serpro.gov.br/comprasnet-web/public/compras/acompanhamento-compra?compra=98592103001982026,False,Aberto-Fechado,29076130000190
4,Concorrência - Eletrônica,Suspensa,M,,546,Prefeitura Municipal de Itaguaí - RJ,RJ,Itaguaí,"CONTRATAÇÃO DE EMPRESA ESPECIALIZADA PARA CONSTRUÇÃO DE CRECHE TIPO  2 – NOVO PAC – PARQUE PRIMAVERA, MUNICÍPIO DE ITAGUAI/RJ, com fornecimento de mão de obra, materiais, insumos, ferramentas e equipamentos necessários para execução do objeto, a ser gerenciado pela Secretaria Municipal de  Obras e Urbanismo",4812726.9,2026-09-23T08:00:00,2026-10-07T09:59:00,29138302000102-1-000232/2026,,False,Aberto,29138302000102
6,Pregão - Eletrônico,Divulgada no PNCP,M,,1,PREFEITURA MUNICIPAL DE SÃO FRANCISCO DE ITABAPOANA,RJ,São Francisco de Itabapoana,"REGISTRO DE PREÇOS, VISANDO A FUTURA E EVENTUAL CONTRATAÇÃO DE EMPRESA PARA SERVIÇO DE DIGITALIZAÇÃO DE DOCUMENTOS.",930000.0,2026-09-16T10:30:00,2026-10-07T09:59:00,01623783000122-1-000083/2026,https://bnccompras.com/Process/ProcessView?param1=[gkz]m1o1VpLTKO0NdgSxNOzbjh1MV5pB4AGjztmgQ3623p2u8hr/yIEs/t1QQmsmxauffJjSog7RQmtROaAon/fVGkRqaeGVRgfatksU0jeh1L8=,True,Aberto,01623783000122
6,Pregão - Eletrônico,Divulgada no PNCP,F,,254488,CASA DE OSWALDO CRUZ,RJ,Rio de Janeiro,"Contratação de serviços contínuo de engenharia para manutenção predial a serem  executados com regime de dedicação exclusiva de mão de obra, conforme definições previstas no termo de referência, pelo período de 24 (vinte e quatro) meses.",26128379.86,2026-09-29T09:00:00,2026-10-07T09:59:00,33781055000135-1-001646/2026,https://cnetmobile.estaleiro.serpro.gov.br/comprasnet-web/public/compras/acompanhamento-compra?compra=25448805000242026,False,Aberto,33781055000135
6,Pregão - Eletrônico,Suspensa,M,,546,Prefeitura Municipal de Itaguaí - RJ,RJ,Itaguaí,"
Registro de Preços para a CONTRATAÇÃO DE SERVIÇOS TÉCNICOS CONTINUADOS DE VÍDEO MONITORAMENTO COM CÂMERAS DE CAPTURA DE IMAGENS SOBRE REDE IP, COMPREENDENDO A DISPONIBILIZAÇÃO DOS EQUIPAMENTOS, INSTALAÇÃO, TREINAMENTO E SERVIÇOS DE MANUTENÇÃO (PREVENTIVA E CORRETIVA) E SUPORTE TÉCNICO NA MODALIDADE 24X7 (VINTE E QUATRO HORAS POR DIA E SETE DIAS POR SEMANA), TANTO PARA A CENTRAL DE OPERAÇÕES, QUANTO PARA OS PONTOS DE VÍDEO MONITORAMENTO A SEREM IMPLANTADOS NAS VIAS PÚBLICAS DO MUNICÍPIO DE ITAGU",27322005.66,2026-09-23T08:00:00,2026-10-07T09:59:00,29138302000102-1-000233/2026,,True,Aberto,29138302000102
6,Pregão - Eletrônico,Divulgada no PNCP,M,,986001,MRJ-PREFEITURA MUNICIPAL DO RIO DE JANEIRO,RJ,Rio de Janeiro,"Saponáceo Cremoso que assegure a limpeza de sujidades de difícil remoção sem arranhões, sendo de fácil manuseio e aplicável por qualquer pessoa. Características Físico-Químicas - Estado Físico: líquido viscoso/cremoso com ação abrasiva - pH: 7,5 – 10,5 ",0.0,2026-09-25T09:00:00,2026-10-07T09:59:00,42498733000148-1-001937/2026,https://cnetmobile.estaleiro.serpro.gov.br/comprasnet-web/public/compras/acompanhamento-compra?compra=98600105016722026,False,Aberto,42498733000148
4,Concorrência - Eletrônica,Divulgada no PNCP,M,,000000001,PREFEITURA MUNICIPAL DE ITATIAIA,RJ,Itatiaia,CONTRATAÇÃO DE SERVIÇO ESPECIALIZADO SOB O REGIME DE CONTRATAÇÃO SEMI-INTEGRADA PARA ELABORAÇÃO DE PROJETOS EXECUTIVOS DE RESTAURAÇÃO E EXECUÇÃO DE OBRA DE RESTAURAÇÃO E AMPLIAÇÃO DA CAPELA DE NOSSO SENHOR DOS PASSOS LOCALIZADO NO BAIRRO CENTRO DO MUNICÍPIO DE ITATIAIA - RJ.,1017295.74,2026-08-19T08:00:00,2026-10-07T10:00:00,31846892000170-1-000055/2026,https://bnccompras.com/Process/ProcessView?param1=[gkz]jVqEsKDtvizeWjxpZ1zSLl0rQImBDzPZkBq4ZQFDP3VY9iF1FW4oYNf3KzgbHk_BZK0o0u9QmJy2CoqdSPZjUIIg5qLsH76gVr9QuaBbHQQ=,False,Fechado,31846892000170
4,Concorrência - Eletrônica,Divulgada no PNCP,F,,254446,INSTITUTO DE TECNOLOGIA EM FARMACOS,RJ,Rio de Janeiro,Tanques para armazenamento de álcool para a produção - VDGI,3064423.85,2026-08-26T08:00:00,2026-10-07T10:00:00,33781055000135-1-001452/2026,https://cnetmobile.estaleiro.serpro.gov.br/comprasnet-web/public/compras/acompanhamento-compra?compra=25444603000492026,False,Aberto-Fechado,33781055000135
6,Pregão - Eletrônico,Suspensa,F,,254462,DIRETORIA DE ADMINISTRAçãO DO CAMPUS-FIOCRUZ,RJ,Rio de Janeiro,"Contratação de empresa especializada para realizar serv Continuados de Engenharia, referente à Operação, Manuten Preventiva, Preditiva Corretiva, Sistemas de Ar Condic, Aquecimento, Ventilação Mecânica (insuflação e exaustão) e Refrigeração através da utilização de PMOC nos campi da FIOCRUZ, incluindo o fornecimento de mão de obra, peças, ferramentas, EPI’s, EPC’s, materiais consumíveis, serv eventuais e todos os demais itens necessários periodo 24 meses.",98368519.61,2026-09-23T08:00:00,2026-10-07T10:00:00,33781055000135-1-000516/2026,https://cnetmobile.estaleiro.serpro.gov.br/comprasnet-web/public/landing?destino=acompanhamento-compra&compra=25446205900032026,False,Aberto,33781055000135
6,Pregão - Eletrônico,Divulgada no PNCP,F,,179083,CASA DA MOEDA DO BRASIL/MF,RJ,Rio de Janeiro,FILME PLASTICO,0.0,2026-09-21T16:00:00,2026-10-07T10:00:00,34164319000174-1-000164/2026,https://cnetmobile.estaleiro.serpro.gov.br/comprasnet-web/public/compras/acompanhamento-compra?compra=17908305001262026,False,Aberto,34164319000174
6,Pregão - Eletrônico,Suspensa,M,,926938,MRJ-PREFEITURA MUNICIPAL DE VASSOURAS,RJ,Vassouras,Contratação de serviços de transporte escolar em área urbana e rural dos estudantes do Município de Vassouras do ensino fundamental e da educação infantil das escolas e creches do Município.,3944248.72,2026-09-18T08:00:00,2026-10-07T10:00:00,32412819000152-1-000057/2026,https://cnetmobile.estaleiro.serpro.gov.br/comprasnet-web/public/compras/acompanhamento-compra?compra=92693805000072026,False,Aberto,32412819000152
6,Pregão - Eletrônico,Divulgada no PNCP,F,,495130,MRJ-COMPANHIA DE PESQUISA D RECURSOS MINERAIS,RJ,Rio de Janeiro,"Registro de Preços para prestação futura por empresa especializada de serviços de roçagem e poda de árvores, incluindo mão de obra, materiais e equipamentos, inclusive EPI e EPC, a interesse da Superintendência Regional de Salvador, nos endereços de Superintendência Regional de Salvador do SGB/CPRM.",20719.2,2026-09-16T08:00:00,2026-10-07T10:00:00,00091652000189-1-000317/2026,https://cnetmobile.estaleiro.serpro.gov.br/comprasnet-web/public/compras/acompanhamento-compra?compra=49513005000922026,True,Aberto,00091652000189
6,Pregão - Eletrônico,Divulgada no PNCP,M,,929116,FUNDAÇÃO MUNICIPAL DE SAÚDE DE SAO GONÇALO,RJ,São Gonçalo,Aquisição de Material para  abastecimento da rede de Laboratórios.,40166224.38,2026-09-23T10:00:00,2026-10-07T10:00:00,39260120000163-1-000028/2026,https://cnetmobile.estaleiro.serpro.gov.br/comprasnet-web/public/compras/acompanhamento-compra?compra=92911605000142026,True,Aberto,39260120000163
6,Pregão - Eletrônico,Divulgada no PNCP,M,,980788,PREFEITURA MUNICIPAL DE TANGUA - RJ,RJ,Tanguá,"Registro de preços, pelo prazo de 12 (doze) meses, para futura e eventual contratação de empresa especializada para aquisição material de limpeza, conforme condições e exigências estabelecidas neste instrumento. (Com itens exclusivos para MEI/ME/EPP)",2604515.55,2026-09-22T08:00:00,2026-10-07T10:00:00,01612089000100-1-000148/2026,https://cnetmobile.estaleiro.serpro.gov.br/comprasnet-web/public/compras/acompanhamento-compra?compra=98078805000492026,True,Aberto,01612089000100
6,Pregão - Eletrônico,Divulgada no PNCP,M,,986001,MRJ-PREFEITURA MUNICIPAL DO RIO DE JANEIRO,RJ,Rio de Janeiro,"Prestação de serviços de contabilidade para apoio às atividades de gestão de recursos humanos com ênfase nos lançamentos de vínculos empregatícios, contribuições previdenciárias, folhas de pagamento, acidentes de trabalho, avisos prévios, escriturações fiscais, além de informações sobre o FGTS dos empregados da Companhia nos sistemas da Prefeitura, eventos do e-Social (sistema contratado) e DCTF-Web, pelo período de 24 (vinte e quatro) meses.",0.0,2026-09-22T08:00:00,2026-10-07T10:00:00,42498733000148-1-001908/2026,https://cnetmobile.estaleiro.serpro.gov.br/comprasnet-web/public/compras/acompanhamento-compra?compra=98600105016472026,False,Aberto-Fechado,42498733000148
6,Pregão - Eletrônico,Divulgada no PNCP,M,,985867,PREFEITURA MUNICIPAL DE NOVA FRIBURGO - RJ,RJ,Nova Friburgo,"REGISTRO DE PREÇOS para futura e eventual contratação de EMPRESA ESPECIALIZADA PARA OS SERVIÇOS DE LOCAÇÃO DE GRUPO GERADOR, para atender as necessidades da Secretaria Municipal de Turismo e Secretaria Municipal de Cultura, pelo período de 1 (um) ano.",661116.74,2026-09-22T08:00:00,2026-10-07T10:00:00,28606630000123-1-000120/2026,https://cnetmobile.estaleiro.serpro.gov.br/comprasnet-web/public/compras/acompanhamento-compra?compra=98586705000742026,True,Aberto,28606630000123
6,Pregão - Eletrônico,Divulgada no PNCP,F,,152005,MEC-INES-INST.NAC.DE EDUCACAO DE SURDOS/RJ,RJ,Rio de Janeiro,"Contratação de serviços contínuos de IMPRESSÃO GRAFICA, a serem executados com regime sem dedicação exclusiva de mão de obra para atender ao DDHCT/INES.",716874.0,2026-09-23T08:00:00,2026-10-07T10:00:00,00394445000101-1-000239/2026,https://cnetmobile.estaleiro.serpro.gov.br/comprasnet-web/public/compras/acompanhamento-compra?compra=15200505000272026,False,Aberto,00394445000101
6,Pregão - Eletrônico,Divulgada no PNCP,M,,986001,MRJ-PREFEITURA MUNICIPAL DO RIO DE JANEIRO,RJ,Rio de Janeiro,"O objeto da presente licitação é o Registro de Preços para Prestação de Serviços de Conserto, Reparo, Recondicionamento e Recuperação de Freio, Motor, Refrigeração e Suspensão para Veículos de Chassi Mercedes Benz O500 e 457- A, por meio de peças remanufaturadas, para Manutenção Preventiva e Corretiva da Frota de Articulados Operados pela Mobi-Rio",0.0,2026-09-23T08:00:00,2026-10-07T10:00:00,42498733000148-1-001916/2026,https://cnetmobile.estaleiro.serpro.gov.br/comprasnet-web/public/compras/acompanhamento-compra?compra=98600105016492026,True,Aberto-Fechado,42498733000148
6,Pregão - Eletrônico,Divulgada no PNCP,M,,192,MUNICÍPIO DE CAMPOS DOS GOYTACAZES/RJ,RJ,Campos dos Goytacazes,"[LICITANET] - Registro de Preços para a Futura e Eventual aquisição de Materiais e Produtos de Itens Fracassados: Carrinho Aspirador do Pregão n° 015/2026 (Processo n° 2026.226.000011-P-PR) e Cloro Granulado do Pregão n° 014/2026 (Processo n° 2026.226.000012-7-PR), visando à Manutenção e Conservação de Piscinas das Unidades da Prefeitura Municipal de Campos dos Goytacazes/RJ.",0.0,2026-09-22T16:20:24,2026-10-07T10:00:00,29116894000161-1-000056/2026,https://licitanet.com.br/sessao/202443,True,Aberto,29116894000161
6,Pregão - Eletrônico,Divulgada no PNCP,F,,160317,ESCOLA DE INSTRUCAO ESPECIALIZADA/RJ,RJ,Rio de Janeiro,"Contratação de empresa especializada para a prestação de serviços continuados de coleta, transporte, tratamento, quando aplicável, e destinação final ambientalmente adequada de resíduos sólidos gerados nas dependências da Escola de Instrução Especializada – EsIE, inclusive aqueles provenientes das atividades e instalações do 1º Batalhão de Defesa Química, Biológica, Radiológica e Nuclear – 1º Btl DQBRN",114652.7,2026-09-23T10:00:00,2026-10-07T10:00:00,00394452000103-1-020672/2026,https://cnetmobile.estaleiro.serpro.gov.br/comprasnet-web/public/compras/acompanhamento-compra?compra=16031705000172026,False,Aberto-Fechado,00394452000103
6,Pregão - Eletrônico,Suspensa,F,,170114,SUPERINTENDENCIA REG ADMINISTRAçãO DO MGI-RJ,RJ,Rio de Janeiro," Contratação de serviços contínuos de engenharia para manutenção predial preventiva e corretiva, a serem executados com regime de dedicação exclusiva de mão de obra, incluindo fornecimento de materiais, insumos e execução de serviços sob demanda, abrangendo sistemas elétricos, hidrossanitários, combate a incêndio, SPDA, cabeamento estruturado, climatização, obras civis e demais instalações prediais, utilizados pela Superintendência Regional de Administração do Ministério da Gestão e da Inovação em Serviços Públicos no Estado do Rio de Janeiro - SRA-MGI/RJ,",24102985.2,2026-09-23T08:00:00,2026-10-07T10:00:00,00489828000155-1-000536/2026,https://cnetmobile.estaleiro.serpro.gov.br/comprasnet-web/public/compras/acompanhamento-compra?compra=17011405000122026,False,Aberto-Fechado,00489828000155
6,Pregão - Eletrônico,Divulgada no PNCP,F,,250057,INSTITUTO NACIONAL DE TRAUMATO-ORTOPEDIA,RJ,Rio de Janeiro,"REGISTRO DE PREÇOS PARA AQUISIÇÃO DE MEDICAMENTOS PADRONIZADOS (SELANTES E OUTROS), POR REPETIÇÃO",337465.96,2026-09-23T10:00:00,2026-10-07T10:00:00,00394544000185-1-003220/2025,https://cnetmobile.estaleiro.serpro.gov.br/comprasnet-web/public/compras/acompanhamento-compra?compra=25005705000152025,True,Aberto-Fechado,00394544000185
6,Pregão - Eletrônico,Divulgada no PNCP,E,,296100,FUNDO ESTADUAL DE SAÚDE,RJ,Rio de Janeiro,"Aquisição de medicamentos CETOROLACO DE TROMETAMINA 10MG COMPRIMIDO SUBLINGUAL através do Pregão Eletrônico para Registro de Preços, visando suprir as necessidades da Assessoria de Mandados Judiciais da Secretaria de Estado de Saúde do Rio de Janeiro, de acordo com as condições e especificações constantes neste Termo de Referência e no Edital, sob a égide da Lei n° 14.133/2021.

",0.0,2026-09-23T09:40:00,2026-10-07T10:00:00,42498600000171-1-004010/2026,https://www.compras.rj.gov.br/EditaisLicitacoes/detalhar.action?idLic=37463,True,Aberto,42498600000171
6,Pregão - Eletrônico,Divulgada no PNCP,E,,296100,FUNDO ESTADUAL DE SAÚDE,RJ,Rio de Janeiro,"O presente termo de referência tem por objetivo estabelecer as condições para fornecimento do(s) medicamento(s) ODEVIXIBATE SESQUI-HIDRATADO 1.200 MCG CÁPSULA DURA através do Pregão Eletrônico para Registro de Preços, visando suprir as necessidades da Assessoria de Mandados Judiciais da Secretaria de Estado de Saúde do Rio de Janeiro, de acordo com as condições e especificações constantes neste Termo de Referência e no Edital, sob a égide da Lei n° 14.133/2021.",0.0,2026-09-23T10:00:00,2026-10-07T10:00:00,42498600000171-1-004012/2026,https://www.compras.rj.gov.br/EditaisLicitacoes/detalhar.action?idLic=37465,True,Aberto,42498600000171
6,Pregão - Eletrônico,Divulgada no PNCP,E,,296100,FUNDO ESTADUAL DE SAÚDE,RJ,Rio de Janeiro,"14 (catorze) capacetes de voo, equipamento de proteção individual (EPI)

",0.0,2026-09-23T10:10:00,2026-10-07T10:00:00,42498600000171-1-004014/2026,https://www.compras.rj.gov.br/EditaisLicitacoes/detalhar.action?idLic=37467,False,Aberto,42498600000171
6,Pregão - Eletrônico,Divulgada no PNCP,M,,986001,MRJ-PREFEITURA MUNICIPAL DO RIO DE JANEIRO,RJ,Rio de Janeiro,AQUISIÇÃO DE BARRACAS COM LONAS,4320000.0,2026-09-24T08:59:00,2026-10-07T10:00:00,42498733000148-1-001929/2026,https://cnetmobile.estaleiro.serpro.gov.br/comprasnet-web/public/compras/acompanhamento-compra?compra=98600105015472026,True,Aberto-Fechado,42498733000148
6,Pregão - Eletrônico,Divulgada no PNCP,M,,986001,MRJ-PREFEITURA MUNICIPAL DO RIO DE JANEIRO,RJ,Rio de Janeiro,REGISTRO DE PREÇOS para FUTURA E EVENTUAL AQUISIÇÃO DE LANCHES PRONTOS ÚMIDOS E SECOS PARA A GUARDA MUNICIPAL DO RIO DE JANEIRO DURANTE O PERÍODO DE 12 (DOZE) MESES,1081818.0,2026-09-24T08:00:00,2026-10-07T10:00:00,42498733000148-1-001934/2026,https://cnetmobile.estaleiro.serpro.gov.br/comprasnet-web/public/compras/acompanhamento-compra?compra=98600105016652026,False,Aberto-Fechado,42498733000148
6,Pregão - Eletrônico,Divulgada no PNCP,M,,1467,MUNICÍPIO DE SÃO JOÃO DA BARRA/RJ,RJ,São João da Barra,"[LICITANET] - REGISTRO DE PREÇOS PARA FUTURA E EVENTUAL AQUISIÇÃO DE ÁGUA MINERAL E GARRAFÃO RETORNÁVEL PARA ATENDER AS DEMANDAS ORIUNDAS DAS SECRETARIAS MUNICIPAIS QUE COMPÕE O QUADRO ADMINISTRATIVO DA PREFEITURA DE SÃO JOÃO DA BARRA, PELO PERÍODO DE 12 (DOZE) MESES, conforme condições, quantidades e exigências estabelecidas neste edital e seus anexos.",0.0,2026-09-24T16:35:10,2026-10-07T10:00:00,29116902000170-1-000045/2026,https://licitanet.com.br/sessao/202561,True,Aberto,29116902000170
6,Pregão - Eletrônico,Divulgada no PNCP,M,,5478,Fundo Municipal de Saude,RJ,Conceição de Macabu,"[Portal de Compras Públicas] - Futura e eventual contratação de empresa para fornecimento de refeições prontas tipo “marmitex”, destinadas aos usuários Centro de Atenção Psicossocial (CAPS), para atender as demandas da Secretaria Municipal de Saúde, durante o período de 12 (doze) meses.",391481.4,2026-09-25T10:00:00,2026-10-07T10:00:00,29115466000114-1-000147/2026,https://www.portaldecompraspublicas.com.br/processos/RJ/Prefeitura-Municipal-de-Conceicao-de-Macabu-2900/RPE-050-2026-2026-513953,True,Aberto,29115466000114
6,Pregão - Eletrônico,Divulgada no PNCP,F,,254492,INSTITUTO DE PESQUISAS EVANDRO CHAGAS - IPEC,RJ,Rio de Janeiro,Aquisição de material laboratorial (G1),0.0,2026-09-25T08:00:00,2026-10-07T10:00:00,33781055000135-1-001669/2026,https://cnetmobile.estaleiro.serpro.gov.br/comprasnet-web/public/compras/acompanhamento-compra?compra=25449205000732026,True,Aberto-Fechado,33781055000135
6,Pregão - Eletrônico,Divulgada no PNCP,F,,250103,HOSPITAL GERAL DE IPANEMA,RJ,Rio de Janeiro,"Aquisição de materiais de consumo reesterelizavel para suprir as demandas da clinica de Urologia , nas cirurgias videolaparoscópicas e de ureterorreno.",335323.0,2026-09-25T08:00:00,2026-10-07T10:00:00,00394544000185-1-000029/2027,https://cnetmobile.estaleiro.serpro.gov.br/comprasnet-web/public/compras/acompanhamento-compra?compra=25010305001672027,True,Aberto-Fechado,00394544000185
6,Pregão - Eletrônico,Divulgada no PNCP,F,,160296,COMANDO BRIGADA INFANTARIA PARAQUEDISTA/RJ,RJ,Rio de Janeiro,Material de expediente para atender às necessidades da Brigada de Infantaria Pára-quedista.,998462.19,2026-09-25T08:00:00,2026-10-07T10:00:00,00394452000103-1-020941/2026,https://cnetmobile.estaleiro.serpro.gov.br/comprasnet-web/public/compras/acompanhamento-compra?compra=16029605000612026,True,Aberto-Fechado,00394452000103
6,Pregão - Eletrônico,Divulgada no PNCP,F,,113602,INST.PESQUISA ECONOMICA APLICADA/RJ,RJ,Rio de Janeiro,"Aquisição de baterias internas para 01 equipamento de nobreak ATA UPS modular 60kVA, com banco de baterias, modelo Hipower RM 60k, que atualmente atende os equipamentos de TIC, instalados na sala do Centro de Processamento de Dados (CPD) do IPEA/RJ, situado à Avenida Presidente Vargas Nº 730, 16º andar, no Edifício do Banco Central, Centro-Rio de Janeiro RJ, CEP 20071-900, incluindo serviço técnico de instalação, e retirada e descarte das baterias antigas, conforme condições, quantidades, especificações e exigências estabelecidas neste Edital e seus anexos.",74600.0,2026-09-25T10:00:00,2026-10-07T10:00:00,33892175000100-1-000055/2026,https://cnetmobile.estaleiro.serpro.gov.br/comprasnet-web/public/compras/acompanhamento-compra?compra=11360205000392026,False,Aberto,33892175000100
8,Dispensa de Licitação,Divulgada no PNCP,F,,153127,DECANATO DO CENTRO DE LETRAS E ARTES DA UFRJ,RJ,Rio de Janeiro,"Contratação de empresa para aquisição de licença do software, para as atividades nos laboratórios da Faculdade
de Arquitetura.",7969.0,2026-10-02T08:00:00,2026-10-07T10:00:00,33663683000116-1-000481/2026,https://cnetmobile.estaleiro.serpro.gov.br/comprasnet-web/public/compras/acompanhamento-compra?compra=15312706000222026,False,Dispensa Com Disputa,33663683000116
8,Dispensa de Licitação,Divulgada no PNCP,F,,170114,SUPERINTENDENCIA REG ADMINISTRAçãO DO MGI-RJ,RJ,Rio de Janeiro,"Contratação de serviços de bufê corporativo, para 432 pessoas, com fornecimento de coquetel, para atender às necessidades institucionais, oriundos das atividades de premiação institucional Reconhecimento Profissional Colaboragov 2026, a ser realizada pela SRA-RJ. ",35756.64,2026-10-02T08:00:00,2026-10-07T10:00:00,00489828000155-1-000574/2026,https://cnetmobile.estaleiro.serpro.gov.br/comprasnet-web/public/compras/acompanhamento-compra?compra=17011406000352026,False,Dispensa Com Disputa,00489828000155
8,Dispensa de Licitação,Divulgada no PNCP,F,,160267,2 BATALHAO DE INFANTARIA MOTORIZADO(ES)-RJ,RJ,Rio de Janeiro,Contratação de pacote de serviços de telefonia móvel e telefone celular. ,5046.3,2026-10-02T10:00:00,2026-10-07T10:00:00,00394452000103-1-021452/2026,https://cnetmobile.estaleiro.serpro.gov.br/comprasnet-web/public/compras/acompanhamento-compra?compra=16026706000782026,False,Dispensa Com Disputa,00394452000103
4,Concorrência - Eletrônica,Divulgada no PNCP,M,,986001,MRJ-PREFEITURA MUNICIPAL DO RIO DE JANEIRO,RJ,Rio de Janeiro,Intervenções urgentes e pontuais nas APs 2.2 localizadas na coordenação de obras e conservação Centro/Sul.,4498254.88,2026-08-27T09:00:00,2026-10-07T10:30:00,42498733000148-1-001678/2026,https://cnetmobile.estaleiro.serpro.gov.br/comprasnet-web/public/compras/acompanhamento-compra?compra=98600103012902026,False,Aberto-Fechado,42498733000148
6,Pregão - Eletrônico,Divulgada no PNCP,M,,000000001,DIRETORIA DE COMPRAS E LICITAÇÕES,RJ,Niterói,"CONTRATAÇÃO DE SERVIÇO DO AGENTE DE INTEGRAÇÃO PARA DESENVOLVIMENTO DO PROGRAMA DE ESTÁGIO NÃO OBRIGATÓRIO E
SUPERVISIONADO DE ESTUDANTES PARA ATENDIMENTO ÀS NECESSIDADES DOS PROJETOS EDUCACIONAIS DA FUNDAÇÃO MUNICIPAL DE EDUCAÇÃO, DA SECRETARIA MUNICIPAL DE EDUCAÇÃO E DAS ESCOLAS DA REDE MUNICIPAL DE EDUCAÇÃO DE NITERÓI.",7079793.6,2026-09-24T09:00:00,2026-10-07T10:30:00,39244595000166-1-000017/2026,https://licitacoes-e2.bb.com.br/aop-inter-estatico/visualizar-processo-publico/1100730,False,Aberto-Fechado,39244595000166
6,Pregão - Eletrônico,Divulgada no PNCP,M,,6426,Prefeitura Municipal de Rio Bonito,RJ,Rio Bonito,"[Portal de Compras Públicas] - Aquisição de MEDICAMENTOS ESSENCIAIS para atender a manutenção do funcionamento do (Pronto 
Socorro Municipal e Unidade de Pronto Atendimento – UPA), Unidades Básicas de Saúde (UBS), Unidades de 
Estratégia de Saúde da Família (ESF) e demais equipamentos de saúde e demandas da Secretaria Municipal de 
Saúde de Rio Bonito, por um período de 12 meses.",29550887.93,2026-09-24T12:00:00,2026-10-07T10:59:00,28741072000109-1-000062/2026,https://www.portaldecompraspublicas.com.br/processos/RJ/Prefeitura-Municipal-de-Rio-Bonito-3644/RPE-27-2026-2026-501814,True,Aberto,28741072000109
4,Concorrência - Eletrônica,Divulgada no PNCP,E,,986001,MRJ-PREFEITURA MUNICIPAL DO RIO DE JANEIRO,RJ,Rio de Janeiro,"Obras de Infraestrutura Externa (Contrapartida Municipal) dos Empreendimentos Mangueira IBGE e Residencial Mangueira II, Localizados na Rua Visconde de Niterói, Lotes 1 e 2 a serem desmembrados do Lote 1 do PAL 49221, integrantes do Programa Minha Casa Minha Vida - FAR”",1087709.87,2026-08-28T09:00:00,2026-10-07T11:00:00,42498600000171-1-003668/2026,https://cnetmobile.estaleiro.serpro.gov.br/comprasnet-web/public/compras/acompanhamento-compra?compra=98600103015012026,False,Aberto,42498600000171
4,Concorrência - Eletrônica,Divulgada no PNCP,F,,070017,TRIBUNAL REGIONAL ELEITORAL DO RIO DE JANEIRO,RJ,Rio de Janeiro,Realização de obra de reforma da 123ª Zona Eleitoral do TRE-RJ para adaptação para incremento da eficiência energética e adequação para acessibilidade universal,441732.04,2026-09-21T08:00:00,2026-10-07T11:00:00,06170517000105-1-000124/2026,https://cnetmobile.estaleiro.serpro.gov.br/comprasnet-web/public/compras/acompanhamento-compra?compra=07001703002292026,False,Fechado-Aberto,06170517000105
6,Pregão - Eletrônico,Divulgada no PNCP,M,,986001,MRJ-PREFEITURA MUNICIPAL DO RIO DE JANEIRO,RJ,Rio de Janeiro,"Registro de Preços para Aquisição de Gradil Nylofor 3D em aço galvanizado e acessórios, para os corredores de ligações das estações e terminais, do Sistema BRT da MOBI-Rio, conforme descrito, caracterizado e especificado no Termo de Referência.",0.0,2026-09-17T08:00:00,2026-10-07T11:00:00,42498733000148-1-001881/2026,https://cnetmobile.estaleiro.serpro.gov.br/comprasnet-web/public/compras/acompanhamento-compra?compra=98600105016172026,True,Aberto-Fechado,42498733000148
6,Pregão - Eletrônico,Divulgada no PNCP,E,,296100,FUNDO ESTADUAL DE SAÚDE,RJ,Rio de Janeiro,"O presente termo de referência tem por objetivo estabelecer as condições para fornecimento do(s) medicamento(s): NILOTINIBE 150MG CÁPSULA E NILOTINIBE 200MG CÁPSULA através do Pregão Eletrônico para Registro de Preços, visando suprir as necessidades da Assessoria de Mandados Judiciais da Secretaria de Estado de Saúde do Rio de Janeiro, de acordo com as condições e especificações constantes neste Termo de Referência e no Edital, sob a égide da Lei n° 14.133/2021.",0.0,2026-09-23T09:55:00,2026-10-07T11:00:00,42498600000171-1-004011/2026,https://www.compras.rj.gov.br/EditaisLicitacoes/detalhar.action?idLic=37464,True,Aberto,42498600000171
6,Pregão - Eletrônico,Divulgada no PNCP,E,,296100,FUNDO ESTADUAL DE SAÚDE,RJ,Rio de Janeiro,AQUISIÇÃO DE MEDICAMENTOS BRIGATINIBE 90 MG COMPRIMIDO REVESTIDO e BRIGATINIBE 180 MG COMPRIMIDO REVESTIDO.,0.0,2026-09-23T10:32:00,2026-10-07T11:00:00,42498600000171-1-004015/2026,https://www.compras.rj.gov.br/EditaisLicitacoes/detalhar.action?idLic=37468,True,Aberto,42498600000171
6,Pregão - Eletrônico,Divulgada no PNCP,E,,925464,TRIBUNAL DE CONTAS DO ESTADO DO R. DE JANEIRO,RJ,Rio de Janeiro,"Aquisição de materiais de escritório, conforme condições, quantidades e especificações contidas no TERMO DE REFERÊNCIA – ANEXO I do edital",185924.84,2026-09-25T09:00:00,2026-10-07T11:00:00,30051023000196-1-000187/2026,https://cnetmobile.estaleiro.serpro.gov.br/comprasnet-web/public/compras/acompanhamento-compra?compra=92546405004382026,False,Aberto-Fechado,30051023000196
6,Pregão - Eletrônico,Divulgada no PNCP,M,,1405,FUNDO MUNICIPAL DE SAÚDE DE RESENDE - SUS,RJ,Resende,"RSD-020116/007772/2026-REGISTRO DE PREÇOS PARA AQUISIÇÃO DE EPIs, ATRAVÉS DA SECRETARIA MUNICIPAL DE SAÚDE.",1874973.6,2026-09-23T08:00:00,2026-10-07T12:00:00,11800731000138-1-000212/2026,https://bnccompras.com/Process/ProcessView?param1=[gkz]C9iDQo2K6GCIpawYbwGYty0gVLuv0/6XWu4GKxLjKKT0ChyyYzftO8EDNNE/Mw6ZPiEIWAlnfIhSv93QkFjkjus2l22L4Wgvf87UblNtGcE=,True,Aberto,11800731000138
8,Dispensa de Licitação,Divulgada no PNCP,M,,986001,MRJ-PREFEITURA MUNICIPAL DO RIO DE JANEIRO,RJ,Rio de Janeiro,"AQUISIÇÃO DE MATERIAL HOSPITALAR, DESTINADO AO ATENDIMENTO DAS NECESSIDADES DO SETOR DE ALMOXARIFADO DA UNIDADE, EM RAZÃO DA INEXISTÊNCIA DE REGISTRO DE PREÇOS VIGENTE, CONFORME DOCUMENTOS DE AQUISIÇÃO EMITIDOS PELO SETOR RESPONSÁVEL, COM FUNDAMENTO NO ARTIGO 75, INCISO II, DA LEI 14.133/2021. ",3920.0,2026-10-02T08:00:00,2026-10-07T12:00:00,42498733000148-1-002006/2026,https://cnetmobile.estaleiro.serpro.gov.br/comprasnet-web/public/compras/acompanhamento-compra?compra=98600106017502026,False,Dispensa Com Disputa,42498733000148
4,Concorrência - Eletrônica,Divulgada no PNCP,M,,1505,INSTITUTO DE EDUCAÇÃO DO MUNICÍPIO DE RESENDE,RJ,Resende,"RSD-020110/002165/2026-Contratação de empresa, através de empreitada por PREÇO UNITÁRIO (material + mão de obra), para execução de MELHORIA DE SEGURANÇA NA E.M. CORONEL ARTHUR BAPTISTA FILHO, localizada na RUA EXISTENTE, S/N – SOLAR DA BARRA, FAZENDA DA BARRA 2, RESENDE/RJ, CEP 27540-230, através do INSTITUTO DE EDUCAÇÃO DO MUNICÍPIO DE RESENDE – EDUCAR.",89752.9,2026-09-14T08:00:00,2026-10-07T13:00:00,29178233000594-1-000037/2026,https://bnccompras.com/Process/ProcessView?param1=[gkz]XhPYhDeGrSgRDZilAgJ8qnszVQI2sAUJbVslBwh8aaJIRbyaN6AX_eIHK3BXOZEFtYit2Bn67lil6/7wIY80k4tsiywhSUiICR4vPokH6AI=,False,Aberto,29178233000594
6,Pregão - Eletrônico,Revogada,F,,090028,TRIBUNAL REGIONAL FEDERAL DA 2A. REGIAO,RJ,Rio de Janeiro,Aquisição de scanner de bagagem por raio x.,0.0,2026-09-25T08:00:00,2026-10-07T13:00:00,32243347000151-1-000147/2026,https://cnetmobile.estaleiro.serpro.gov.br/comprasnet-web/public/compras/acompanhamento-compra?compra=09002805000872026,False,Aberto,32243347000151
6,Pregão - Eletrônico,Revogada,F,,090028,TRIBUNAL REGIONAL FEDERAL DA 2A. REGIAO,RJ,Rio de Janeiro,"Aquisição de motocicleta, através do Sistema de Registro de Preços,  conforme especificações estipuladas no Termo de Referência",0.0,2026-09-25T08:00:00,2026-10-07T13:00:00,32243347000151-1-000152/2026,https://cnetmobile.estaleiro.serpro.gov.br/comprasnet-web/public/compras/acompanhamento-compra?compra=09002805000942026,True,Aberto,32243347000151
6,Pregão - Eletrônico,Divulgada no PNCP,M,,985921,PREFEITURA MUNICIPAL DE VALENCA - RJ,RJ,Valença,Contratação de empresa para prestação dos serviços públicos de limpeza urbana e manejo de resóduos sólidos do Município de Valença – RJ.,19406588.06,2026-09-21T08:00:00,2026-10-07T13:00:00,29076130000190-1-000308/2026,https://cnetmobile.estaleiro.serpro.gov.br/comprasnet-web/public/compras/acompanhamento-compra?compra=98592105002562026,False,Aberto-Fechado,29076130000190
6,Pregão - Eletrônico,Divulgada no PNCP,M,,986001,MRJ-PREFEITURA MUNICIPAL DO RIO DE JANEIRO,RJ,Rio de Janeiro,"LUVA EM RASPA DE COURO CANO LONGO PARA SOLDADOR, do tipo ABNT GUNN, confeccionadas totalmente em raspa de couro, com costuras reforçadas entre dedos e palma, dotadas ainda de protetor de artéria.",0.0,2026-09-25T09:00:00,2026-10-07T13:59:00,42498733000148-1-001942/2026,https://cnetmobile.estaleiro.serpro.gov.br/comprasnet-web/public/compras/acompanhamento-compra?compra=98600105016792026,False,Aberto,42498733000148
6,Pregão - Eletrônico,Divulgada no PNCP,E,,227200,Agência de Fomento do ERJ SA,RJ,Rio de Janeiro,"Contratação de empresa(s) especializada(s), dividida em 02 (dois) Lotes 
distintos, para atender às necessidades da Agência de Fomento do Estado do Rio de Janeiro S.A. – AgeRio, conforme abaixo: 
LOTE 1: Serviços técnicos de sustentação, desenvolvimento de demandas evolutivas, consultoria técnica no ambiente SAP e atualização de versão e migração da infraestrutura dos ambientes SAP. 
LOTE 2: Reativação e serviços de suporte e manutenção das licenças SAP (Enterprise Support).",0.0,2026-09-11T08:00:00,2026-10-07T14:00:00,42498600000171-1-003780/2026,https://www.compras.rj.gov.br/EditaisLicitacoes/detalhar.action?idLic=37368,False,Aberto,42498600000171
6,Pregão - Eletrônico,Divulgada no PNCP,M,,1405,FUNDO MUNICIPAL DE SAÚDE DE RESENDE - SUS,RJ,Resende,"RSD-020116/005492/2026 - AQUISIÇÃO DE UNIFORMES, EPI’S, BONÉS E MOCHILAS PARA ATENDER AS NECESSIDADES DOS SERVIDORES LOTADOS NA SUPERINTENDÊNCIA DE VIGILÂNCIA EM SAÚDE E SUPERINTENDÊNCIA DE ATENÇÃO BÁSICA, ATRAVÉS DA SECRETARIA MUNICIPAL DE SAÚDE.",111682.74,2026-09-23T08:00:00,2026-10-07T14:00:00,11800731000138-1-000213/2026,https://bnccompras.com/Process/ProcessView?param1=[gkz]Ilfil9se_AT/H1o_gcvnmG2eglUzFDBJdfETVCght0m5pFgAsbsFekuyWXdbOd8rd_QEyHFab_zgg7KptZ2xaF6L0n01YNWa_uHcH7SqY28=,False,Aberto,11800731000138
6,Pregão - Eletrônico,Divulgada no PNCP,E,,030100,TRIBUNAL DE JUSTICA DO ESTADO DO RJ,RJ,Rio de Janeiro,"Compra de materiais para o almoxarifado, conforme especificado no Termo de Referência (Anexo I). ",30445.87,2026-09-24T11:00:00,2026-10-07T14:00:00,28538734000148-1-000228/2026,https://cnetmobile.estaleiro.serpro.gov.br/comprasnet-web/public/compras/acompanhamento-compra?compra=03010005007142026,False,Aberto,28538734000148
6,Pregão - Eletrônico,Divulgada no PNCP,M,,1405,FUNDO MUNICIPAL DE SAÚDE DE RESENDE - SUS,RJ,Resende,"RSD-020116/007448/2026 - AQUISIÇÃO DE MATERIAIS PARA MICROCHIPAGEM PARA ATENDER AS NECESSIDADES DO HOSPITAL VETERINÁRIO MUNICIPAL, ATRAVÉS DA SECRETARIA MUNICIPAL DE SAÚDE.",38098.0,2026-09-23T08:00:00,2026-10-07T15:00:00,11800731000138-1-000211/2026,https://bnccompras.com/Process/ProcessView?param1=[gkz]nH8WHLJ2hECf09N73aM_f0uj1WzO1fymuzOSD1pbVYXUUsUnsEz0PeQnacXBlgIV9aXxTqx7miUmOlc60QMAbEnN8A1ntidmkA6mKqCoNhc=,False,Aberto,11800731000138
6,Pregão - Eletrônico,Divulgada no PNCP,M,,3,FUNDO MUNICIPAL ASSISTENCIA SOCIAL PARATY,RJ,Paraty,TELHAS DE FIBROCIMENTO,87290.0,2026-09-28T09:00:00,2026-10-07T17:00:00,16595731000167-1-000031/2026,www.paraty.rj.gov.br/publicacoes-oficiais/editais/edital-pregao-eletronico-no-0192026-telhas-de-fibrocimento-smasdh,False,Aberto,16595731000167
6,Pregão - Eletrônico,Divulgada no PNCP,M,,1,GERAL,RJ,Nilópolis,"AQUISIÇÃO E INSTALAÇÃO DE MOBILIÁRIOS, ELETRÔNICOS E ELETRODOMESTICOS, NOVOS SEM USO, DESTINADOS A CLIMATIZAÇÃO DA SUPERINTENDÊNCIA MUNICIPAL DOS CONSELHOS.",21465.99,2026-09-25T14:00:00,2026-10-07T23:59:00,29138286000158-1-000063/2026,http://www.portaldecomprasnilopolis.com.br,False,Fechado-Aberto,29138286000158
6,Pregão - Eletrônico,Divulgada no PNCP,M,,1,PREFEITURA MUNICIPAL DE SÃO FIDÉLIS,RJ,São Fidélis,Aquisição de gêneros alimentícios (Hortifruti) para a Assistência Social.,253629.4,2026-09-28T00:00:00,2026-10-07T23:59:00,29111093000103-1-000039/2026,http://www.licitacaosaofidelisrj.com.br,True,Aberto,29111093000103
12,Credenciamento,Divulgada no PNCP,M,,7,FUNDO MUNICIPAL DE EDUCAÇÃO,RJ,Arraial do Cabo,"O presente Chamamento Público tem por objeto a seleção de Organização da Sociedade Civil (OSC) para celebração de Termo de Colaboração com o Município de Arraial do Cabo, por intermédio do Fundo Municipal de Educação, visando à execução do Programa EDUCA+ ARRAIAL.",50501335.09,2026-09-08T00:00:00,2026-10-08T00:00:00,27792373000107-1-000150/2026,Link Não Informado,False,Aberto,27792373000107
6,Pregão - Eletrônico,Divulgada no PNCP,M,,985919,PREFEITURA MUNICIPAL DE TRES RIOS - RJ,RJ,Três Rios,"Registro de preços para aquisição de equipamentos eletrônicos e eletrodomésticos, destinados ao atendimento das necessidades das unidades administrativas da Prefeitura Municipal de Três Rios/RJ.",1541283.68,2026-09-24T08:00:00,2026-10-08T08:00:00,29138377000193-1-000130/2026,https://cnetmobile.estaleiro.serpro.gov.br/comprasnet-web/public/compras/acompanhamento-compra?compra=98591905001122026,True,Aberto,29138377000193
6,Pregão - Eletrônico,Divulgada no PNCP,M,,2025,Piraí,RJ,Piraí,Registro de preços para futura e eventual prestação de serviços de Bombeiro Civil para eventos,112082.5,2026-09-23T17:00:00,2026-10-08T08:00:00,29141322000132-1-000235/2026,,True,Aberto,29141322000132
6,Pregão - Eletrônico,Divulgada no PNCP,F,,154034,MEC-UNIRIO-FUND.UNIVERS.DO RIO DE JANEIRO/RJ,RJ,Rio de Janeiro,"Contratação de empresa especializada para a prestação de serviços de transporte rodoviário de passageiros, mediante disponibilização de ônibus com motorista, para atendimento de demandas da Universidade Federal do Estado do Rio de Janeiro – UNIRIO, compreendendo a execução de viagens urbanas, intermunicipais e interestaduais, bem como a operação de itinerários institucionais fixos, sob demanda.",8003769.6,2026-09-24T08:00:00,2026-10-08T08:00:00,34023077000107-1-000070/2026,https://cnetmobile.estaleiro.serpro.gov.br/comprasnet-web/public/compras/acompanhamento-compra?compra=15403405001112026,True,Aberto,34023077000107
6,Pregão - Eletrônico,Divulgada no PNCP,M,,986001,MRJ-PREFEITURA MUNICIPAL DO RIO DE JANEIRO,RJ,Rio de Janeiro,"Registro de Preços para Aquisição de Fluido para Direção Hidráulica Classe 236.2, novos e originais, para veículos do fabricante Mercedes Benz modelo O500, equipado com motores OM457 nos modelos Euro 5 e 6, para manutenção preventiva e corretiva da Frota Operada pela Companhia Municipal de Transportes Coletivos – CMTC - (MOBI-Rio), conforme as especificações constantes deste Edital e/ou do Termo de Referência.",0.0,2026-09-28T08:00:00,2026-10-08T08:00:00,42498733000148-1-001947/2026,https://cnetmobile.estaleiro.serpro.gov.br/comprasnet-web/public/compras/acompanhamento-compra?compra=98600105016832026,True,Aberto-Fechado,42498733000148
8,Dispensa de Licitação,Divulgada no PNCP,F,,153167,COLEGIO PEDRO II/REITORIA,RJ,Rio de Janeiro,"aquisição de  cabos elétricos flexíveis (10 mm, 6 mm, 4 mm e 2,5 mm) para o Colégio Pedro II - Campus São Cristóvão III",44420.0,2026-09-29T08:00:00,2026-10-08T08:00:00,42414284000102-1-000198/2026,https://cnetmobile.estaleiro.serpro.gov.br/comprasnet-web/public/compras/acompanhamento-compra?compra=15316706003642026,False,Dispensa Com Disputa,42414284000102
8,Dispensa de Licitação,Divulgada no PNCP,M,,985865,MRJ- PREFEITURA MUNICIPAL DE NITEROI,RJ,Niterói,"O objeto do presente procedimento é a escolha da proposta mais vantajosa para a aquisição, por dispensa de licitação, de Smartphone de alto desempenho, microfone de lapela e pontos de acesso conforme condições, quantidades e exigências estabelecidas neste Aviso de Contratação Direta e seus anexos.",16582.45,2026-09-29T08:00:00,2026-10-08T08:00:00,28521748000159-1-000230/2026,https://cnetmobile.estaleiro.serpro.gov.br/comprasnet-web/public/compras/acompanhamento-compra?compra=98586506002402026,False,Dispensa Com Disputa,28521748000159
8,Dispensa de Licitação,Divulgada no PNCP,F,,153010,MEC-CEFET-CENT.FED.ED.TEC.CELSO S.FONSECA/RJ,RJ,Rio de Janeiro,"Aquisição de equipamentos de audiovisual para o curso de licenciatura em Física, visando atender às necessidades do Campus Nova Friburgo do CEFET-RJ",16856.32,2026-10-05T08:00:00,2026-10-08T08:00:00,42441758000105-1-000158/2026,https://cnetmobile.estaleiro.serpro.gov.br/comprasnet-web/public/compras/acompanhamento-compra?compra=15301006002312026,False,Dispensa Com Disputa,42441758000105
8,Dispensa de Licitação,Divulgada no PNCP,F,,495130,MRJ-COMPANHIA DE PESQUISA D RECURSOS MINERAIS,RJ,Rio de Janeiro,Aquisição de bebedouros para atender as necessidades da Companhia de Pesquisa de Recursos Minerais - CPRM,4738.96,2026-10-01T08:00:00,2026-10-08T08:00:00,00091652000189-1-000364/2026,https://cnetmobile.estaleiro.serpro.gov.br/comprasnet-web/public/compras/acompanhamento-compra?compra=49513006001042026,False,Dispensa Com Disputa,00091652000189
8,Dispensa de Licitação,Divulgada no PNCP,F,,791904,CENTRO DE MANUTENCAO DE EMBARCACOES MIUDAS/RJ,RJ,Niterói,O objeto desta dispensa eletrônica é a aquisição de material para compor estoque do paiol de material comum do CMEM,2067.58,2026-10-05T08:00:00,2026-10-08T08:00:00,00394502000144-1-012710/2026,https://cnetmobile.estaleiro.serpro.gov.br/comprasnet-web/public/compras/acompanhamento-compra?compra=79190406000442026,False,Dispensa Com Disputa,00394502000144
8,Dispensa de Licitação,Divulgada no PNCP,F,,164204,FUNDACAO OSORIO,RJ,Rio de Janeiro,"CONTRATAÇÃO DE EMPRESA ESPECIALIZADA PARA O SERVIÇO DE CONFECÇÃO E INSTALAÇÃO DE CORTINA SOBRE MEDIDA, CONFORME ESPECIFICAÇÕES CONSTANTES DO TERMO DE REFERÊNCIA",5601.48,2026-10-05T09:00:00,2026-10-08T08:00:00,34143842000114-1-000026/2026,https://cnetmobile.estaleiro.serpro.gov.br/comprasnet-web/public/compras/acompanhamento-compra?compra=16420406000442026,False,Dispensa Com Disputa,34143842000114
8,Dispensa de Licitação,Suspensa,F,,495130,MRJ-COMPANHIA DE PESQUISA D RECURSOS MINERAIS,RJ,Rio de Janeiro,"Aquisição de mochilas para atender às necessidades da DIHIBA/DEHID, destinadas ao acondicionamento e transporte de equipamentos, materiais de trabalho e demais objetos utilizados nas atividades de campo da RHN.",49500.0,2026-10-01T08:00:00,2026-10-08T08:00:00,00091652000189-1-000368/2026,https://cnetmobile.estaleiro.serpro.gov.br/comprasnet-web/public/compras/acompanhamento-compra?compra=49513006001062026,False,Dispensa Com Disputa,00091652000189
8,Dispensa de Licitação,Divulgada no PNCP,F,,495130,MRJ-COMPANHIA DE PESQUISA D RECURSOS MINERAIS,RJ,Rio de Janeiro,"Teclados Sem Fio (Wireless/Bluetooth, Design compacto, Teclado numérico, Conectividade rápida e fácil, Teclas resistentes a derramamentos.

Marca/Modelo de referência: Logitech K250 ou similares",552.0,2026-10-01T08:00:00,2026-10-08T08:00:00,00091652000189-1-000369/2026,https://cnetmobile.estaleiro.serpro.gov.br/comprasnet-web/public/compras/acompanhamento-compra?compra=49513006001052026,False,Dispensa Com Disputa,00091652000189
8,Dispensa de Licitação,Divulgada no PNCP,M,,980770,PREFEITURA MUNICIPAL DE ARMAÇÃO DOS BÚZIOS-RJ,RJ,Armação dos Búzios,"Fornecimento/Aquisição de dispositivos de sinalização viária destinados ao atendimento das demandas operacionais da Secretaria Municipal de Segurança Pública, incluindo a Guarda Civil Municipal, o Setor de Trânsito, a Defesa Civil e demais setores vinculados,",62471.24,2026-10-05T08:00:00,2026-10-08T08:00:00,01616171000102-1-000079/2026,https://cnetmobile.estaleiro.serpro.gov.br/comprasnet-web/public/compras/acompanhamento-compra?compra=98077006000282026,False,Dispensa Com Disputa,01616171000102
8,Dispensa de Licitação,Divulgada no PNCP,F,,153145,MEC-INSTITUTO DE BIOFISICA DA UF/RJ,RJ,Rio de Janeiro,"Serviço de manutenção corretiva em calha de águas pluviais do Instituto de Ciências Biomédicas, compreendendo impermeabilização, correção de caimento, desmontagem e adequação parcial de dutos, criação de novo ponto de drenagem caso seja necessário, testes e ajustes finais, incluindo materiais, mão de obra, ferramentas, equipamentos, transporte e supervisão necessários à execução.",13833.33,2026-10-01T08:00:00,2026-10-08T08:00:00,33663683000116-1-000480/2026,https://cnetmobile.estaleiro.serpro.gov.br/comprasnet-web/public/compras/acompanhamento-compra?compra=15314506000842026,False,Dispensa Com Disputa,33663683000116
8,Dispensa de Licitação,Divulgada no PNCP,F,,795340,BATALHAO DE VIATURAS ANFIBIAS,RJ,Rio de Janeiro,"Contratação de serviços destinados à manutenção, recuperação, conservação e revitalização dos meios/oficinas do Batalhão de Viaturas Anfíbias (BtlVtrAnf), visando assegurar a continuidade das atividades de manutenção preventiva e corretiva, preservar as características operacionais e a padronização, bem como contribuir para o aumento de sua vida útil, disponibilidade operacional e adequada apresentação, em conformidade com os padrões técnicos e institucionais estabelecidos pela Marinha do Brasil",56700.0,2026-10-01T11:00:00,2026-10-08T08:00:00,00394502000144-1-012794/2026,https://cnetmobile.estaleiro.serpro.gov.br/comprasnet-web/public/compras/acompanhamento-compra?compra=79534006000432026,False,Dispensa Com Disputa,00394502000144
8,Dispensa de Licitação,Divulgada no PNCP,F,,160336,DIRETORIA DE FABRICAÇÃO,RJ,Rio de Janeiro,"A presente aquisição faz-se necessária para suprir as demandas de comunicação, relações públicas e representação da DEPDI",10170.0,2026-10-02T10:00:00,2026-10-08T08:00:00,00394452000103-1-021370/2026,https://cnetmobile.estaleiro.serpro.gov.br/comprasnet-web/public/compras/acompanhamento-compra?compra=16033606000992026,False,Dispensa Com Disputa,00394452000103
8,Dispensa de Licitação,Divulgada no PNCP,F,,160068,DEPARTAMENTO DE EDUCACAO E CULTURA EXERCITO,RJ,Rio de Janeiro,Aquisição de tablet,36575.0,2026-10-05T08:00:00,2026-10-08T08:00:00,00394452000103-1-021376/2026,https://cnetmobile.estaleiro.serpro.gov.br/comprasnet-web/public/compras/acompanhamento-compra?compra=16006806000262026,False,Dispensa Com Disputa,00394452000103
8,Dispensa de Licitação,Divulgada no PNCP,F,,324002,AUTORIDADE NACIONAL DE SEGURANÇA NUCLEAR,RJ,Rio de Janeiro,"Aquisição de materiais de informática e infraestrutura de TIC, destinados ao atendimento das demandas operacionais da ANSN.
",36258.0,2026-10-01T11:40:00,2026-10-08T08:00:00,62759595000110-1-000040/2026,https://cnetmobile.estaleiro.serpro.gov.br/comprasnet-web/public/compras/acompanhamento-compra?compra=32400206000712026,False,Dispensa Com Disputa,62759595000110
8,Dispensa de Licitação,Divulgada no PNCP,F,,324002,AUTORIDADE NACIONAL DE SEGURANÇA NUCLEAR,RJ,Rio de Janeiro,"Aquisição de 4 (quatro) licenças nominais do Adobe Creative Cloud VIP Teams, identificador SGD AD-014, na
modalidade de subscrição pelo período de 24 (vinte e quatro) meses, incluindo ativação eletrônica, direito de uso,
atualizações, correções de segurança, administração centralizada e suporte oficial do fabricante ou de canal
autorizado, nos termos da tabela abaixo, conforme condições e exigências estabelecidas neste instrumento.",40816.64,2026-10-01T13:30:00,2026-10-08T08:00:00,62759595000110-1-000041/2026,https://cnetmobile.estaleiro.serpro.gov.br/comprasnet-web/public/compras/acompanhamento-compra?compra=32400206000692026,False,Dispensa Com Disputa,62759595000110
8,Dispensa de Licitação,Divulgada no PNCP,F,,240127,CENTRO DE TECNOLOGIA MINERAL - CETEM - RJ,RJ,Rio de Janeiro,Aquisição de Lâmpadas.,37087.25,2026-10-02T08:00:00,2026-10-08T08:00:00,01263896000164-1-000693/2026,https://cnetmobile.estaleiro.serpro.gov.br/comprasnet-web/public/compras/acompanhamento-compra?compra=24012706000612026,False,Dispensa Com Disputa,01263896000164
8,Dispensa de Licitação,Divulgada no PNCP,F,,160322,HOSPITAL CENTRAL DO EXERCITO/RJ,RJ,Rio de Janeiro,RECARGA DE EXTINTORES,32036.65,2026-10-02T08:00:00,2026-10-08T08:00:00,00394452000103-1-021395/2026,https://cnetmobile.estaleiro.serpro.gov.br/comprasnet-web/public/compras/acompanhamento-compra?compra=16032206000672026,False,Dispensa Com Disputa,00394452000103
8,Dispensa de Licitação,Divulgada no PNCP,F,,721000,ESCOLA DE GUERRA NAVAL,RJ,Rio de Janeiro,Aquisição de mola para porta de vidro com corpo confeccionado em alumínio e caixa em ferro galvanizado,1080.24,2026-10-01T16:00:00,2026-10-08T08:00:00,00394502000144-1-012876/2026,https://cnetmobile.estaleiro.serpro.gov.br/comprasnet-web/public/compras/acompanhamento-compra?compra=72100006002272026,False,Dispensa Com Disputa,00394502000144
8,Dispensa de Licitação,Divulgada no PNCP,M,,925465,TRIBUNAL DE CONTAS DO MUNICIPIO DO RJ,RJ,Rio de Janeiro,"Contratação de empresa especializada na prestação de serviços de desinsetização e 
desratização, por um prazo de 12 meses - nas dependências do Tribunal de Contas do Município 
do Rio de Janeiro/TCMRio",5880.0,2026-10-01T17:30:00,2026-10-08T08:00:00,27532498000190-1-000092/2026,https://cnetmobile.estaleiro.serpro.gov.br/comprasnet-web/public/compras/acompanhamento-compra?compra=92546506002142026,False,Dispensa Com Disputa,27532498000190
8,Dispensa de Licitação,Divulgada no PNCP,F,,160296,COMANDO BRIGADA INFANTARIA PARAQUEDISTA/RJ,RJ,Rio de Janeiro,"Contratação de serviço continuado de telecomunicações de fornecimento de internet banda larga com SVA para atender às necessidades do Hotel de Trânsito do 26º Batalhão de Infantaria Pára-quedista (HT / 26 BI Pqdt),",3449.64,2026-10-05T08:00:00,2026-10-08T08:00:00,00394452000103-1-021450/2026,https://cnetmobile.estaleiro.serpro.gov.br/comprasnet-web/public/compras/acompanhamento-compra?compra=16029606000672026,False,Dispensa Com Disputa,00394452000103
8,Dispensa de Licitação,Divulgada no PNCP,F,,160245,POLICLINICA MILITAR DE NITEROI/RJ,RJ,Niterói,"O objeto do presente procedimento é a escolha da proposta mais vantajosa para a contratação, por dispensa de licitação, de uniformes especiais para o efetivo do Setor de Aprovisionamento da Policlínica Militar de Niterói (PoMN), conforme condições, quantidades e exigências estabelecidas neste Aviso de Contratação Direta e seus anexos.",9724.56,2026-10-05T08:00:00,2026-10-08T08:00:00,00394452000103-1-021468/2026,https://cnetmobile.estaleiro.serpro.gov.br/comprasnet-web/public/compras/acompanhamento-compra?compra=16024506000032026,False,Dispensa Com Disputa,00394452000103
8,Dispensa de Licitação,Divulgada no PNCP,F,,160237,CENTRO DE AVALIAÇÃO DO EXÉRCITO,RJ,Rio de Janeiro,"Aquisição de filtros para bebedouros, correspondentes a manutenção da qualidade da água ofertada aos militares desta OM.",4092.05,2026-10-05T08:00:00,2026-10-08T08:00:00,00394452000103-1-021480/2026,https://cnetmobile.estaleiro.serpro.gov.br/comprasnet-web/public/compras/acompanhamento-compra?compra=16023706000932026,False,Dispensa Com Disputa,00394452000103
8,Dispensa de Licitação,Divulgada no PNCP,F,,250059,INSTITUTO NACIONAL DE CARDIOLOGIA,RJ,Rio de Janeiro,Aquisição complementar (TERMOHIGRÔMETRO),10788.17,2026-10-02T11:30:00,2026-10-08T08:00:00,00394544000185-1-000032/2027,https://cnetmobile.estaleiro.serpro.gov.br/comprasnet-web/public/compras/acompanhamento-compra?compra=25005906002052027,False,Dispensa Com Disputa,00394544000185
8,Dispensa de Licitação,Divulgada no PNCP,M,,9079,SECRETARIA MUNICIPAL DE ESPORTE E LAZER,RJ,Conceição de Macabu,"[Portal de Compras Públicas] - Contratação de empresa especializada a prestar serviços de arbitragem para esta secretaria, a fim de atender as necessidades da Secretária Municipal de Esporte e Lazer.",45273.6,2026-10-05T08:00:00,2026-10-08T08:00:00,29115466000114-1-000150/2026,https://www.portaldecompraspublicas.com.br/processos/RJ/Prefeitura-Municipal-de-Conceicao-de-Macabu-2900/DE-066-2026-2026-515896,False,Dispensa Com Disputa,29115466000114
8,Dispensa de Licitação,Divulgada no PNCP,F,,795180,BASE DE FUZILEIROS NAVAIS ILHA DO GOVERN./RJ,RJ,Rio de Janeiro,"Aquisição de sacolas plásticas resistentes, em diferentes dimensões e quantidades, destinadas ao acondicionamento, armazenamento e transporte de fardamentos distribuídos pelo Posto de Encomenda de Uniforme (PEU) da Base de Fuzileiros Navais da Ilha do Governador (BFNIG)",20668.6,2026-10-05T08:00:00,2026-10-08T08:00:00,00394502000144-1-012929/2026,https://cnetmobile.estaleiro.serpro.gov.br/comprasnet-web/public/compras/acompanhamento-compra?compra=79518006001092026,True,Dispensa Com Disputa,00394502000144
8,Dispensa de Licitação,Divulgada no PNCP,F,,160318,ESCOLA DE SARGENTOS DE LOGISTICA,RJ,Rio de Janeiro,Material de Saúde,19852.9,2026-10-05T08:00:00,2026-10-08T08:00:00,00394452000103-1-021494/2026,https://cnetmobile.estaleiro.serpro.gov.br/comprasnet-web/public/compras/acompanhamento-compra?compra=16031806000572026,False,Dispensa Com Disputa,00394452000103
8,Dispensa de Licitação,Divulgada no PNCP,F,,780000,COMANDO DE OPERACOES NAVAIS,RJ,Rio de Janeiro,"Aquisição de materiais para reparos elétricos, destinados à manutenção . preventiva e
corretiva da infraestrutura das dependências administrativas, salas de instrução e demais instalações deste comando.",64584.25,2026-10-02T14:15:00,2026-10-08T08:00:00,00394502000144-1-012932/2026,https://cnetmobile.estaleiro.serpro.gov.br/comprasnet-web/public/compras/acompanhamento-compra?compra=78000006000782026,True,Dispensa Com Disputa,00394502000144
8,Dispensa de Licitação,Divulgada no PNCP,M,,986001,MRJ-PREFEITURA MUNICIPAL DO RIO DE JANEIRO,RJ,Rio de Janeiro,"Aquisição de Roupa Hospitalar : Lençol, adulto confeccionado em tecido cretone, 100% algodão, tingimento indanthrene, resistente a lavagem hospitalar, tela 1x1, gramatura 160g/m2, com tolerância de +/-5%, cor branca, medidas 220x160cm (c x l)",65000.0,2026-10-05T08:00:00,2026-10-08T08:00:00,42498733000148-1-002010/2026,https://cnetmobile.estaleiro.serpro.gov.br/comprasnet-web/public/compras/acompanhamento-compra?compra=98600106017552026,False,Dispensa Com Disputa,42498733000148
8,Dispensa de Licitação,Divulgada no PNCP,F,,383518,CONSELHO REGIONAL DE CONTABILIDADE - RJ,RJ,Rio de Janeiro,Contratação de serviços de confecção de placas e medalhas,20441.12,2026-10-02T17:30:00,2026-10-08T08:00:00,33287806000161-1-000031/2026,https://cnetmobile.estaleiro.serpro.gov.br/comprasnet-web/public/compras/acompanhamento-compra?compra=38351806000312026,False,Dispensa Com Disputa,33287806000161
8,Dispensa de Licitação,Divulgada no PNCP,M,,986001,MRJ-PREFEITURA MUNICIPAL DO RIO DE JANEIRO,RJ,Rio de Janeiro,"Aquisição de materiais de consumo, devidamente descritos, caracterizados e especificados neste Termo de Referência, destinados ao atendimento das necessidades da Creche Institucional Dr. Paulo Niemeyer, unidade vinculada à Secretaria Municipal de Administração.",30535.14,2026-10-05T08:00:00,2026-10-08T08:00:00,42498733000148-1-002014/2026,https://cnetmobile.estaleiro.serpro.gov.br/comprasnet-web/public/compras/acompanhamento-compra?compra=98600106017602026,False,Dispensa Com Disputa,42498733000148
8,Dispensa de Licitação,Divulgada no PNCP,F,,765704,POLICLINICA NAVAL NOSSA SENHORA DA GLORIA,RJ,Rio de Janeiro,Fornecimento de corrimão tubular de parede  em escada interna.,17450.79,2026-10-05T10:00:00,2026-10-08T08:00:00,00394502000144-1-012951/2026,https://cnetmobile.estaleiro.serpro.gov.br/comprasnet-web/public/compras/acompanhamento-compra?compra=76570406001752026,False,Dispensa Com Disputa,00394502000144
8,Dispensa de Licitação,Divulgada no PNCP,F,,765700,CENTRO MEDICO ASSISTENCIAL DA MARINHA,RJ,Rio de Janeiro,"Aquisição de materiais personalizados de identidade visual, compreendendo elementos de sinalização, ambientação e comunicação visual sob medida, destinados às instalações da Recepção e do Auditório da Policlínica Naval Nossa Senhora da Penha (PNNSP).",53489.62,2026-10-05T10:00:00,2026-10-08T08:00:00,00394502000144-1-012954/2026,https://cnetmobile.estaleiro.serpro.gov.br/comprasnet-web/public/compras/acompanhamento-compra?compra=76570006001072026,False,Dispensa Com Disputa,00394502000144
8,Dispensa de Licitação,Divulgada no PNCP,F,,765700,CENTRO MEDICO ASSISTENCIAL DA MARINHA,RJ,Rio de Janeiro,"Aquisição de equipamentos eletroportáteis de cozinha, destinados a atender às necessidades das áreas de conforto da tripulação da Nova Policlínica Naval da Penha, com o propósito de suprir as necessidades de bem-estar dos militares e servidores em serviço, assegurar a plena funcionalidade das atividades de apoio administrativo.",13259.01,2026-10-05T10:00:00,2026-10-08T08:00:00,00394502000144-1-012955/2026,https://cnetmobile.estaleiro.serpro.gov.br/comprasnet-web/public/compras/acompanhamento-compra?compra=76570006001032026,False,Dispensa Com Disputa,00394502000144
8,Dispensa de Licitação,Divulgada no PNCP,F,,740014,CENTRO LOGISTICO DO MATERIAL DA MARINHA,RJ,Rio de Janeiro,Aquisição de Material TI,4370.89,2026-10-05T10:00:00,2026-10-08T08:00:00,00394502000144-1-012956/2026,https://cnetmobile.estaleiro.serpro.gov.br/comprasnet-web/public/compras/acompanhamento-compra?compra=74001406002012026,False,Dispensa Com Disputa,00394502000144
8,Dispensa de Licitação,Divulgada no PNCP,M,,930899,CAMARA MUNICIPAL DE SÃO PEDRO DA ALDEIA - RJ,RJ,São Pedro da Aldeia,"O objeto da presente dispensa eletrônica é aquisição de 10 (dez) televisores e 01 (um) microfone sem fio, a fim de atender as necessidades da Câmara Municipal de São Pedro da Aldeia/RJ, conforme condições, quantidades e exigências estabelecidas neste Aviso de Dispensa Eletrônica e seus anexos.",13325.24,2026-10-05T12:00:00,2026-10-08T08:00:00,27759380000107-1-000017/2026,https://cnetmobile.estaleiro.serpro.gov.br/comprasnet-web/public/compras/acompanhamento-compra?compra=93089906000212026,False,Dispensa Com Disputa,27759380000107
8,Dispensa de Licitação,Divulgada no PNCP,F,,771210,DEPOSITO DE COMBUSTIVEIS_DA MB NO RIO JANEIRO,RJ,Rio de Janeiro,"O objeto do presente procedimento é a escolha da proposta mais vantajosa para a contratação, por dispensa de licitação, de Assentos de vaso sanitário e Cafeteiras para o Depósito de Combustíveis da Marinha no Rio de Janeiro, conforme condições, quantidades e exigências estabelecidas neste Aviso de Contratação Direta e seus anexos.",2202.74,2026-10-05T10:22:00,2026-10-08T08:00:00,00394502000144-1-000264/2027,https://cnetmobile.estaleiro.serpro.gov.br/comprasnet-web/public/compras/acompanhamento-compra?compra=77121006000422027,False,Dispensa Com Disputa,00394502000144
8,Dispensa de Licitação,Divulgada no PNCP,F,,771210,DEPOSITO DE COMBUSTIVEIS_DA MB NO RIO JANEIRO,RJ,Rio de Janeiro,"O objeto do presente procedimento é a escolha da proposta mais vantajosa para a contratação, por dispensa de licitação, de ventiladores de teto, ventiladores de parede e cortinas blackout para o Depósito de Combustíveis da Marinha no Rio de Janeiro, conforme condições, quantidades e exigências estabelecidas neste Aviso de Contratação Direta e seus anexos.",8536.4,2026-10-05T10:25:00,2026-10-08T08:00:00,00394502000144-1-000265/2027,https://cnetmobile.estaleiro.serpro.gov.br/comprasnet-web/public/compras/acompanhamento-compra?compra=77121006000412027,True,Dispensa Com Disputa,00394502000144
8,Dispensa de Licitação,Divulgada no PNCP,F,,791010,CENTRO DE INTENDENCIA DA MARINHA NITEROI,RJ,Niterói,Kit de Bioquímica Laboratorial e Gasometria,10187.56,2026-10-05T11:00:00,2026-10-08T08:00:00,00394502000144-1-012968/2026,https://cnetmobile.estaleiro.serpro.gov.br/comprasnet-web/public/compras/acompanhamento-compra?compra=79101006003012026,False,Dispensa Com Disputa,00394502000144
8,Dispensa de Licitação,Divulgada no PNCP,M,,930899,CAMARA MUNICIPAL DE SÃO PEDRO DA ALDEIA - RJ,RJ,São Pedro da Aldeia,"O objeto consiste na contratação de empresa especializada na prestação de serviços de publicação em jornal de grande circulação, para atender às demandas da Câmara Municipal de São Pedro da Aldeia/RJ, conforme condições, quantidades e exigências estabelecidas na tabela do item 1.1 do Termo de Referência.",6000.0,2026-10-05T12:00:00,2026-10-08T08:00:00,27759380000107-1-000018/2026,https://cnetmobile.estaleiro.serpro.gov.br/comprasnet-web/public/compras/acompanhamento-compra?compra=93089906000222026,False,Dispensa Com Disputa,27759380000107
8,Dispensa de Licitação,Divulgada no PNCP,F,,160318,ESCOLA DE SARGENTOS DE LOGISTICA,RJ,Rio de Janeiro,Aquisição de material de saúde operacional,43112.5,2026-10-05T12:00:00,2026-10-08T08:00:00,00394452000103-1-021539/2026,https://cnetmobile.estaleiro.serpro.gov.br/comprasnet-web/public/compras/acompanhamento-compra?compra=16031806000842026,False,Dispensa Com Disputa,00394452000103
8,Dispensa de Licitação,Divulgada no PNCP,F,,160259,1 GRUPO DE ARTILHARIA ANTIAEREA/RJ,RJ,Rio de Janeiro,"Aquisição de material descartável para distribuição, acondicionamento e serviço de gêneros alimentícios",50722.89,2026-10-05T12:20:00,2026-10-08T08:00:00,00394452000103-1-021545/2026,https://cnetmobile.estaleiro.serpro.gov.br/comprasnet-web/public/compras/acompanhamento-compra?compra=16025906000642026,False,Dispensa Com Disputa,00394452000103
8,Dispensa de Licitação,Divulgada no PNCP,F,,718000,EDF-SECRETARIA NAVAL S. N. E QUALIDADE,RJ,Rio de Janeiro,"Aquisição de tintas para impressoras (itens fracassados da Dispensa Eletrônica nº 15/2026), tintas para impressora Canon, da SecNSNQ",941.1,2026-10-05T13:06:00,2026-10-08T08:00:00,00394502000144-1-012982/2026,https://cnetmobile.estaleiro.serpro.gov.br/comprasnet-web/public/compras/acompanhamento-compra?compra=71800006000322026,False,Dispensa Com Disputa,00394502000144
8,Dispensa de Licitação,Divulgada no PNCP,F,,160254,1 BATALHAO DE INFANTARIA MOTORIZADO(ES)/RJ,RJ,Rio de Janeiro, Aquisição de material de segurança e monitoramento ,11389.91,2026-10-05T13:00:00,2026-10-08T08:00:00,00394452000103-1-021547/2026,https://cnetmobile.estaleiro.serpro.gov.br/comprasnet-web/public/compras/acompanhamento-compra?compra=16025406000462026,False,Dispensa Com Disputa,00394452000103
8,Dispensa de Licitação,Divulgada no PNCP,F,,740015,BASE NAVAL DA ILHA DAS COBRAS,RJ,Rio de Janeiro,"A presente contratação tem por finalidade suprir a necessidade de aquisição de equipamentos destinados a melhoria das atividades de armazenagem, movimentação e organização de materiais no almoxarifado e demais áreas logísticas da Organização Militar. A inexistência ou insuficiência desses equipamentos compromete a eficiência operacional, a segurança dos usuários e o adequado acondicionamento dos materiais sob responsabilidade da Administração.",34572.43,2026-10-05T14:05:00,2026-10-08T08:00:00,00394502000144-1-012989/2026,https://cnetmobile.estaleiro.serpro.gov.br/comprasnet-web/public/compras/acompanhamento-compra?compra=74001506000852026,False,Dispensa Com Disputa,00394502000144
8,Dispensa de Licitação,Divulgada no PNCP,F,,160313,ESCOLA DE CMDO E ESTADO-MAIOR DO EXERCITO/RJ,RJ,Rio de Janeiro,"Serviços de confecção de envelopes de identificação para utilização em concurso de admissão
da ECEME",21753.8,2026-10-05T10:00:00,2026-10-08T08:00:00,00394452000103-1-021560/2026,https://cnetmobile.estaleiro.serpro.gov.br/comprasnet-web/public/compras/acompanhamento-compra?compra=16031306000892026,False,Dispensa Com Disputa,00394452000103
8,Dispensa de Licitação,Divulgada no PNCP,F,,795400,BATALHAO DE OPERACOES ESPECIAIS DE FN,RJ,Rio de Janeiro,Aquisição de itens para adestramento de mergulho do Batalhão.,4407.9,2026-10-05T14:50:00,2026-10-08T08:00:00,00394502000144-1-012992/2026,https://cnetmobile.estaleiro.serpro.gov.br/comprasnet-web/public/compras/acompanhamento-compra?compra=79540006001532026,False,Dispensa Com Disputa,00394502000144
8,Dispensa de Licitação,Divulgada no PNCP,F,,732400,CENTRO DE ED.FÍSICA ALMIRANTE ADALBERTO NUNES,RJ,Rio de Janeiro,ATENÇÃO A DESCRIÇÃO DETALHADA DO OBJETO NA DOCUMENTAÇÃO ANEXADA. Aquisição de coletes esportivos,1703.2,2026-10-05T15:30:00,2026-10-08T08:00:00,00394502000144-1-012995/2026,https://cnetmobile.estaleiro.serpro.gov.br/comprasnet-web/public/compras/acompanhamento-compra?compra=73240006000872026,False,Dispensa Com Disputa,00394502000144
8,Dispensa de Licitação,Divulgada no PNCP,F,,160240,9ª BATERIA DE ARTILHARIA ANTIAÉREA,RJ,Macaé,Planejamento de contratação de empresa especializada no serviço de manutenção das câmaras frigoríficas,57566.4,2026-10-05T16:00:00,2026-10-08T08:00:00,00394452000103-1-021582/2026,https://cnetmobile.estaleiro.serpro.gov.br/comprasnet-web/public/compras/acompanhamento-compra?compra=16024006000102026,False,Dispensa Com Disputa,00394452000103
8,Dispensa de Licitação,Divulgada no PNCP,F,,160240,9ª BATERIA DE ARTILHARIA ANTIAÉREA,RJ,Macaé,Planejamento de contratação de empresa especializada em serviços diversos para o aprovisionamento e pelotão de obras,11100.9,2026-10-05T16:00:00,2026-10-08T08:00:00,00394452000103-1-021585/2026,https://cnetmobile.estaleiro.serpro.gov.br/comprasnet-web/public/compras/acompanhamento-compra?compra=16024006000232026,False,Dispensa Com Disputa,00394452000103
8,Dispensa de Licitação,Divulgada no PNCP,F,,254463,INSTITUTO OSWALDO CRUZ,RJ,Rio de Janeiro,Contratação de serviço de catalogação e sistematização da produção bibliográfica relativa à demanda e ao acesso ao procedimento de vasectomia no Sistema Único de Saúde (SUS). ,25000.0,2026-10-05T16:50:00,2026-10-08T08:00:00,33781055000135-1-001714/2026,https://cnetmobile.estaleiro.serpro.gov.br/comprasnet-web/public/compras/acompanhamento-compra?compra=25446306001952026,False,Dispensa Com Disputa,33781055000135
8,Dispensa de Licitação,Divulgada no PNCP,F,,160315,CENTRO DE CAPACITAÇÃO FÍSICA DO EXÉRCITO,RJ,Rio de Janeiro,"Aquisição de materiais, insumos e medicamentos.",7734.53,2026-10-05T08:00:00,2026-10-08T08:01:00,00394452000103-1-021448/2026,https://cnetmobile.estaleiro.serpro.gov.br/comprasnet-web/public/compras/acompanhamento-compra?compra=16031506000942026,False,Dispensa Com Disputa,00394452000103
8,Dispensa de Licitação,Divulgada no PNCP,M,,1206,FME-Barra Mansa,RJ,Barra Mansa,"CONFECÇÃO E FORNECIMENTO DE BANNERS, BEM COMO AQUISIÇÃO DE SUPORTES E ESTRUTURAS PARA SUA EXPOSIÇÃO",5347.71,2026-10-02T17:30:00,2026-10-08T08:30:00,45268662000185-1-000021/2026,,False,Dispensa Com Disputa,45268662000185
6,Pregão - Eletrônico,Divulgada no PNCP,M,,5268,FUNDO MUNICIPAL DE SAUDE DE PINHEIRAL,RJ,Pinheiral,SEI PNH-020819/000379/2026 AQUISIÇÃO DE FÓRMULAS INFANTIS PARA ATENDIMENTO AOS MUNÍCIPES ATENDIDOS PELA SECRETARIA MUNICIPAL DE SAÚDE.,1319131.5,2026-09-16T17:30:00,2026-10-08T08:55:00,01648573000199-1-000073/2026,,True,Aberto,01648573000199
6,Pregão - Eletrônico,Divulgada no PNCP,M,,931348,MRJ-FUNDO MUNICIPAL DE EDUCAÇÃO DE QUEIMADOS,RJ,Queimados,"1.1.	O objeto da presente licitação é aquisição de instrumentos musicais, para fins de atendimento às demandas das oficinas do Programa EDUQUE+, realizado nas Unidades Escolares de Ensino Fundamental da Rede Municipal de Ensino do Município de Queimados.",182357.98,2026-09-23T08:00:00,2026-10-08T08:59:00,52020762000153-1-000012/2026,https://cnetmobile.estaleiro.serpro.gov.br/comprasnet-web/public/compras/acompanhamento-compra?compra=93134805000072026,False,Aberto,52020762000153
6,Pregão - Eletrônico,Divulgada no PNCP,F,,250052,INSTITUTO NACIONAL DO CANCER - RJ,RJ,Rio de Janeiro,"AQUISIÇÃO DE SERRAS, LÂMINAS, FRESAS E BROCAS P/ CIRURGIAS CRÂNIO E MAXILOFACIAIS. ( PROCESSO: 25410.006051/2025-19 )",464440.0,2026-09-18T09:00:00,2026-10-08T08:59:00,00394544000185-1-002008/2026,https://cnetmobile.estaleiro.serpro.gov.br/comprasnet-web/public/compras/acompanhamento-compra?compra=25005205009082026,True,Aberto,00394544000185
6,Pregão - Eletrônico,Divulgada no PNCP,F,,250052,INSTITUTO NACIONAL DO CANCER - RJ,RJ,Rio de Janeiro,AQUISIÇÃO DE CATETERES E OUTROS,781109.24,2026-09-23T09:00:00,2026-10-08T08:59:00,00394544000185-1-002046/2026,https://cnetmobile.estaleiro.serpro.gov.br/comprasnet-web/public/compras/acompanhamento-compra?compra=25005205000982026,True,Aberto,00394544000185
6,Pregão - Eletrônico,Divulgada no PNCP,M,,8310,SECRETARIA MUNICIPAL DE ESPORTE E JUVENTUDE,RJ,Quissamã,[Portal de Compras Públicas] - Registro de Preços para aquisição de materiais e equipamentos para atender as escolinhas esportivas.,1333829.39,2026-09-24T09:00:00,2026-10-08T08:59:00,31505027000160-1-000089/2026,https://www.portaldecompraspublicas.com.br/processos/RJ/Prefeitura-Municipal-de-Quissama-3047/RPE-038-2026-2026-511936,True,Aberto,31505027000160
6,Pregão - Eletrônico,Divulgada no PNCP,F,,250052,INSTITUTO NACIONAL DO CANCER - RJ,RJ,Rio de Janeiro,AQUISIÇÃO DE REAGENTES LABORATORIAIS (PROCESSO: 25410.006414/2024-27),420100.9,2026-10-02T09:00:00,2026-10-08T08:59:00,00394544000185-1-002159/2026,https://cnetmobile.estaleiro.serpro.gov.br/comprasnet-web/public/compras/acompanhamento-compra?compra=25005205008852026,True,Aberto,00394544000185
8,Dispensa de Licitação,Divulgada no PNCP,M,,927827,FUNDAÇAO ESTATAL DE SAÚDE DE NITERÓI - RJ,RJ,Niterói,"Aquisição de camisas personalizadas (abadás) para o Bloco Loucos Pela Vida! 2027, organizado pela Rede de Atenção Psicossocial (RAPS), sob a gestão da Fundação Estatal de Saúde de Niterói (FeSaúde). ",22812.65,2026-09-30T11:00:00,2026-10-08T08:59:00,34906284000100-1-000045/2026,https://cnetmobile.estaleiro.serpro.gov.br/comprasnet-web/public/compras/acompanhamento-compra?compra=92782706000322026,False,Dispensa Com Disputa,34906284000100
8,Dispensa de Licitação,Divulgada no PNCP,F,,765000,DIRETORIA DE SAUDE DA MARINHA,RJ,Rio de Janeiro,Aquisição de Materiais de Relações Públicas para a DSM,52498.72,2026-10-05T11:30:00,2026-10-08T08:59:00,00394502000144-1-012970/2026,https://cnetmobile.estaleiro.serpro.gov.br/comprasnet-web/public/compras/acompanhamento-compra?compra=76500006000732026,False,Dispensa Com Disputa,00394502000144
4,Concorrência - Eletrônica,Divulgada no PNCP,M,,928517,FM EDUCAÇÃO RIO DAS FLORES,RJ,Rio das Flores,Contratação de empresa para adequação e reforma das Unidades Escolares para garantir acessibilidade,398930.84,2026-08-18T08:00:00,2026-10-08T09:00:00,30686610000151-1-000004/2026,https://cnetmobile.estaleiro.serpro.gov.br/comprasnet-web/public/compras/acompanhamento-compra?compra=92851703000062026,False,Fechado,30686610000151
4,Concorrência - Eletrônica,Divulgada no PNCP,M,,985847,PREFEITURA MUNICIPAL DE MACAE - RJ,RJ,Macaé,"CONTRATAÇÃO DE EMPRESA ESPECIALIZADA EM CONSTRUÇÃO CIVIL PARA CONSTRUÇÃO DE PONTE NA ESTRADA DO IMBURO, LOCALIZADA EM MACAÉ - RJ, COM FORNECIMENTO DE MATERIAIS, EQUIPAMENTOS NECESSÁRIOS E MÃO-DE-OBRA.",3078383.93,2026-09-22T16:00:00,2026-10-08T09:00:00,29115474000160-1-000629/2026,https://cnetmobile.estaleiro.serpro.gov.br/comprasnet-web/public/compras/acompanhamento-compra?compra=98584703006232026,False,Aberto,29115474000160
6,Pregão - Eletrônico,Divulgada no PNCP,M,,926850,FUNDO MUNICIPAL DE SAÚDE DE VOLTA REDONDA-RJ,RJ,Volta Redonda,"Registro de preços para futura e eventual aquisição de medicamento para suprir as necessidades da Secretaria Municipal de Saúde/PMVR no atendimento da Rede Especializada, Urgência e Emergência e Atenção Hospitalar de Saúde de Volta Redonda.",8036284.46,2026-09-28T08:00:00,2026-10-08T09:00:00,39563911000162-1-000181/2026,https://cnetmobile.estaleiro.serpro.gov.br/comprasnet-web/public/compras/acompanhamento-compra?compra=92685005001122026,True,Aberto-Fechado,39563911000162
6,Pregão - Eletrônico,Divulgada no PNCP,F,,254446,INSTITUTO DE TECNOLOGIA EM FARMACOS,RJ,Rio de Janeiro,Aquisição de Ferramentas,0.0,2026-09-14T08:00:00,2026-10-08T09:00:00,33781055000135-1-001539/2026,https://cnetmobile.estaleiro.serpro.gov.br/comprasnet-web/public/compras/acompanhamento-compra?compra=25444605008752026,True,Aberto-Fechado,33781055000135
6,Pregão - Eletrônico,Divulgada no PNCP,M,,985847,PREFEITURA MUNICIPAL DE MACAE - RJ,RJ,Macaé,"Registro de preço para eventual e futura aquisição de equipamentos de ar condicionado dos tipos Split System, Cortina de ar e Janela (ACJ), incluindo a instalação dos mesmos, para atender as demandas dos diversos Órgãos e setores da Prefeitura Municipal de Macaé através da Secretaria Municipal de Administração",4487817.55,2026-09-24T18:00:00,2026-10-08T09:00:00,29115474000160-1-000618/2026,https://cnetmobile.estaleiro.serpro.gov.br/comprasnet-web/public/compras/acompanhamento-compra?compra=98584705006132026,True,Aberto,29115474000160
6,Pregão - Eletrônico,Divulgada no PNCP,F,,254463,INSTITUTO OSWALDO CRUZ,RJ,Rio de Janeiro,Material de Proteção e Segurança,0.0,2026-09-18T08:00:00,2026-10-08T09:00:00,33781055000135-1-001616/2026,https://cnetmobile.estaleiro.serpro.gov.br/comprasnet-web/public/compras/acompanhamento-compra?compra=25446305001982026,True,Aberto-Fechado,33781055000135
6,Pregão - Eletrônico,Divulgada no PNCP,M,,450068,PREFEITURA MUNICIPAL DE VOLTA REDONDA-RJ,RJ,Volta Redonda,Contratação de Empresa Especializada Para a Confecção de Uniformes da SMPDA,59619.09,2026-09-23T08:00:00,2026-10-08T09:00:00,32512501000143-1-000390/2026,https://cnetmobile.estaleiro.serpro.gov.br/comprasnet-web/public/compras/acompanhamento-compra?compra=45006805002552026,False,Aberto-Fechado,32512501000143
6,Pregão - Eletrônico,Divulgada no PNCP,M,,985847,PREFEITURA MUNICIPAL DE MACAE - RJ,RJ,Macaé,"Aquisição de equipamentos eletrônicos e eletrodomésticos, visando atender as necessidades da Secretaria Municipal de Desenvolvimento Social, Direitos Humanos, Acessibilidade e Economia Solidária",470807.06,2026-09-22T16:00:00,2026-10-08T09:00:00,29115474000160-1-000634/2026,https://cnetmobile.estaleiro.serpro.gov.br/comprasnet-web/public/compras/acompanhamento-compra?compra=98584705006302026,False,Aberto,29115474000160
6,Pregão - Eletrônico,Divulgada no PNCP,F,,254420,FUNDACAO OSWALDO CRUZ/RJ,RJ,Rio de Janeiro,"O objeto da presente licitação é a de Preços aquisição de material e Insumos para  uso em Biotério, para prover as unidades da Fiocruz nos através de Registro Estados do Paraná, Rondônia, São Paulo e Mato Grosso do Sul conforme condições, quantidades e exigências estabelecidas neste Edital e seus anexos.",346649.89,2026-09-23T08:00:00,2026-10-08T09:00:00,33781055000135-1-001643/2026,https://cnetmobile.estaleiro.serpro.gov.br/comprasnet-web/public/compras/acompanhamento-compra?compra=25442005000192026,True,Aberto,33781055000135
6,Pregão - Eletrônico,Suspensa,F,,795380,BASE DE FUZILEIROS NAVAIS DA ILHA DAS FLORES,RJ,São Gonçalo,"A presente demanda objetiva o registro de preços para uma eventual e futura contratação de uma empresa especializada para prestação de serviço de gerenciamento de manutenções preventivas e corretivas em veículos administrativos com fornecimento de insumos, acessórios e peças originais ou similares com as mesmas especificações técnicas (ABNT NBR 15296), junto à rede credenciada, e transporte por guincho, por meio de sistema informatizado e integrado para gestão de frota.",3339042.95,2026-09-24T08:00:00,2026-10-08T09:00:00,00394502000144-1-012240/2026,https://cnetmobile.estaleiro.serpro.gov.br/comprasnet-web/public/compras/acompanhamento-compra?compra=79538005000322026,True,Aberto,00394502000144
6,Pregão - Eletrônico,Divulgada no PNCP,E,,096100,FUNDO ESPECIAL DA PROCURADORIA GERAL DO ERJ,RJ,Rio de Janeiro,"Contratação de empresa prestadora dos serviços de recepcionista, de natureza contínua, com disponibilização de mão de obra, nas dependências da Procuradoria Geral do Estado do Rio de Janeiro (Edifício Sede, Centro Cultural da PGE/RJ e Câmara de Resolução de Litígios em Saúde, localizados no Centro da Cidade do Rio de Janeiro, e Procuradorias Regionais da PGE-RJ), nos Termos do Termo de Referência e conforme legislação vigente.",1594530.96,2026-09-24T09:00:00,2026-10-08T09:00:00,42498600000171-1-004000/2026,https://www.compras.rj.gov.br/EditaisLicitacoes/detalhar.action?idLic=37447,False,Aberto-Fechado,42498600000171
6,Pregão - Eletrônico,Divulgada no PNCP,M,,44356,Fundação Mario Peixoto,RJ,Mangaratiba,"Registro de Preços para futura e eventual contratação de empresa especializada  na prestação de serviços gráficos sob demanda, destinados ao atendimento das  necessidades administrativas, institucionais, culturais, educativas, patrimoniais, museológicas,  turísticas e de comunicação visual da Fundação Mário Peixoto, compreendendo confecção,  impressão, personalização, acabamento, fornecimento e, quando previsto na especificação do  item, instalação dos materiais e serviços correlatos.",1374986.05,2026-09-25T08:00:00,2026-10-08T09:00:00,28455749000142-1-000014/2026,,True,Aberto,28455749000142
6,Pregão - Eletrônico,Divulgada no PNCP,M,,926687,SERVICO AUTON DE AGUA E ESG DE VOLTA REDONDA,RJ,Volta Redonda,AQUISIÇÃO DE EQUIPAMENTOS LABORATORIAIS E DE CAMPO,66176.68,2026-09-28T08:00:00,2026-10-08T09:00:00,32504706000187-1-000105/2026,https://cnetmobile.estaleiro.serpro.gov.br/comprasnet-web/public/compras/acompanhamento-compra?compra=92668705002162026,False,Aberto-Fechado,32504706000187
6,Pregão - Eletrônico,Divulgada no PNCP,F,,731040,CENTRO TECNOLÓGICO DO CORPO DE FUZILEIROS NAV,RJ,Rio de Janeiro,Aquisição de insumos para a manutenção da piscina do CTecCFN,150031.85,2026-09-25T09:00:00,2026-10-08T09:00:00,00394502000144-1-012439/2026,https://cnetmobile.estaleiro.serpro.gov.br/comprasnet-web/public/compras/acompanhamento-compra?compra=73104005000882026,False,Aberto,00394502000144
6,Pregão - Eletrônico,Divulgada no PNCP,F,,254450,ESCOLA NAC. DE SAÚDE PÚBLICA SÉRGIO AROUCA,RJ,Rio de Janeiro,Aquisição de Material Odontológico,38949.07,2026-09-25T08:00:00,2026-10-08T09:00:00,33781055000135-1-001671/2026,https://cnetmobile.estaleiro.serpro.gov.br/comprasnet-web/public/compras/acompanhamento-compra?compra=25445005003572026,True,Aberto,33781055000135
6,Pregão - Eletrônico,Divulgada no PNCP,M,,928049,MRJ-FUNDAÇÃO APOIO ESC.T.C.T E.L.C P. SOCIAIS,RJ,Duque de Caxias,"Aquisição de material de construção em geral, ferramentas e insumos correlatos, visando atender às demandas de manutenção, reparos e adequações de infraestrutura da Sede da FUNDEC e das suas Unidades de Ensino, além do material necessário para a execução dos cursos profissionalizantes e qualificações promovidos pela Fundação, conforme condições, quantidades, especificações e demais exigências estabelecidas no Termo de Referência",2298482.93,2026-09-25T09:00:00,2026-10-08T09:00:00,07432522000101-1-000013/2026,https://cnetmobile.estaleiro.serpro.gov.br/comprasnet-web/public/compras/acompanhamento-compra?compra=92804905000102026,True,Aberto,07432522000101
6,Pregão - Eletrônico,Divulgada no PNCP,F,,160279,57 BATALHAO DE INFANTARIA MOTORIZADO(ES)-RJ,RJ,Rio de Janeiro,Aquisição de material de manutenção de bens imóveis baseada nos descontos ofertados sobre a Tabela SINAPI-RJ (sem desoneração) para que sejam atendidas as necessidades do 57º Batalhão de Infantaria Motorizado Escola (Regimento Escola de Infantaria ),250000.0,2026-09-28T09:00:00,2026-10-08T09:00:00,00394452000103-1-021033/2026,https://cnetmobile.estaleiro.serpro.gov.br/comprasnet-web/public/compras/acompanhamento-compra?compra=16027905000432026,False,Aberto-Fechado,00394452000103
7,Pregão - Presencial,Divulgada no PNCP,M,,450068,PREFEITURA MUNICIPAL DE VOLTA REDONDA-RJ,RJ,Volta Redonda,"Contratação de Empresa Especializada para Prestação de Serviço de Transporte (Ônibus, Micro-Ônibus e Van) Para Atender as Necessidades da PMVR",2574376.75,2026-09-22T08:00:00,2026-10-08T09:00:00,32512501000143-1-000296/2026,,True,Aberto,32512501000143
8,Dispensa de Licitação,Anulada,F,,090028,TRIBUNAL REGIONAL FEDERAL DA 2A. REGIAO,RJ,Rio de Janeiro,Aquisição de insumos gráficos e demais materiais de sinalização visual para utilização na Gráfica da Justiça Federal da 2a Região.,0.0,2026-10-05T17:00:00,2026-10-08T09:00:00,32243347000151-1-000160/2026,https://cnetmobile.estaleiro.serpro.gov.br/comprasnet-web/public/compras/acompanhamento-compra?compra=09002806000992026,False,Dispensa Com Disputa,32243347000151
8,Dispensa de Licitação,Divulgada no PNCP,F,,135305,CONAB-SEDE SUPERINT.REGIONAL/RJ,RJ,Rio de Janeiro,"Vaso Sanitário, Material: Louça, Cor: Branca, Características Adicionais: Caixa Acoplada, Acionamento Duplo - Tipo: Modelo Vogue Plus. ",1416.51,2026-10-05T09:00:00,2026-10-08T09:00:00,26461699000180-1-000325/2026,https://cnetmobile.estaleiro.serpro.gov.br/comprasnet-web/public/compras/acompanhamento-compra?compra=13530506000102026,False,Dispensa Com Disputa,26461699000180
8,Dispensa de Licitação,Divulgada no PNCP,M,,985867,PREFEITURA MUNICIPAL DE NOVA FRIBURGO - RJ,RJ,Nova Friburgo,"CONTRATAÇÃO DE EMPRESA ESPECIALIZADA NO FORNECIMENTO DE BUFFET E A CONTRATAÇÃO DE SERVIÇO DE AGENCIAMENTO/INTERMEDIAÇÃO PARA HOSPEDAGEM, DESTINADO À RESERVA DE DIÁRIAS EM HOTEL OU POUSADA, PARA REALIZAÇÃO E O DESENVOLVIMENTO DA 12ª CONFERÊNCIA MUNICIPAL DOS DIREITOS DA CRIANÇA E DO ADOLESCENTE DE 2026 DE NOVA FRIBURGO.",0.0,2026-09-30T15:00:00,2026-10-08T09:00:00,28606630000123-1-000125/2026,https://cnetmobile.estaleiro.serpro.gov.br/comprasnet-web/public/compras/acompanhamento-compra?compra=98586706000792026,False,Dispensa Com Disputa,28606630000123
8,Dispensa de Licitação,Divulgada no PNCP,F,,173039,MF-SUSEP-SUPERINT.DE SEGUROS PRIVADOS/RJ,RJ,Rio de Janeiro,"Contratação de empresa especializada para a produção, fornecimento e instalação, sob demanda, de quadros institucionais destinados às galerias dos ex-Superintendentes da SUSEP, nas unidades de Brasília/DF e Rio de Janeiro/RJ, compreendendo tratamento e padronização de imagens, impressão fotográfica, confecção de molduras e elementos de identificação, montagem, transporte e instalação, conforme especificações e quantitativos a serem definidos no Termo de Referência.",16341.5,2026-10-02T09:00:00,2026-10-08T09:00:00,42354068000119-1-000077/2026,https://cnetmobile.estaleiro.serpro.gov.br/comprasnet-web/public/compras/acompanhamento-compra?compra=17303906001012026,False,Dispensa Com Disputa,42354068000119
8,Dispensa de Licitação,Divulgada no PNCP,M,,927761,SERVIÇO AUTONOMO HOSPITALAR DE VOLTA REDONDA,RJ,Volta Redonda,AQUISIÇÃO DE SEMAGLUTIDA 1MG,19320.0,2026-10-05T09:00:00,2026-10-08T09:00:00,29063294000182-1-000311/2026,https://cnetmobile.estaleiro.serpro.gov.br/comprasnet-web/public/compras/acompanhamento-compra?compra=92776106002672026,False,Dispensa Com Disputa,29063294000182
8,Dispensa de Licitação,Divulgada no PNCP,F,,152004,INSTITUTO BENJAMIN CONSTANT,RJ,Rio de Janeiro,Aquisição de materiais para o Livro Tátil.,789.0,2026-10-05T09:00:00,2026-10-08T09:00:00,00394445000101-1-000245/2026,https://cnetmobile.estaleiro.serpro.gov.br/comprasnet-web/public/compras/acompanhamento-compra?compra=15200406001752026,False,Dispensa Com Disputa,00394445000101
8,Dispensa de Licitação,Divulgada no PNCP,F,,765705,UNIDADE INTEGRADA DE SAUDE MENTAL,RJ,Rio de Janeiro,Aquisição de material para a oficina de carpintaria,38150.91,2026-10-05T09:00:00,2026-10-08T09:00:00,00394502000144-1-012927/2026,https://cnetmobile.estaleiro.serpro.gov.br/comprasnet-web/public/compras/acompanhamento-compra?compra=76570506001412026,False,Dispensa Com Disputa,00394502000144
8,Dispensa de Licitação,Divulgada no PNCP,F,,135305,CONAB-SEDE SUPERINT.REGIONAL/RJ,RJ,Rio de Janeiro,"Equipamentos de Proteção coletiva - EPC's e Equipamentos de Proteção Individual - EPI's, para as subestações de energia da SUREG RJ, localizadas nos Hortomercados de Humaitá e Leblon",28235.96,2026-10-05T09:00:00,2026-10-08T09:00:00,26461699000180-1-000336/2026,https://cnetmobile.estaleiro.serpro.gov.br/comprasnet-web/public/compras/acompanhamento-compra?compra=13530506000112026,False,Dispensa Com Disputa,26461699000180
8,Dispensa de Licitação,Divulgada no PNCP,F,,160252,1º BATALHÃO DE ENGENHARIA DE COMBATE,RJ,Rio de Janeiro,"Módulo do curso de mecânico de moto aquática, com, no mínimo, os seguintes conteúdos: introdução com o professor; conhecimentos de navegação e segurança; mecânica de moto aquática; parte elétrica da moto aquática; sistema de injeção eletrônica; sistema de refrigeração da moto aquática; componentes atuadores da moto aquática; turbina de moto aquática; sistema de turbo da moto aquática; sistema de alimentação a ar moto aquática; lubrificação da moto aquática; sistema de diagnóstico e elétrica. ",56659.42,2026-10-05T09:00:00,2026-10-08T09:00:00,00394452000103-1-021519/2026,https://cnetmobile.estaleiro.serpro.gov.br/comprasnet-web/public/compras/acompanhamento-compra?compra=16025206000652026,False,Dispensa Com Disputa,00394452000103
8,Dispensa de Licitação,Divulgada no PNCP,M,,927761,SERVIÇO AUTONOMO HOSPITALAR DE VOLTA REDONDA,RJ,Volta Redonda,O objeto do presente procedimento administrativo é a aquisição de pacote cirúrgico universal para o Serviço Autônomo Hospitalar/Hospital São João Batista.,28140.0,2026-10-05T17:00:00,2026-10-08T09:00:00,29063294000182-1-000315/2026,https://cnetmobile.estaleiro.serpro.gov.br/comprasnet-web/public/compras/acompanhamento-compra?compra=92776106002692026,True,Dispensa Com Disputa,29063294000182
6,Pregão - Eletrônico,Divulgada no PNCP,F,,765701,HOSPITAL CENTRAL_DA MARINHA,RJ,Rio de Janeiro,Contratação de empresa especializada para execução dos serviços de substituição das calhas do Prédio de Administração e da Capela do Hospital Central da Marinha.,145961.19,2026-09-24T09:30:00,2026-10-08T09:15:00,00394502000144-1-012346/2026,https://cnetmobile.estaleiro.serpro.gov.br/comprasnet-web/public/compras/acompanhamento-compra?compra=76570105000622026,False,Aberto-Fechado,00394502000144
6,Pregão - Eletrônico,Suspensa,F,,765720,HOSPITAL NAVAL MARCILIO DIAS - MM,RJ,Rio de Janeiro,Aquisição de Mobiliário,1682292.0,2026-09-21T09:30:00,2026-10-08T09:30:00,00394502000144-1-012041/2026,https://cnetmobile.estaleiro.serpro.gov.br/comprasnet-web/public/compras/acompanhamento-compra?compra=76572005002072026,True,Aberto-Fechado,00394502000144
6,Pregão - Eletrônico,Suspensa,F,,791800,BASE NAVAL DO RIO DE JANEIRO/RJ,RJ,Niterói,O objeto do presente instrumento é a contratação de serviços de Instalação de Anodos.,210000.0,2026-09-23T09:30:00,2026-10-08T09:30:00,00394502000144-1-012237/2026,https://cnetmobile.estaleiro.serpro.gov.br/comprasnet-web/public/compras/acompanhamento-compra?compra=79180005000622026,False,Aberto,00394502000144
6,Pregão - Eletrônico,Divulgada no PNCP,F,,740014,CENTRO LOGISTICO DO MATERIAL DA MARINHA,RJ,Rio de Janeiro,"Aquisição de Sistema de Governo para o Navio-Patrulha ""Miramar""",1207500.0,2026-09-24T09:30:00,2026-10-08T09:30:00,00394502000144-1-012348/2026,https://cnetmobile.estaleiro.serpro.gov.br/comprasnet-web/public/compras/acompanhamento-compra?compra=74001405001952026,False,Aberto-Fechado,00394502000144
6,Pregão - Eletrônico,Divulgada no PNCP,F,,160298,COMANDO DA 1 REGIAO MILITAR/RJ,RJ,Rio de Janeiro,Contratação de Serviços Gráficos,657528.0,2026-09-24T08:30:00,2026-10-08T09:30:00,00394452000103-1-020820/2026,https://cnetmobile.estaleiro.serpro.gov.br/comprasnet-web/public/compras/acompanhamento-compra?compra=16029805001162026,True,Aberto-Fechado,00394452000103
6,Pregão - Eletrônico,Divulgada no PNCP,F,,744021,CENTRO DE MANUTENÇÃO DE SISTEMA DA MARINHA,RJ,Rio de Janeiro,"Aquisição de cabos elétricos, de instrumentação, de transmissão de dados, de fibra óptica e coaxiais, destinados à instalação,
alimentação e interligação dos equipamentos e sistemas do Navio-Patrulha “Mirama",998085.17,2026-09-25T09:30:00,2026-10-08T09:30:00,00394502000144-1-012390/2026,https://cnetmobile.estaleiro.serpro.gov.br/comprasnet-web/public/compras/acompanhamento-compra?compra=74402105001392026,True,Aberto-Fechado,00394502000144
6,Pregão - Eletrônico,Divulgada no PNCP,F,,254447,MS-INSTITUTO FERNANDES FIGUEIRA/FIOCRUZ/RJ,RJ,Rio de Janeiro,Aquisição eventual de medicamentos psicotrópicos e entorpescentes.,2347.5,2026-09-28T08:00:00,2026-10-08T09:30:00,33781055000135-1-001679/2026,https://cnetmobile.estaleiro.serpro.gov.br/comprasnet-web/public/compras/acompanhamento-compra?compra=25444705002272026,True,Aberto,33781055000135
6,Pregão - Eletrônico,Divulgada no PNCP,F,,752100,CENTRO DE INSTRUCAO ALMIRANTE GRACA ARANHA,RJ,Rio de Janeiro,Sistema de Registro de Preços para aquisição de materiais para reforma e manutenção dos camarotes da EFOMM,224296.0,2026-09-28T09:30:00,2026-10-08T09:30:00,00394502000144-1-012527/2026,https://cnetmobile.estaleiro.serpro.gov.br/comprasnet-web/public/compras/acompanhamento-compra?compra=75210005001672026,True,Aberto,00394502000144
8,Dispensa de Licitação,Divulgada no PNCP,M,,000000001,PREFEITURA MUNICIPAL DE ITATIAIA,RJ,Itatiaia,"Contratação de empresa especializada para a prestação dos serviços de apoio à segurança, controle de acesso , limpeza, apoio operacional e pronto atendimento médico através de ambulância de suporte avançado (Tipo D- UTI MÓVEL) devidamente equipada, com equipe profissional e medicamentos durante o evento “PENEDO MUSIC BEER FEST”, a ser realizado no Campo Finlandês, em Penedo - Itatiaia/RJ nos dias 16 e 17 de outubro de 2026.",33441.38,2026-10-05T08:00:00,2026-10-08T09:30:00,31846892000170-1-000080/2026,https://bnccompras.com/Process/ProcessView?param1=[gkz]eCIQ2TWzASyxDrxlR2NnxScwRbPYen0S9tP7FV7ol2ULLGkYYyksXU9MhskzK3n4CEPLUWwYMNRHRQuBBT2aMkI84YkQMgMCqZYsS6CbK2k=,False,Dispensa Com Disputa,31846892000170
6,Pregão - Eletrônico,Divulgada no PNCP,M,,980770,PREFEITURA MUNICIPAL DE ARMAÇÃO DOS BÚZIOS-RJ,RJ,Armação dos Búzios,"Fornecimento, garantia dos equipamentos, mobiliários e recursos tecnológicos destinados à implantação de Sala multissensorial, visando promover estímulos sensoriais, cognitivos motoras, emocionais e comportamentos, atendendo usuários com deficiência, transtornos do Neurodesenvolvimento, necessidades específicas de aprendizagem e demais públicos beneficiários das políticas de inclusão e acessibilidade",257886.2,2026-09-28T08:00:00,2026-10-08T09:50:00,01616171000102-1-000071/2026,https://cnetmobile.estaleiro.serpro.gov.br/comprasnet-web/public/compras/acompanhamento-compra?compra=98077005000232026,False,Aberto,01616171000102
6,Pregão - Eletrônico,Suspensa,E,,404340,HOSPITAL UNIVERSITARIO PEDRO ERNESTO,RJ,Rio de Janeiro,A contratação de laboratório especializado para prestação de serviço de apoio para a realização de exames anatomopatológicos para a UDA de Anatomia Patológica do Hospital Universitário Pedro Ernesto.,158400.0,2026-09-29T13:30:00,2026-10-08T09:59:00,42498600000171-1-002672/2026,https://www.compras.rj.gov.br/EditaisLicitacoes/detalhar.action?idLic=36944,False,Aberto,42498600000171
6,Pregão - Eletrônico,Suspensa,E,,404310,ADMINISTRACAO CENTRAL,RJ,Rio de Janeiro,"Aquisição de equipamentos laboratoriais para a Faculdade de Ciências Médicas (FCM), campus Cabo Frio, da Universidade do Estado do Rio de Janeiro - UERJ, em conformidade com a legislação vigente.",359470.59,2026-09-29T13:00:00,2026-10-08T09:59:00,42498600000171-1-003617/2026,https://www.compras.rj.gov.br/EditaisLicitacoes/detalhar.action?idLic=37323,False,Aberto,42498600000171
6,Pregão - Eletrônico,Divulgada no PNCP,E,,404340,HOSPITAL UNIVERSITARIO PEDRO ERNESTO,RJ,Rio de Janeiro,"Aquisição de produtos químicos, por licitação (pregão eletrônico), para o Hospital Universitário Pedro Ernesto.",41668.97,2026-09-29T13:00:00,2026-10-08T09:59:00,42498600000171-1-003734/2026,https://www.compras.rj.gov.br/EditaisLicitacoes/detalhar.action?idLic=37359,False,Aberto,42498600000171
6,Pregão - Eletrônico,Divulgada no PNCP,E,,404340,HOSPITAL UNIVERSITARIO PEDRO ERNESTO,RJ,Rio de Janeiro,"Contratação de empresa especializada, mediante a renovação com upgrade do fornecimento da solução Kaspersky Endpoint Security for Business para Kaspersky NEXT EDR Optimum para o Hospital Universitário Pedro Ernesto.",615948.25,2026-09-29T09:40:00,2026-10-08T09:59:00,42498600000171-1-003750/2026,https://www.compras.rj.gov.br/EditaisLicitacoes/detalhar.action?idLic=37365,False,Aberto,42498600000171
6,Pregão - Eletrônico,Divulgada no PNCP,M,,986001,MRJ-PREFEITURA MUNICIPAL DO RIO DE JANEIRO,RJ,Rio de Janeiro,"Locação de máquina cortafora de grama, tipo giro zero, sem operador.",11449267.3,2026-09-17T09:00:00,2026-10-08T09:59:00,42498733000148-1-001874/2026,https://cnetmobile.estaleiro.serpro.gov.br/comprasnet-web/public/compras/acompanhamento-compra?compra=98600105016102026,False,Aberto,42498733000148
6,Pregão - Eletrônico,Divulgada no PNCP,M,,654,Prefeitura Municipal de Porto Real - RJ,RJ,Porto Real,"Locação de sistema completo de mamografia digital direta, incluindo mamógrafo digital, impressora radiológica a seco (dry) sistema PACS e fornecimento de laudos radiológicos",503186.88,2026-09-17T09:59:00,2026-10-08T09:59:00,01612355000102-1-000057/2026,https://comprasbr.com.br/pregao-eletronico-detalhe/?idlicitacao=48374,False,Aberto,01612355000102
6,Pregão - Eletrônico,Divulgada no PNCP,M,,1,PREFEITURA MUNICIPAL DE SÃO FRANCISCO DE ITABAPOANA,RJ,São Francisco de Itabapoana,Registro de preços para futura e eventual contratação de empresa especializada em fornecimento de materiais didáticos,5625535.0,2026-09-18T10:37:00,2026-10-08T09:59:00,01623783000122-1-000087/2026,https://bnccompras.com/Process/ProcessView?param1=[gkz]O0tdibwd_yTLMwh90UzqIv/5SHxrtr5iSwTmc/ZkcL1unS_3lOdtX4Ct1XXZZjd3OEhh1yB3iv200zAVF6DHIpCJTXMtSFaYkr76VT10yUY=,False,Aberto,01623783000122
6,Pregão - Eletrônico,Divulgada no PNCP,M,,290,Prefeitura Municipal de Miguel Pereira - RJ,RJ,Miguel Pereira,"AQUISIÇÃO DE FÓRMULAS INFANTIS, DIETAS E SUPLEMENTOS ALIMENTARES CONSIDERADOS INDISPENSÁVEIS PARA ASSEGURAR A ASSISTÊNCIA INTEGRAL À SAÚDE NO ÂMBITO DA SECRETARIA MUNICIPAL DE SAÚDE, VISANDO GARANTIR O FORNECIMENTO ININTERRUPTO, REGULAR E EM CONFORMIDADE COM AS DIRETRIZES DO SISTEMA ÚNICO DE SAÚDE (SUS)",168212.16,2026-09-22T12:00:00,2026-10-08T09:59:00,32415283000129-1-000090/2026,https://comprasbr.com.br/pregao-eletronico-detalhe/?idlicitacao=48504,True,Aberto,32415283000129
6,Pregão - Eletrônico,Divulgada no PNCP,M,,330,Prefeitura Municipal de Paty do Alferes- RJ,RJ,Paty do Alferes,"AQUISIÇÃO DE TINTAS E MATERIAIS DE PINTURA, PARA ATENDER AS NECESSIDADES DAS SECRETARIAS E FUNDOS DO MUNICÍPIO DE PATY DO ALFERES",1057237.35,2026-09-25T13:00:00,2026-10-08T09:59:00,31844889000117-1-000134/2026,https://comprasbr.com.br/pregao-eletronico-detalhe/?idlicitacao=48600,True,Aberto,31844889000117
6,Pregão - Eletrônico,Divulgada no PNCP,E,,404340,HOSPITAL UNIVERSITARIO PEDRO ERNESTO,RJ,Rio de Janeiro,"Aquisição de medicamentos, por licitação (pregão eletrônico), para o Hospital Universitário Pedro Ernesto.",605010.5,2026-09-29T13:00:00,2026-10-08T09:59:00,42498600000171-1-004166/2026,https://www.compras.rj.gov.br/EditaisLicitacoes/detalhar.action?idLic=37515,False,Aberto,42498600000171
4,Concorrência - Eletrônica,Divulgada no PNCP,M,,1,MUNICIPIO DE PETROPOLIS,RJ,Petrópolis,"CONTRATAÇÃO DE EMPRESA PARA EXECUÇÃO DE OBRA PREVENTIVA DE CONTENÇÃO DE ENCOSTAS NA LOCALIDADE DA RUA ATILIO MAROTTI, QUARTEIRÃO BRASILEIRO – PETRÓPOLIS/RJ – TERMO DE COMPROMISSO Nº 966272/2024 – CAIXA/MINISTÉRIO DAS CIDADES.",7339488.06,2026-09-18T15:00:00,2026-10-08T10:00:00,29138344000143-1-000288/2026,https://bllcompras.com/Process/ProcessView?param1=[gkz]O0CRzPrjD0IQqzaM43Vtuyg2hDjeQdl6pp6MhWY4pkaIBfjQGB_roBvjqd8wbHGORGOH23uZuktG93xyKAQN9brxR/GprTPMpiUZvY0sW6E=,False,Aberto,29138344000143
6,Pregão - Eletrônico,Divulgada no PNCP,F,,150182,PRÓ-REITORIA DE ADMINISTRAÇÃO,RJ,Niterói,"Registro de Preços para a Contratação, com serviços de mão de obra dedicada, de profissionais especializados em apoio educacional inclusivo, para atender às demandas da Divisão de Acessibilidade e Inclusão, vinculados à Proaes",9500185.2,2026-09-24T08:00:00,2026-10-08T10:00:00,28523215000106-1-000164/2026,https://cnetmobile.estaleiro.serpro.gov.br/comprasnet-web/public/compras/acompanhamento-compra?compra=15018205000512026,True,Aberto,28523215000106
6,Pregão - Eletrônico,Divulgada no PNCP,F,,495130,MRJ-COMPANHIA DE PESQUISA D RECURSOS MINERAIS,RJ,Rio de Janeiro,"Contratação de empresa especializada para a prestação de serviços de vigilância patrimonial armada e desarmada, totalizando em 03 (três) postos para atendimento das necessidades da Superintendência Regional de Belém - SUREG-BE, localizada na Avenida Doutor Freitas, 3645, Bairro Marco – Belém-PA, conforme as especificações constantes do Termo de Referência do Edital.",542964.84,2026-09-17T08:00:00,2026-10-08T10:00:00,00091652000189-1-000220/2026,https://cnetmobile.estaleiro.serpro.gov.br/comprasnet-web/public/compras/acompanhamento-compra?compra=49513005000642026,False,Aberto,00091652000189
6,Pregão - Eletrônico,Divulgada no PNCP,F,,173030,MF-CVM-COMISSAO DE VALORES MOBILIARIOS/RJ,RJ,Rio de Janeiro,"Contratação de solução de tecnologia da informação e comunicação de serviço de garantia estendida, oficial do fabricante, para os equipamentos de infraestrutura de TI da CVM, especificamente sete servidores de rede Lenovo ThinkSystem SR630 e dois servidores de rede Lenovo ThinkSystem SR650.",121963.0,2026-09-24T09:00:00,2026-10-08T10:00:00,29507878000108-1-000017/2026,https://cnetmobile.estaleiro.serpro.gov.br/comprasnet-web/public/compras/acompanhamento-compra?compra=17303005000552026,False,Aberto,29507878000108
6,Pregão - Eletrônico,Divulgada no PNCP,F,,399008,PORTOSRIO AUTORIDADE PORTUÁRIA,RJ,Rio de Janeiro,"Prestação dos serviços de projeto executivo, fornecimento, implantação, configuração, integração e manutenção de sistema multissítio de radiocomunicação troncalizado digital em padrão TETRA, incluindo infraestrutura, equipamentos, enlaces e sistemas associados, bem como a integração com sistemas VHF e com soluções baseadas em redes de dados móveis (5G), destinados ao atendimento das necessidades operacionais, de segurança e de emergência da PortosRio.",0.0,2026-10-01T09:30:00,2026-10-08T10:00:00,49582441000138-1-000034/2026,https://cnetmobile.estaleiro.serpro.gov.br/comprasnet-web/public/compras/acompanhamento-compra?compra=39900805000232026,False,Aberto,49582441000138
6,Pregão - Eletrônico,Divulgada no PNCP,M,,1,FIOTEC - FUNDACAO PARA O DESENVOLVIMENTO CIENTIFICO E TECNOLOGICO EM SAUDE,RJ,Rio de Janeiro,"SELEÇÃO PÚBLICA DE FORNECEDOR através de Termo de Compromisso de Entrega para prestação de serviços de Realização de Análise Biológica e Microbiológica de Medicamentos para fins de Equivalência Farmacêutica com base na Farmacopeia Brasileira, última edição atualizada, sob demanda, conforme Edital e seus anexos.",0.0,2026-09-03T10:00:00,2026-10-08T10:00:00,02385669000174-1-001143/2026,https://bllcompras.com/Process/ProcessView?param1=[gkz]p8wJ7hrIRJxDPlg7NIpNHK4c7CUlF99gDmJ/LNtW1/S8RzIVZ0yQaRKDy8JWTK7TDhCOy/TEFgUAbs_4j9rNlWgahYyw0CWd5jMylwnaKAs=,False,Aberto,02385669000174
6,Pregão - Eletrônico,Divulgada no PNCP,M,,980788,PREFEITURA MUNICIPAL DE TANGUA - RJ,RJ,Tanguá,"Futura e eventual contratação de empresa especializada na prestação de serviços de locação de veículos do tipo van, com motorista e combustível inclusos, mediante Sistema de Registro de Preços, pelo período de 12 (doze) meses, destinada ao atendimento das necessidades da Secretaria Municipal de Educação. ",808080.72,2026-09-24T08:00:00,2026-10-08T10:00:00,01612089000100-1-000142/2026,https://cnetmobile.estaleiro.serpro.gov.br/comprasnet-web/public/compras/acompanhamento-compra?compra=98078805000472026,True,Aberto,01612089000100
6,Pregão - Eletrônico,Divulgada no PNCP,M,,9336,SECRETARIA MUNICIPAL DE SEGURANÇA PÚBLICA E MOBILIDADE URBANA,RJ,Conceição de Macabu,"[Portal de Compras Públicas] - Contratação de empresa especializada para implantação e manutenção de Sistema de Vídeomonitoramento Urbano (CFTV), contemplando o fornecimento de equipamentos, instalação, configuração, suporte técnico contínuo e manutenção preventiva e corretiva, destinado ao monitoramento da praça pública no município de Conceição de Macabu/RJ.",95153.33,2026-09-21T10:00:00,2026-10-08T10:00:00,29115466000114-1-000140/2026,https://www.portaldecompraspublicas.com.br/processos/RJ/Prefeitura-Municipal-de-Conceicao-de-Macabu-2900/PE-044-2026-2026-512513,False,Aberto,29115466000114
6,Pregão - Eletrônico,Divulgada no PNCP,M,,985867,PREFEITURA MUNICIPAL DE NOVA FRIBURGO - RJ,RJ,Nova Friburgo,"REGISTRO DE PREÇOS para futura e eventual contratação de empresa especializada para o fornecimento de AQUISIÇÃO DE TINTAS, MATERIAIS E FERRAMENTAS DE PINTURA, para atender as necessidades da Secretaria de Serviços e Equipamentos Públicos, pelo período de 01 (um) ano.",96090.47,2026-09-22T08:00:00,2026-10-08T10:00:00,28606630000123-1-000119/2026,https://cnetmobile.estaleiro.serpro.gov.br/comprasnet-web/public/compras/acompanhamento-compra?compra=98586705000712026,True,Aberto-Fechado,28606630000123
6,Pregão - Eletrônico,Divulgada no PNCP,F,,110102,SUPERINT. DE ADMINISTRACAO NO RIO DE JANEIRO,RJ,Rio de Janeiro,"Contratação de serviços comuns de engenharia para elaboração de projeto executivo e execução das adequações necessárias no imóvel da União ocupado pela RFB e destinado à PSU/PSF-Niterói. O objeto foi contratado pelo Contrato nº 02/2025. Entretanto, a contratada não conseguiu concluir integralmente os serviços previstos, permanecendo pendências que inviabilizam a ocupação do imóvel pela AGU. A nova licitação também incorpora uma melhoria necessária para adequação normativa e de acessibilidade, ",1973406.01,2026-09-22T08:00:00,2026-10-08T10:00:00,26994558000123-1-000158/2026,https://cnetmobile.estaleiro.serpro.gov.br/comprasnet-web/public/compras/acompanhamento-compra?compra=11010205000252026,False,Aberto-Fechado,26994558000123
6,Pregão - Eletrônico,Divulgada no PNCP,M,,986001,MRJ-PREFEITURA MUNICIPAL DO RIO DE JANEIRO,RJ,Rio de Janeiro,"Aquisição e Instalação de Sistema de Alinhamento de Rodas Digital para as garagens operadas pela Companhia Municipal de Transportes Coletivos - CMTC - (MOBI-Rio), conforme descrito, caracterizado e especificado neste Termo de Referência.",0.0,2026-09-24T08:00:00,2026-10-08T10:00:00,42498733000148-1-001928/2026,https://cnetmobile.estaleiro.serpro.gov.br/comprasnet-web/public/compras/acompanhamento-compra?compra=98600105016642026,True,Aberto-Fechado,42498733000148
6,Pregão - Eletrônico,Divulgada no PNCP,M,,926946,PREFEITURA MUNICIPAL DE SÃO GONÇALO-RJ,RJ,São Gonçalo,"Aquisição de itens (Material Permanente) de tecnologia da informação e comunicação (TIC), bem como cartuchos e toner de impressão, que atendam de forma ampla às demandas da Secretaria Municipal de Assistência Social (SEMAS).",204348.65,2026-09-24T09:00:00,2026-10-08T10:00:00,28636579000100-1-000041/2026,https://cnetmobile.estaleiro.serpro.gov.br/comprasnet-web/public/compras/acompanhamento-compra?compra=92694605000212026,True,Aberto,28636579000100
6,Pregão - Eletrônico,Divulgada no PNCP,F,,779000,DIR.DE PATR.HIST.E DOCUMENTACAO DA MARINHA,RJ,Rio de Janeiro,"Contratação de empresa especializada para a execução dos serviços de manutenção, preventiva e corretiva, do sistema de detecção de incêndio e alarme, sem o fornecimento das peças, no prédio da Reserva Técnica da Divisão de Acervo Museológico da Marinha.",24456.97,2026-09-24T08:00:00,2026-10-08T10:00:00,00394502000144-1-012321/2026,https://cnetmobile.estaleiro.serpro.gov.br/comprasnet-web/public/compras/acompanhamento-compra?compra=77900005000692026,False,Aberto,00394502000144
6,Pregão - Eletrônico,Divulgada no PNCP,M,,986001,MRJ-PREFEITURA MUNICIPAL DO RIO DE JANEIRO,RJ,Rio de Janeiro,"Registro de preços para aquisição de peças e acessórios para carroceria do fabricante Caio Induscar, modelos Caio Apache Vip e Caio Millennium 2022, 2023 e 2024 - A, para manutenção preventiva e corretiva da frota de ônibus operados pela Companhia Municipal de Transportes Coletivos – CMTC - (MOBIRIO), conforme descrito, caracterizado e especificado neste Termo de Referência.",0.0,2026-09-24T08:00:00,2026-10-08T10:00:00,42498733000148-1-001933/2026,https://cnetmobile.estaleiro.serpro.gov.br/comprasnet-web/public/compras/acompanhamento-compra?compra=98600105016692026,True,Aberto-Fechado,42498733000148
6,Pregão - Eletrônico,Divulgada no PNCP,M,,985821,PREFEITURA MUNICIPAL DE CANTAGALO - RJ,RJ,Cantagalo,"Registro de preços para futura e eventual aquisição de medicamentos padronizados destinados à Farmácia Básica do Município de Cantagalo/RJ, visando assegurar o abastecimento contínuo da assistência farmacêutica municipal e a regular dispensação de medicamentos essenciais aos usuários do Sistema Único de Saúde – SUS.",1741072.05,2026-09-24T08:00:00,2026-10-08T10:00:00,28645794000160-1-000072/2026,https://cnetmobile.estaleiro.serpro.gov.br/comprasnet-web/public/compras/acompanhamento-compra?compra=98582105000222026,True,Aberto,28645794000160
6,Pregão - Eletrônico,Divulgada no PNCP,F,,795180,BASE DE FUZILEIROS NAVAIS ILHA DO GOVERN./RJ,RJ,Rio de Janeiro,A presente contratação faz-se necessaria para garantir o adequado funcionamento dos condicionadores de ar tipo Split de 9.000 a 12.000 BTU'S instalados nas depedencias do Departamento de Saúde desta Base.,30268.6,2026-09-24T10:00:00,2026-10-08T10:00:00,00394502000144-1-000248/2027,https://cnetmobile.estaleiro.serpro.gov.br/comprasnet-web/public/compras/acompanhamento-compra?compra=79518005000172027,True,Aberto-Fechado,00394502000144
6,Pregão - Eletrônico,Divulgada no PNCP,F,,114601,IBGE-FUN.INST.BRAS.GEOGRAFIA E ESTATISTICA,RJ,Rio de Janeiro,"Aquisição de Roteadores sem fio para atendimento das Agencias, Postos e Unidades SES (Unidades Estaduais) com gerenciamento centralizado com suporte e garantia de 36 (trinta e seis) meses.",2065000.0,2026-09-25T08:00:00,2026-10-08T10:00:00,33787094000140-1-000436/2026,https://cnetmobile.estaleiro.serpro.gov.br/comprasnet-web/public/compras/acompanhamento-compra?compra=11460105002222026,False,Aberto-Fechado,33787094000140
6,Pregão - Eletrônico,Divulgada no PNCP,M,,2166,FMS-FUNDO MUNICIPAL DE SAÚDE DE CACHOEIRAS DE MACACU/RJ,RJ,Cachoeiras de Macacu,"[LICITANET] - REGISTRO DE PREÇOS PARA FUTURA E EVENTUAL AQUISIÇÃO DE EQUIPAMENTOS E 
MOBILIÁRIOS NECESSÁRIOS PARA A ESTRUTURAÇÃO DA CENTRAL DE ABASTECIMENTO FARMACÊUTICO E DAS FARMÁCIAS NO ÂMBITO DA ATENÇÃO BÁSICA DA SECRETARIA MUNICIPAL DE SAÚDE",85334.67,2026-09-25T10:38:58,2026-10-08T10:00:00,13817576000198-1-000013/2026,https://licitanet.com.br/sessao/202834,True,Aberto,13817576000198
6,Pregão - Eletrônico,Divulgada no PNCP,M,,3499,MUNICÍPIO DE SAQUAREMA/RJ,RJ,Saquarema,"[LICITANET] - AQUISIÇÃO DE 05 (CINCO) AERONAVES REMOTAMENTE PILOTADAS (DRONES), COM OS RESPECTIVOS ACESSÓRIOS, COMPREENDENDO EQUIPAMENTOS DESTINADOS À PRODUÇÃO DE CONTEÚDO AUDIOVISUAL, REGISTROS FOTOGRÁFICOS E CINEMATOGRÁFICOS, COBERTURA DE EVENTOS, DIVULGAÇÃO INSTITUCIONAL, APOIO OPERACIONAL, MONITORAMENTO AÉREO, INSPEÇÕES TÉCNICAS, FOTOGRAMETRIA, AEROLEVANTAMENTOS E DEMAIS ATIVIDADES DE INTERESSE DA ADMINISTRAÇÃO PÚBLICA, VISANDO ATENDER ÀS DEMANDAS DA SECRETARIA MUNICIPAL DE COMUNICAÇÃO SOCIAL DE SAQUAREMA/RJ",132497.56,2026-09-25T13:38:13,2026-10-08T10:00:00,32147670000121-1-000161/2026,https://licitanet.com.br/sessao/202688,False,Aberto,32147670000121
6,Pregão - Eletrônico,Divulgada no PNCP,M,,2076,MUNICIPIO DE CACHOEIRAS DE MACACU - RJ,RJ,Cachoeiras de Macacu,"[LICITANET] - REGISTRO DE PREÇOS PARA FUTURA E EVENTUAL CONTRATAÇÃO DE EMPRESA ESPECIALIZADA PARA PRESTAÇÃO DE SERVIÇOS DE ARBITRAGEM ESPORTIVA, VISANDO 
ATENDER AOS EVENTOS PROMOVIDOS PELA SECRETARIA MUNICIPAL DE ESPORTE, COMPREENDENDO CAMPEONATOS, TORNEIOS, JOGOS E LUTAS",542236.4,2026-09-25T11:09:07,2026-10-08T10:00:00,29128766000138-1-000024/2026,https://licitanet.com.br/sessao/202847,True,Aberto,29128766000138
6,Pregão - Eletrônico,Divulgada no PNCP,F,,158139,"INST.FED.DE EDUC.,CIENC.E TEC.FLUMINENSE",RJ,Campos dos Goytacazes,Aquisição de hortifrutigranjeiros.,778210.5,2026-09-28T08:00:00,2026-10-08T10:00:00,10779511000107-1-000199/2026,https://cnetmobile.estaleiro.serpro.gov.br/comprasnet-web/public/compras/acompanhamento-compra?compra=15813905001252026,True,Aberto-Fechado,10779511000107
6,Pregão - Eletrônico,Divulgada no PNCP,F,,158139,"INST.FED.DE EDUC.,CIENC.E TEC.FLUMINENSE",RJ,Campos dos Goytacazes,Aquisição de materiais e equipamentos para infraestrutura de redes local e monitoramento do Campus Cambuci.,90814.04,2026-09-28T08:00:00,2026-10-08T10:00:00,10779511000107-1-000200/2026,https://cnetmobile.estaleiro.serpro.gov.br/comprasnet-web/public/compras/acompanhamento-compra?compra=15813905003782026,False,Aberto,10779511000107
6,Pregão - Eletrônico,Divulgada no PNCP,F,,158139,"INST.FED.DE EDUC.,CIENC.E TEC.FLUMINENSE",RJ,Campos dos Goytacazes,"Aquisição futura e parcelada, de materiais de consumo de redes destinados à infraestrutura de dados, telecomunicações e fibra óptica, para atender às necessidades de implantação, manutenção preventiva e corretiva, expansão e modernização da infraestrutura tecnológica da Reitoria e dos campi do Instituto Federal Fluminense.",478586.87,2026-09-28T08:00:00,2026-10-08T10:00:00,10779511000107-1-000201/2026,https://cnetmobile.estaleiro.serpro.gov.br/comprasnet-web/public/compras/acompanhamento-compra?compra=15813905003672026,True,Aberto,10779511000107
6,Pregão - Eletrônico,Divulgada no PNCP,F,,741000,ARSENAL DE MARINHA DO RIO DE JANEIRO/RJ,RJ,Rio de Janeiro,"Registro de preços para futura aquisição de verdugo em borracha (Perfil ""D"" com furo
interno ""D"", 70 x 70 mm, com furo de 35 x 35 mm)",473560.0,2026-09-28T08:00:00,2026-10-08T10:00:00,00394502000144-1-012528/2026,https://cnetmobile.estaleiro.serpro.gov.br/comprasnet-web/public/compras/acompanhamento-compra?compra=74100005001562026,True,Aberto-Fechado,00394502000144
6,Pregão - Eletrônico,Divulgada no PNCP,F,,250057,INSTITUTO NACIONAL DE TRAUMATO-ORTOPEDIA,RJ,Rio de Janeiro,Aquisição de Medicamentos Padronizados (Anestésicos Locais e Tópicos - Lidocaína Cloridrato e Outros),0.0,2026-09-29T10:00:00,2026-10-08T10:00:00,00394544000185-1-002109/2026,https://cnetmobile.estaleiro.serpro.gov.br/comprasnet-web/public/compras/acompanhamento-compra?compra=25005705000182026,True,Aberto-Fechado,00394544000185
8,Dispensa de Licitação,Divulgada no PNCP,E,,210600,Subsecretaria Militar do Gab de Seg Inst,RJ,Rio de Janeiro,"Aquisição de 06 (seis) unidades de Intercomunicadores Profissionais de Portaria/Guichê, tipo gooseneck/pedestal.",12270.66,2026-10-05T14:00:00,2026-10-08T10:00:00,42498600000171-1-004286/2026,https://www.compras.rj.gov.br/EditaisLicitacoes/detalhar.action?idLic=37553,False,Dispensa Com Disputa,42498600000171
8,Dispensa de Licitação,Divulgada no PNCP,M,,3,GERAL,RJ,Barra do Piraí,"Contratação de empresa especializada
para 
Prestação 
de Serviços de
manutenção corretiva de
equipamentos de sinalização semafórica (semáforos), incluido o fornecimento de materiais, ferramentas, equipamentos e peças, necessários à prestação do serviço .",39336.67,2026-10-06T10:00:00,2026-10-08T10:00:00,28576080000147-1-000194/2026,,False,Dispensa Com Disputa,28576080000147
12,Credenciamento,Divulgada no PNCP,M,,1,MUNICIPIO DE PETROPOLIS,RJ,Petrópolis,CONTRATAÇÃO DE 70 (SETENTA) LEITOS DE UNIDADE DE TERAPIA INTENSIVA ADULTO (UTI ADULTO) – TIPO II,58765000.0,2026-09-08T10:00:00,2026-10-08T10:00:00,29138344000143-1-000265/2026,https://bllcompras.com/Process/ProcessView?param1=[gkz]sjW8Vxu1FjHVkrIqqToIJR5_IOFuVJUv93TfwQIkaMutO3RIbGSUualfGRklapUGomhg790Wp1EDQKe56Ob44SFYmWor5GMR7ogXqQQSR9w=,False,Não se aplica,29138344000143
6,Pregão - Eletrônico,Divulgada no PNCP,M,,986001,MRJ-PREFEITURA MUNICIPAL DO RIO DE JANEIRO,RJ,Rio de Janeiro,Prestação do serviço de publicação de Matéria Legal para os órgãos e entidades da Administração direta e indireta da Prefeitura do Município do Rio de Janeiro pelo período de 12 meses,629052.0,2026-09-24T08:00:00,2026-10-08T10:30:00,42498733000148-1-001930/2026,https://cnetmobile.estaleiro.serpro.gov.br/comprasnet-web/public/compras/acompanhamento-compra?compra=98600105016682026,False,Aberto-Fechado,42498733000148
6,Pregão - Eletrônico,Divulgada no PNCP,M,,982913,PREFEITURA MUNICIPAL DE JAPERI - RJ,RJ,Japeri,"O objeto da presente licitação é a prestação do serviço de REGISTRO DE PREÇOS PARA RECARGA MEDIANTE TROCA DE CASCO VAZIO POR CHEIO, SEM AQUISIÇÃO DE CASCO DE GÁS LIQUEFEITO DE PETRÓLEO – GLP, P-13 E P-45, AMBOS CHEIOS, COM FORNECIMENTO DE INSTALAÇÃO E TROCA DOS BOTIJÕES, COM DEVOLUÇÃO DO VASILHAME.",959251.37,2026-09-23T17:30:00,2026-10-08T10:59:00,39485396000140-1-000059/2026,https://cnetmobile.estaleiro.serpro.gov.br/comprasnet-web/public/compras/acompanhamento-compra?compra=98291305000322026,True,Aberto,39485396000140
6,Pregão - Eletrônico,Suspensa,M,,6426,Prefeitura Municipal de Rio Bonito,RJ,Rio Bonito,"[Portal de Compras Públicas] - Registro de Preços para contratação de empresa especializada na prestação de serviços de operação,
montagem e desmontagem de brinquedos de parque de diversão, destinados aos alunos da Rede Municipal de
Ensino, durante os sábados letivos, jogos estudantis e demais eventos promovidos pela Secretaria Municipal de
Educação, conforme especificações, quantitativos e condições estabelecidos no Termo de Referência.",3692036.0,2026-09-24T13:00:00,2026-10-08T10:59:00,28741072000109-1-000079/2026,https://www.portaldecompraspublicas.com.br/processos/RJ/Prefeitura-Municipal-de-Rio-Bonito-3644/RPE-29-2026-2026-513897,True,Aberto,28741072000109
4,Concorrência - Eletrônica,Divulgada no PNCP,F,,070017,TRIBUNAL REGIONAL ELEITORAL DO RIO DE JANEIRO,RJ,Rio de Janeiro,"Realização de obra de reforma da 32ª Zona Eleitoral do TRE-RJ, localizada na Rodovia Linha Verde, Quadra X, Lote 1, Condomínio Industrial Green Valley, Rio Bonito, RJ, para adaptação com vistas à acessibilidade e eficiência energética, Demais especificações e exigências constam no Termo de Referência - Anexo I do Edital.
",533618.83,2026-09-22T08:00:00,2026-10-08T11:00:00,06170517000105-1-000126/2026,https://cnetmobile.estaleiro.serpro.gov.br/comprasnet-web/public/compras/acompanhamento-compra?compra=07001703002302026,False,Fechado-Aberto,06170517000105
4,Concorrência - Eletrônica,Divulgada no PNCP,M,,925124,PREFEITURA MUNICIPAL DE NOVA IGUAÇU - RJ,RJ,Nova Iguaçu,"CONTRATAÇÃO DE EMPRESA ESPECIALIZADA PARA EXECUÇÃO DE OBRA DE CONSTRUÇÃO DE COBERTURA PARA QUADRA POLIESPORTIVA, PINTURA DE PISO DA ACADEMIA AO AR LIVRE PARA A TERCEIRA IDADE, PINTURA PARA DEMAIS EQUIPAMENTOS E PEQUENOS REPAROS DA PRAÇA DO POMBAL, LOCALIZADA NA RUA BOLÍVIA COM RUA PERU, BAIRRO METRÓPOLE, MUNICÍPIO DE NOVA IGUAÇU/RJ.",659600.71,2026-09-24T09:00:00,2026-10-08T11:00:00,29138278000101-1-000017/2026,https://cnetmobile.estaleiro.serpro.gov.br/comprasnet-web/public/compras/acompanhamento-compra?compra=92512403000112026,False,Aberto,29138278000101
6,Pregão - Eletrônico,Divulgada no PNCP,M,,986001,MRJ-PREFEITURA MUNICIPAL DO RIO DE JANEIRO,RJ,Rio de Janeiro,"Contratação de empresa especializada para a prestação de serviços de apoio operacional à administração, ao gerenciamento e ao controle do abastecimento da frota de veículos locados da Secretaria Municipal de Educação.",4185226.62,2026-09-24T08:00:00,2026-10-08T11:00:00,42498733000148-1-001931/2026,https://cnetmobile.estaleiro.serpro.gov.br/comprasnet-web/public/compras/acompanhamento-compra?compra=98600105016432026,True,Aberto-Fechado,42498733000148
6,Pregão - Eletrônico,Divulgada no PNCP,F,,403201,FUNDACAO NACIONAL DE ARTES,RJ,Rio de Janeiro,"CONTRATAÇÃO DE EMPRESA ESPECIALIZADA NA PRESTAÇÃO DE SERVIÇOS CONTINUADOS DE IMPRESSÃO CORPORATIVA (OUTSOURCING DE IMPRESSÃO), NA MODALIDADE FRANQUIA MENSAL DE PÁGINAS MAIS EXCEDENTE",524154.24,2026-09-24T10:00:00,2026-10-08T11:00:00,26963660000161-1-000125/2026,https://cnetmobile.estaleiro.serpro.gov.br/comprasnet-web/public/compras/acompanhamento-compra?compra=40320105001172026,True,Aberto,26963660000161
6,Pregão - Eletrônico,Divulgada no PNCP,M,,1405,FUNDO MUNICIPAL DE SAÚDE DE RESENDE - SUS,RJ,Resende,"RSD-020116/005936/2026 - REGISTRO DE PREÇOS PARA CONTRATAÇÃO DE EMPRESA ESPECIALIZADA PARA O SERVIÇO DE LIMPEZA DE FOSSA SÉPTICA E CAIXAS DE GORDURA EM UNIDADES DE SAÚDE, ATRAVÉS DA SECRETARIA MUNICIPAL DE SAÚDE.",380990.28,2026-09-22T08:00:00,2026-10-08T12:00:00,11800731000138-1-000210/2026,https://bnccompras.com/Process/ProcessView?param1=[gkz]Mos4e7B4qMbF8pxvN5dsQVqmNDO//LgOHJK1q1jU08I0_v0tpB0istNm25qEHaUKkFtnblRj5iGUh734Co06J_KI956trE0u0zP0vCv2y3c=,True,Aberto,11800731000138
6,Pregão - Eletrônico,Divulgada no PNCP,F,,160304,BATALHÃO DE MANUTENÇÃO E SUP. DE ARMAMENTO,RJ,Rio de Janeiro,"Aquisição de materiais para manutenção de bens imóveis para melhorias no Setor de Aprovisionamento do Batalhão de
Manutenção e Suprimento de Armamento",131728.02,2026-09-28T12:00:00,2026-10-08T12:00:00,00394452000103-1-021037/2026,https://cnetmobile.estaleiro.serpro.gov.br/comprasnet-web/public/compras/acompanhamento-compra?compra=16030405000852026,True,Aberto-Fechado,00394452000103
8,Dispensa de Licitação,Divulgada no PNCP,E,,506100,FUNDO DE APRIMORAMENTO CONTROLE INTERNO,RJ,Rio de Janeiro,"Aquisição de um banco de imagens e vídeos, pelo período de 24 (vinte e quatro) meses, para atender à demanda de comunicação digital da Assessoria de Comunicação (ASSCOM) da Controladoria Geral do Estado do Rio de Janeiro (CGE RJ). A contratação visa modernizar os recursos visuais disponíveis, garantindo a produção de conteúdos institucionais e para redes sociais com qualidade profissional, alinhada às melhores práticas da comunicação digital.",8004.24,2026-10-05T12:00:00,2026-10-08T12:00:00,42498600000171-1-004270/2026,https://www.compras.rj.gov.br/EditaisLicitacoes/detalhar.action?idLic=37534,False,Dispensa Com Disputa,42498600000171
8,Dispensa de Licitação,Divulgada no PNCP,F,,765704,POLICLINICA NAVAL NOSSA SENHORA DA GLORIA,RJ,Rio de Janeiro,"1- Caneta esferográfica personalizada Material: metal, cor da tinta: azul personalização: a laser acompanha estojo preto de papelão.
2- Copo térmico personalizado, com tampa, capacidade: 296 ml, material aço inoxidável, tampa acrilica, para evitar respingos,
isolamento térmico, com diferencial de manter as bebidas geladas por até 5 horas, peso aproximado:23 1 g, cor: prata/inox/cor
mado, marca/modelo de referencia: copo Stanley Everyday ",19485.0,2026-10-05T16:00:00,2026-10-08T12:00:00,00394502000144-1-012963/2026,https://cnetmobile.estaleiro.serpro.gov.br/comprasnet-web/public/compras/acompanhamento-compra?compra=76570406001762026,False,Dispensa Com Disputa,00394502000144
8,Dispensa de Licitação,Divulgada no PNCP,F,,765704,POLICLINICA NAVAL NOSSA SENHORA DA GLORIA,RJ,Rio de Janeiro,"Execução de serviço técnico especializado para a manutenção corretiva e peças da  digitalizadora CR 85­_X, marca AGFA.",10470.0,2026-10-05T16:00:00,2026-10-08T12:00:00,00394502000144-1-012985/2026,https://cnetmobile.estaleiro.serpro.gov.br/comprasnet-web/public/compras/acompanhamento-compra?compra=76570406001772026,False,Dispensa Com Disputa,00394502000144
4,Concorrência - Eletrônica,Divulgada no PNCP,M,,1,MUNICIPIO DE RESENDE,RJ,Resende,"RSD-020115/000703/2026-Contratação de empresa, através de empreitada por PREÇO UNITÁRIO (material + mão de obra), para execução de CONSTRUÇÃO DE ÁREA DE CONVIVÊNCIA IMPLANTADA NO ECOPARQUE, através da SECRETARIA MUNICIPAL DE OBRAS- SMO.",1804542.3,2026-08-03T08:00:00,2026-10-08T13:00:00,29178233000160-1-000097/2026,https://bnccompras.com/Process/ProcessView?param1=[gkz]J5UAQqJ_ZjMJzd/HVuQGiINGQry5W0r1rW3L80xlr_011bBhTlfcNbXmAZUtseqouEDz9a7a/V7L_OjsE4yZWidZ2mzCUc_sS1ViqjPCP/o=,False,Aberto,29178233000160
6,Pregão - Eletrônico,Divulgada no PNCP,F,,090016,JUSTICA FEDERAL DE 1A. INSTANCIA - RJ,RJ,Rio de Janeiro,"Aquisição de 02 (dois) depósitos externos (tipo para jardim), incluindo cada um, 2 (dois) kits de prateleiras (cada kit deve conter 3 prateleiras), conforme Anexo I (Termo de Referência).",28546.56,2026-09-23T08:00:00,2026-10-08T13:00:00,05424540000116-1-000068/2026,https://cnetmobile.estaleiro.serpro.gov.br/comprasnet-web/public/compras/acompanhamento-compra?compra=09001605004012026,False,Aberto,05424540000116
6,Pregão - Eletrônico,Divulgada no PNCP,F,,153010,MEC-CEFET-CENT.FED.ED.TEC.CELSO S.FONSECA/RJ,RJ,Rio de Janeiro,"O objeto da presente licitação é a contratação de serviços contínuos de vigilância armada, a serem executados com dedicação exclusiva de mão de obra, visando atender às necessidades do Campus Nova Friburgo do CEFET/RJ, conforme condições, quantidades e exigências estabelecidas no Edital e seus anexos.",77390.15,2026-09-24T08:00:00,2026-10-08T13:00:00,42441758000105-1-000148/2026,https://cnetmobile.estaleiro.serpro.gov.br/comprasnet-web/public/compras/acompanhamento-compra?compra=15301005002452026,False,Aberto,42441758000105
6,Pregão - Eletrônico,Divulgada no PNCP,F,,250059,INSTITUTO NACIONAL DE CARDIOLOGIA,RJ,Rio de Janeiro,Aquisição de Materiais Hospitalares - Hemoterapia 2 ,1286235.39,2026-09-28T08:00:00,2026-10-08T13:00:00,00394544000185-1-002070/2026,https://cnetmobile.estaleiro.serpro.gov.br/comprasnet-web/public/compras/acompanhamento-compra?compra=25005905002042026,True,Aberto,00394544000185
6,Pregão - Eletrônico,Divulgada no PNCP,M,,986001,MRJ-PREFEITURA MUNICIPAL DO RIO DE JANEIRO,RJ,Rio de Janeiro,"Gás para Solda Contínua, processo Mig. Mistura especial à base de Argônio, tendo composição de 18 à 25% de CO2 (Gás Carbônico) e de 82 à 75% à base de Argônio, acondicionado em cilindro de 10m3.",0.0,2026-09-28T09:00:00,2026-10-08T13:59:00,42498733000148-1-001953/2026,https://cnetmobile.estaleiro.serpro.gov.br/comprasnet-web/public/compras/acompanhamento-compra?compra=98600105016892026,True,Aberto,42498733000148
6,Pregão - Eletrônico,Divulgada no PNCP,M,,1405,FUNDO MUNICIPAL DE SAÚDE DE RESENDE - SUS,RJ,Resende,"RSD-020116/004597/2026 - AQUISIÇÃO DE MEDICAMENTOS PARA ATENDER AS NECESSIDADES DA ASSOCIAÇÃO DE PROTEÇÃO À MATERNIDADE E INFÂNCIA (APMIR), ATRAVÉS DA SECRETARIA MUNICIPAL DE SAÚDE.",313539.6,2026-08-21T18:00:00,2026-10-08T14:00:00,11800731000138-1-000172/2026,https://bnccompras.com/Process/ProcessView?param1=[gkz]9kemjTQJxg6dcn8Vb5QhQseq1rbI5vD1VYLGkqEHyEBpvlkOy1YaHSQcPgo0O4akLFcd8Qka7DvxFNxDcuw82XzDQuW2MARUcnYYJBzvpm0=,False,Aberto,11800731000138
12,Credenciamento,Divulgada no PNCP,M,,985801,PREFEITURA MUNICIPAL DE ANGRA DOS REIS - RJ,RJ,Angra dos Reis,"Chamamento Público destinado à seleção de 01 (uma) empresa vencedora, em lote único, composto por 09 (nove) barracas gastronômicas de 3m x 3m, responsável pela administração das referidas barracas durante o Festival Caiçara, promovido pela Prefeitura Municipal de Angra dos Reis, por meio da Secretaria de Agricultura, Aquicultura e Pesca – SAAP",6000.0,2026-10-07T08:30:00,2026-10-08T18:00:00,29172467000109-1-000578/2026,,False,Não se aplica,29172467000109
6,Pregão - Eletrônico,Divulgada no PNCP,M,,1,PREFEITURA MUNICIPAL DE PARATY,RJ,Paraty,"REGISTRO DE PREÇOS CONTRATAÇÃO DE EMPRESA ESPECIALIZADA PARA PRESTAR SERVIÇOS DE COMUNICAÇÃO INSTITUCIONAL À PREFEITURA DE PARATY, ABRANGENDO A PRODUÇÃO DE CONTEÚDO DIGITAL, AUDIOVISUAIS, TRANSMISSÕES AO VIVO, ALÉM DA IMPLEMENTAÇÃO DE FERRAMENTAS DE ESCUTA ATIVA DA POPULAÇÃO POR MEIOS DIGITAIS E PRESENCIAIS, COM O OBJETIVO DE AMPLIAR A TRANSPARÊNCIA, MODERNIZAR A COMUNICAÇÃO PÚBLICA E FORTALECER O RELACIONAMENTO COM OS CIDADÃOS E COM O TURISMO.",2687055.96,2026-09-24T08:30:00,2026-10-08T23:59:00,29172475000147-1-000297/2026,https://www.paraty.rj.gov.br/publicacoes-oficiais/editais/pregao-eletronico-0232026-comunicacao-institucional,True,Fechado-Aberto,29172475000147
4,Concorrência - Eletrônica,Divulgada no PNCP,F,,765700,CENTRO MEDICO ASSISTENCIAL DA MARINHA,RJ,Rio de Janeiro,"Contratação do serviço de revitalização do sistema de climatização central da Policlínica Naval de Campo Grande (PNCG), com a aquisição e instalação de chillers novos, para substituir os atuais equipamentos que compõe o sistema de climatização central da Policlínica Naval de Campo Grande.",1528036.52,2026-09-03T08:00:00,2026-10-09T08:00:00,00394502000144-1-009662/2026,https://cnetmobile.estaleiro.serpro.gov.br/comprasnet-web/public/compras/acompanhamento-compra?compra=76570003000782026,False,Aberto,00394502000144
6,Pregão - Eletrônico,Divulgada no PNCP,F,,160322,HOSPITAL CENTRAL DO EXERCITO/RJ,RJ,Rio de Janeiro,"Contratação de serviços contínuos de manutenção preventiva, preditiva e corretiva de transporte vertical e espaços físicos do HCE, a serem executados SEM o regime de dedicação exclusiva de mão de obra.",390720.0,2026-09-25T08:00:00,2026-10-09T08:00:00,00394452000103-1-019223/2026,https://cnetmobile.estaleiro.serpro.gov.br/comprasnet-web/public/compras/acompanhamento-compra?compra=16032205000552026,False,Aberto-Fechado,00394452000103
6,Pregão - Eletrônico,Divulgada no PNCP,M,,985919,PREFEITURA MUNICIPAL DE TRES RIOS - RJ,RJ,Três Rios,"Aquisição de tabela de basquete, destinada ao Ginásio Poliesportivo de Três Rios.",70044.33,2026-09-24T08:00:00,2026-10-09T08:00:00,29138377000193-1-000139/2026,https://cnetmobile.estaleiro.serpro.gov.br/comprasnet-web/public/compras/acompanhamento-compra?compra=98591905001222026,False,Aberto,29138377000193
6,Pregão - Eletrônico,Divulgada no PNCP,F,,160323,HOSPITAL GERAL DO RIO DE JANEIRO,RJ,Rio de Janeiro,"A presente contratação destina-se à prestação de serviços continuados de manutenção preventiva e corretiva dos sistemas de transporte vertical instalados no Hospital Geral do Rio de Janeiro (HGeRJ), compreendendo 4 (quatro) elevadores elétricos marca KOHL, 1 (um) elevador hidráulico marca GMV e 5 (cinco) elevadores tipo monta-carga com capacidade de 250 kg, incluindo fornecimento integral de peças, materiais, componentes, insumos, ferramentas, equipamentos e mão de obra especializada.
",250400.0,2026-09-25T08:00:00,2026-10-09T08:00:00,00394452000103-1-020942/2026,https://cnetmobile.estaleiro.serpro.gov.br/comprasnet-web/public/compras/acompanhamento-compra?compra=16032305000622026,False,Aberto-Fechado,00394452000103
6,Pregão - Eletrônico,Divulgada no PNCP,M,,2025,Piraí,RJ,Piraí,"Registro de preços para futura e eventual prestação de serviços de locação de Infraestrutura, Sonorização e Iluminação, incluindo a prestação de serviços de montagem e desmontagem, operação técnica e manutenção, para atender as festividades do município.",14329931.82,2026-09-25T17:00:00,2026-10-09T08:00:00,29141322000132-1-000240/2026,,True,Aberto,29141322000132
6,Pregão - Eletrônico,Divulgada no PNCP,M,,2025,Piraí,RJ,Piraí,Registro de Preços para eventual Aquisição de medicamentos do componente excepcional da Assistência Farmacêutica.,56241.6,2026-09-29T08:00:00,2026-10-09T08:00:00,29141322000132-1-000242/2026,,True,Aberto,29141322000132
6,Pregão - Eletrônico,Divulgada no PNCP,F,,160264,111 COMPANHIA DE APOIO DE MATERIAL BELICO/RJ,RJ,Rio de Janeiro,"Aquisição de pneus, câmara de ar, óleos/lubrificantes e baterias a favor da 111ª Companhia de Apoio de Material Bélico",4262472.66,2026-09-29T08:00:00,2026-10-09T08:00:00,00394452000103-1-021120/2026,https://cnetmobile.estaleiro.serpro.gov.br/comprasnet-web/public/compras/acompanhamento-compra?compra=16026405000572026,True,Aberto-Fechado,00394452000103
8,Dispensa de Licitação,Divulgada no PNCP,F,,771000,DIRETORIA DE ABASTECIMENTO DA MARINHA,RJ,Rio de Janeiro, Aquisição de mobiliários,64044.0,2026-09-30T11:10:00,2026-10-09T08:00:00,00394502000144-1-012711/2026,https://cnetmobile.estaleiro.serpro.gov.br/comprasnet-web/public/compras/acompanhamento-compra?compra=77100006001592026,True,Dispensa Com Disputa,00394502000144
8,Dispensa de Licitação,Divulgada no PNCP,M,,980770,PREFEITURA MUNICIPAL DE ARMAÇÃO DOS BÚZIOS-RJ,RJ,Armação dos Búzios,"Aquisição de água mineral, acondicionada em galões de 20 litros, copos de 200 ml e garrafas de 510 ml, com e sem gás",51368.64,2026-10-05T08:00:00,2026-10-09T08:00:00,01616171000102-1-000080/2026,https://cnetmobile.estaleiro.serpro.gov.br/comprasnet-web/public/compras/acompanhamento-compra?compra=98077006000292026,False,Dispensa Com Disputa,01616171000102
8,Dispensa de Licitação,Divulgada no PNCP,F,,179083,CASA DA MOEDA DO BRASIL/MF,RJ,Rio de Janeiro,"CALÇADOS DE SEGURANÇA DIVERSOS TAMANHOS,",33350.0,2026-10-05T08:00:00,2026-10-09T08:00:00,34164319000174-1-000186/2026,https://cnetmobile.estaleiro.serpro.gov.br/comprasnet-web/public/compras/acompanhamento-compra?compra=17908306001482026,False,Dispensa Com Disputa,34164319000174
8,Dispensa de Licitação,Divulgada no PNCP,F,,153128,MEC-DECANATO CENTRO DE FILOS.E CIEN.HUM.UF/RJ,RJ,Rio de Janeiro,Aquisição de de materiais de consumo para manutenção de bens imóveis.,345.22,2026-10-05T08:00:00,2026-10-09T08:00:00,33663683000116-1-000487/2026,https://cnetmobile.estaleiro.serpro.gov.br/comprasnet-web/public/compras/acompanhamento-compra?compra=15312806001042026,False,Dispensa Com Disputa,33663683000116
8,Dispensa de Licitação,Divulgada no PNCP,F,,179083,CASA DA MOEDA DO BRASIL/MF,RJ,Rio de Janeiro,PAPEL KRAFT PARDO; ESP.I.02.024 (EM ANEXO); DIM.840 X 1300+10/ 2MM; APL. EMPACOTAMENTO DIVERSOS ,0.0,2026-10-06T08:00:00,2026-10-09T08:00:00,34164319000174-1-000187/2026,https://cnetmobile.estaleiro.serpro.gov.br/comprasnet-web/public/compras/acompanhamento-compra?compra=17908306001492026,False,Dispensa Com Disputa,34164319000174
8,Dispensa de Licitação,Divulgada no PNCP,F,,771280,CENTRO DE MUNICAO DA MARINHA,RJ,Rio de Janeiro,Contratação de serviço de manutenção corretiva das Gruas do Cais Sul e Canal do Centro de Munição da Marinha,0.0,2026-10-05T12:00:00,2026-10-09T08:00:00,00394502000144-1-012959/2026,https://cnetmobile.estaleiro.serpro.gov.br/comprasnet-web/public/compras/acompanhamento-compra?compra=77128006000882026,False,Dispensa Com Disputa,00394502000144
8,Dispensa de Licitação,Divulgada no PNCP,F,,791130,COMANDO 2.ESQ. HELICOPTEROS DE EMP.GERAL,RJ,Rio de Janeiro,Aquisição de material diversos de pequeno vulto.,5933.73,2026-10-06T08:00:00,2026-10-09T08:00:00,00394502000144-1-012961/2026,https://cnetmobile.estaleiro.serpro.gov.br/comprasnet-web/public/compras/acompanhamento-compra?compra=79113006000602026,False,Dispensa Com Disputa,00394502000144
8,Dispensa de Licitação,Divulgada no PNCP,F,,240127,CENTRO DE TECNOLOGIA MINERAL - CETEM - RJ,RJ,Rio de Janeiro,"Persiana vertical em PVC com trilho em alumínio e abertura central, na cor cinza: Medidas e modelo de acordo com visita técnica
ao local.",2133.33,2026-10-06T08:00:00,2026-10-09T08:00:00,01263896000164-1-000701/2026,https://cnetmobile.estaleiro.serpro.gov.br/comprasnet-web/public/compras/acompanhamento-compra?compra=24012706000632026,False,Dispensa Com Disputa,01263896000164
8,Dispensa de Licitação,Divulgada no PNCP,F,,791170,GRUPO AéREO NAVAL DE MANUTENçãO,RJ,São Pedro da Aldeia,Contratação de aquisição de horas de voo em simulador do EC 135/145,64600.0,2026-10-06T08:00:00,2026-10-09T08:00:00,00394502000144-1-012964/2026,https://cnetmobile.estaleiro.serpro.gov.br/comprasnet-web/public/compras/acompanhamento-compra?compra=79117006002272026,False,Dispensa Com Disputa,00394502000144
8,Dispensa de Licitação,Divulgada no PNCP,M,,986001,MRJ-PREFEITURA MUNICIPAL DO RIO DE JANEIRO,RJ,Rio de Janeiro,"CATETER CENTRAL DE INSERCAO PE RIFERICA (PICC), CALIBRE DE DIAMETRO CERCA DE 4FRX CATETER CENTRAL, APLICACAO: VENOSO, CONECTORES PADRAO, CLAMP EM TODAS VIAS EE TAMPAS. COM CONJ. INTRODUTOR COMPLETO. MATERIA PRIMA: POLIURETANO RADIOPACOCOMPRIMENTO: CERCA 55 CM, COMPOSICAO DO CONJ.:CATETER PERCUTANEO DUPLO 4 FR X,1 INTRODUTOR PEEL OFF,1 FITA METRICA DESCARTAVEL,1 PINCA METALICA,2 CONECTORES SAFETY S/ AGULHA E 1 GARROTE HEMOSTATICO EM SILICONE, ESTERIL E DESCARTAVEL",8351.25,2026-10-06T08:00:00,2026-10-09T08:00:00,42498733000148-1-002015/2026,https://cnetmobile.estaleiro.serpro.gov.br/comprasnet-web/public/compras/acompanhamento-compra?compra=98600106017612026,False,Dispensa Com Disputa,42498733000148
8,Dispensa de Licitação,Divulgada no PNCP,M,,986001,MRJ-PREFEITURA MUNICIPAL DO RIO DE JANEIRO,RJ,Rio de Janeiro,"Aquisição de conjunto bloqueador e outros materiais de almoxarifado, por meio de Dispensa Eletrônica, destinada ao abastecimento do Hospital Municipal Jesus, visando atender às demandas assistenciais e garantir a disponibilidade dos insumos necessários à realização de procedimentos hospitalares.",2500.0,2026-10-05T12:00:00,2026-10-09T08:00:00,42498733000148-1-002016/2026,https://cnetmobile.estaleiro.serpro.gov.br/comprasnet-web/public/compras/acompanhamento-compra?compra=98600106017622026,False,Dispensa Com Disputa,42498733000148
8,Dispensa de Licitação,Divulgada no PNCP,F,,158139,"INST.FED.DE EDUC.,CIENC.E TEC.FLUMINENSE",RJ,Campos dos Goytacazes,Aquisição de Microscópios para atender às demandas do curso de Licenciatura em Geografia do Campus Centro do Instituto Federal Fluminense,2616.0,2026-10-06T08:00:00,2026-10-09T08:00:00,10779511000107-1-000207/2026,https://cnetmobile.estaleiro.serpro.gov.br/comprasnet-web/public/compras/acompanhamento-compra?compra=15813906004112026,False,Dispensa Com Disputa,10779511000107
8,Dispensa de Licitação,Divulgada no PNCP,F,,765720,HOSPITAL NAVAL MARCILIO DIAS - MM,RJ,Rio de Janeiro,Gabinete de parede para suporte de desfibrilador externo automático (DEA),9268.17,2026-10-06T08:00:00,2026-10-09T08:00:00,00394502000144-1-012983/2026,https://cnetmobile.estaleiro.serpro.gov.br/comprasnet-web/public/compras/acompanhamento-compra?compra=76572006003022026,False,Dispensa Com Disputa,00394502000144
8,Dispensa de Licitação,Divulgada no PNCP,F,,791105,1º ESQUADRÃO DE AERONAVES REMOTAM. PILOTADAS,RJ,São Pedro da Aldeia,"O objeto do presente procedimento é a escolha da proposta mais vantajosa para a contratação, por dispensa de licitação, de diversos itens para manutenção e conservação dessa Organização Militar, conforme condições, quantidades e exigências estabelecidas neste Aviso de Contratação Direta e seus anexos.",1648.83,2026-10-05T14:00:00,2026-10-09T08:00:00,00394502000144-1-012988/2026,https://cnetmobile.estaleiro.serpro.gov.br/comprasnet-web/public/compras/acompanhamento-compra?compra=79110506000402026,False,Dispensa Com Disputa,00394502000144
8,Dispensa de Licitação,Divulgada no PNCP,F,,765701,HOSPITAL CENTRAL_DA MARINHA,RJ,Rio de Janeiro, Aquisição de material permanente diversos para manutenção.,16419.44,2026-10-06T08:00:00,2026-10-09T08:00:00,00394502000144-1-012991/2026,https://cnetmobile.estaleiro.serpro.gov.br/comprasnet-web/public/compras/acompanhamento-compra?compra=76570106000782026,False,Dispensa Com Disputa,00394502000144
8,Dispensa de Licitação,Divulgada no PNCP,F,,240127,CENTRO DE TECNOLOGIA MINERAL - CETEM - RJ,RJ,Rio de Janeiro,"Condicionador de ar split parede 12.000 BTUs 220V
Ar Condicionado Janela 7500 BTU/h Frio Mecânico
220 Volts; Fluido Refrigerante Ecológico R-410A",6080.0,2026-10-06T08:00:00,2026-10-09T08:00:00,01263896000164-1-000706/2026,https://cnetmobile.estaleiro.serpro.gov.br/comprasnet-web/public/compras/acompanhamento-compra?compra=24012706000642026,False,Dispensa Com Disputa,01263896000164
8,Dispensa de Licitação,Divulgada no PNCP,F,,153162,MEC-MUSEU NACIONAL DA UF/RJ,RJ,Rio de Janeiro,"Aquisição de aparelhos de forno micro-ondas para atendimento das demandas de copas e unidades administrativas e operacionais da instituição, a ser realizada por meio de Dispensa Eletrônica sob o Sistema de Registro de Preços (SRP).",12501.6,2026-10-06T08:00:00,2026-10-09T08:00:00,33663683000116-1-000490/2026,https://cnetmobile.estaleiro.serpro.gov.br/comprasnet-web/public/compras/acompanhamento-compra?compra=15316206000572026,True,Dispensa Com Disputa,33663683000116
8,Dispensa de Licitação,Divulgada no PNCP,F,,240127,CENTRO DE TECNOLOGIA MINERAL - CETEM - RJ,RJ,Rio de Janeiro, Materiais consumíveis de laboratório.,17435.58,2026-10-06T08:00:00,2026-10-09T08:00:00,01263896000164-1-000707/2026,https://cnetmobile.estaleiro.serpro.gov.br/comprasnet-web/public/compras/acompanhamento-compra?compra=24012706000652026,False,Dispensa Com Disputa,01263896000164
8,Dispensa de Licitação,Divulgada no PNCP,F,,153145,MEC-INSTITUTO DE BIOFISICA DA UF/RJ,RJ,Rio de Janeiro,"Contratação de serviços de serralheria para confecção sob medida, fornecimento e instalação de porta metálica de duas folhas em aço galvanizado, com dimensões aproximadas de 1,566 m de largura x 0,895 m de altura, destinada ao fechamento de abrigo técnico existente no Instituto de Ciências Biomédicas da UFRJ. CONFORME TR",1600.0,2026-10-06T08:00:00,2026-10-09T08:00:00,33663683000116-1-000491/2026,https://cnetmobile.estaleiro.serpro.gov.br/comprasnet-web/public/compras/acompanhamento-compra?compra=15314506001292026,False,Dispensa Com Disputa,33663683000116
8,Dispensa de Licitação,Divulgada no PNCP,F,,160336,DIRETORIA DE FABRICAÇÃO,RJ,Rio de Janeiro,"Aquisição de material de Papel Sulfite branco, tipo A4, 75g.",2727.0,2026-10-05T15:00:00,2026-10-09T08:00:00,00394452000103-1-021580/2026,https://cnetmobile.estaleiro.serpro.gov.br/comprasnet-web/public/compras/acompanhamento-compra?compra=16033606001012026,False,Dispensa Com Disputa,00394452000103
8,Dispensa de Licitação,Divulgada no PNCP,F,,791140,COMANDO DO I ESQ.HELICOPT.ESCL.E AT ANTI-SUBM,RJ,Rio de Janeiro,"materiais hidráulicos, ferramentas e peças para equipamentos de jardinagem, destinados à execução de serviços de manutenção e adequação das instalações do Alojamento Feminino e à manutenção de equipamento utilizado nas atividades de conservação da OM.",4993.5,2026-10-06T08:00:00,2026-10-09T08:00:00,00394502000144-1-013002/2026,https://cnetmobile.estaleiro.serpro.gov.br/comprasnet-web/public/compras/acompanhamento-compra?compra=79114006000682026,False,Dispensa Com Disputa,00394502000144
8,Dispensa de Licitação,Divulgada no PNCP,F,,791612,FRAGATA DEFENSORA - MM,RJ,Niterói,"Aquisição de equipamentos industriais de cozinha para a Fragata Defensora, conforme condições e exigência estabelecidas no Termo de Referência. ",44365.0,2026-10-06T08:00:00,2026-10-09T08:00:00,00394502000144-1-013003/2026,https://cnetmobile.estaleiro.serpro.gov.br/comprasnet-web/public/compras/acompanhamento-compra?compra=79161206000142026,False,Dispensa Com Disputa,00394502000144
8,Dispensa de Licitação,Divulgada no PNCP,F,,767000,DIRETORIA DE ASSISTENCIA SOCIAL DA MARINHA-RJ,RJ,Rio de Janeiro,"Aquisição de equipamentos e utensílios destinados à cozinha, copa e Praça d’Armas dos Oficiais da Diretoria de Assistência Social da Marinha (DASM), compreendendo forno elétrico de bancada, fogão cooktop de indução, fogão elétrico de mesa, jogos de panelas para indução com revestimento antiaderente cerâmico, panela de pressão e chaleira elétrica, em quantidades e especificações adequadas às necessidades dos referidos ambientes.",6222.57,2026-10-05T16:00:00,2026-10-09T08:00:00,00394502000144-1-013006/2026,https://cnetmobile.estaleiro.serpro.gov.br/comprasnet-web/public/compras/acompanhamento-compra?compra=76700006000922026,False,Dispensa Com Disputa,00394502000144
8,Dispensa de Licitação,Divulgada no PNCP,F,,718000,EDF-SECRETARIA NAVAL S. N. E QUALIDADE,RJ,Rio de Janeiro,Material de limpeza e expediente para atender as demandas da SecNSNQ.,4065.02,2026-10-06T08:00:00,2026-10-09T08:00:00,00394502000144-1-013010/2026,https://cnetmobile.estaleiro.serpro.gov.br/comprasnet-web/public/compras/acompanhamento-compra?compra=71800006000522026,False,Dispensa Com Disputa,00394502000144
8,Dispensa de Licitação,Divulgada no PNCP,F,,150182,PRÓ-REITORIA DE ADMINISTRAÇÃO,RJ,Niterói,"Fogão a gás de piso, 04 bocas, botões removíveis; acendimento automático, mesa inox com grades duplas e tampo de vidro; Acabamento/cor: inox. 127 v – tomada 10 A. Eficiência energética: A - Forno simples com luz interna e capacidade mínima de 61L.",8248.35,2026-10-05T16:30:00,2026-10-09T08:00:00,28523215000106-1-000336/2026,https://cnetmobile.estaleiro.serpro.gov.br/comprasnet-web/public/compras/acompanhamento-compra?compra=15018206002372026,False,Dispensa Com Disputa,28523215000106
8,Dispensa de Licitação,Divulgada no PNCP,F,,751500,CENTRO DE SINALIZ.NAUTICA/REP.ALM.MORAES REGO,RJ,Rio de Janeiro,Aquisição de materiais permanentes para seção de serviços gerais do CAMR,7149.64,2026-10-05T16:30:00,2026-10-09T08:00:00,00394502000144-1-013011/2026,https://cnetmobile.estaleiro.serpro.gov.br/comprasnet-web/public/compras/acompanhamento-compra?compra=75150006001062026,False,Dispensa Com Disputa,00394502000144
8,Dispensa de Licitação,Divulgada no PNCP,M,,986001,MRJ-PREFEITURA MUNICIPAL DO RIO DE JANEIRO,RJ,Rio de Janeiro,"EXTENSAO PARA ASPIRACAO ESTERIL DESCARTAVE,PVC, 2M COMPRIMENTOCONFECCIONADO EM PVC CRISTAL GRAU MEDICO COM CONECTORES NAS EXTREMIDADES EM PVC SILICONIZADO,DIAMETRO INTERNO APROXIMADAMENTE 0,6 CM E MEDINDO APROXIMADAMENTE 2 METROS DE COMPRIMENTO, ESTERIL, DESCARTAVEL.DIAMETRO INTERNO 0,6M.",45300.0,2026-10-06T08:00:00,2026-10-09T08:00:00,42498733000148-1-002022/2026,https://cnetmobile.estaleiro.serpro.gov.br/comprasnet-web/public/compras/acompanhamento-compra?compra=98600106017672026,False,Dispensa Com Disputa,42498733000148
8,Dispensa de Licitação,Divulgada no PNCP,M,,926687,SERVICO AUTON DE AGUA E ESG DE VOLTA REDONDA,RJ,Volta Redonda,"O objeto do presente procedimento é a escolha da proposta mais vantajosa para a contratação, por dispensa de licitação, de EMPRESA ESPECIALIZADA PARA PRESTAÇÃO DE SERVIÇOS DE CALIBRAÇÃO RASTREADA, IN LOCO, DOS INSTRUMENTOS DE PRESSÃO E TEMPERATURA INSTALADOS NA BANCADA SEMIAUTOMÁTICA DE ENSAIOS DE HIDRÔMETROS DO LABORATÓRIO DO SAAE-VR",3165.0,2026-10-05T18:00:00,2026-10-09T08:00:00,32504706000187-1-000110/2026,https://cnetmobile.estaleiro.serpro.gov.br/comprasnet-web/public/compras/acompanhamento-compra?compra=92668706002212026,False,Dispensa Com Disputa,32504706000187
8,Dispensa de Licitação,Divulgada no PNCP,F,,765708,POLICLíNICA NAVAL DE NITERóI,RJ,Niterói,"Aquisição de 03 (três) Boilers (reservatórios térmicos para aquecimento de água) de aço inox 304, capacidade para 500 litros de alta pressão, com apoio elétrico de 3000W, incluindo a retirada e descarte do Boiler utilizado atualmente (que possui capacidade para 1.500 litros), além da limpeza geral das placas solares, utilizando tinta de 600 graus, bem como fornecer e instalar 03 válvulas quebra vácuo, 03 válvulas de segurança, 03 válvulas de alívio, e efetuar a limpeza do local.",33900.0,2026-10-06T13:10:00,2026-10-09T08:00:00,00394502000144-1-013017/2026,https://cnetmobile.estaleiro.serpro.gov.br/comprasnet-web/public/compras/acompanhamento-compra?compra=76570806000522026,False,Dispensa Com Disputa,00394502000144
8,Dispensa de Licitação,Divulgada no PNCP,F,,765708,POLICLíNICA NAVAL DE NITERóI,RJ,Niterói,"Aquisição de capas impermeáveis para colchões - confeccionadas em poliuretano impermeável, na cor Azul Royal, medindo 1,88 m x 0,79 m x 0,15 m, fechamento por zíper em ""L"", resistente aos processos de limpeza e desinfecção.",5100.0,2026-10-06T08:00:00,2026-10-09T08:00:00,00394502000144-1-013018/2026,https://cnetmobile.estaleiro.serpro.gov.br/comprasnet-web/public/compras/acompanhamento-compra?compra=76570806000482026,False,Dispensa Com Disputa,00394502000144
8,Dispensa de Licitação,Divulgada no PNCP,F,,925159,CONSELHO REGIONAL DE PSICOLOGIA 5ª - RJ,RJ,Rio de Janeiro,"Tablet com tela de no mínimo 10,9 polegadas, resolução mínima de 2000 pixels no maior lado e taxa de atualização mínima de 90 Hz; processador 64-bit octa-core; mínimo de 8 GB de RAM física e 128 GB de armazenamento interno expansível; Android 14 ou superior, com atualizações de segurança do fabricante por, no mínimo, 4 anos; conectividade 5G NR (incluindo a banda n78) e LTE/4G, com Nano-SIM e/ou eSIM; Wi-Fi 6 (IEEE 802.11ax) ou superior; Bluetooth 5.3 ou superior; bateria mínima de 8.000 mAh, com carregamento rápido de no mínimo 25 W; certificação IP68; leitor de impressão digital e reconhecimento facial. Inclui obrigatoriamente: caneta digital ativa, capa protetora, película de vidro temperado e carregador bivolt padrão ABNT NBR 14136 de no mínimo 25 W. Garantia mínima de 12 meses. Especificações detalhadas no item 4.8 do Termo de Referência.",17436.64,2026-10-06T12:00:00,2026-10-09T08:00:00,37115458000104-1-000040/2026,https://cnetmobile.estaleiro.serpro.gov.br/comprasnet-web/public/compras/acompanhamento-compra?compra=92515906000372026,False,Dispensa Com Disputa,37115458000104
8,Dispensa de Licitação,Divulgada no PNCP,F,,744030,CENTRO MISSEIS E AR.SUBMAR.ALM.LUIZ A.P.NEVES,RJ,São Gonçalo,"Aquisição de Equipamentos esportivos (Rede de futebol e futvôlei), com a intenção de substituir materiais avariados, para o Centro de Mísseis e Armas Submarinas da Marinha.",670.0,2026-10-06T09:10:00,2026-10-09T08:00:00,00394502000144-1-013030/2026,https://cnetmobile.estaleiro.serpro.gov.br/comprasnet-web/public/compras/acompanhamento-compra?compra=74403006000962026,False,Dispensa Com Disputa,00394502000144
8,Dispensa de Licitação,Divulgada no PNCP,F,,795500,BASE DE FUZILEIROS NAVAIS DO RIO MERITI,RJ,Duque de Caxias,"Locação de plataforma elevatória articulada diesel a ser disponibilizada pela contratada. O objeto deverá atender, obrigatoriamente, aos seguintes requisitos técnicos mínimos:
    • Tipo de Equipamento: Plataforma Elevatória Articulada Autopropelida;
    • Altura Mínima de Trabalho: 15,7 metros;
    • Altura Mínima da Plataforma (Elevação): 13,7 metros;
    • Alcance Horizontal Mínimo: 7,6 metros;
    • Capacidade Mínima de Carga do Cesto: 227 kg.",7685.85,2026-10-06T11:00:00,2026-10-09T08:00:00,00394502000144-1-013036/2026,https://cnetmobile.estaleiro.serpro.gov.br/comprasnet-web/public/compras/acompanhamento-compra?compra=79550006001752026,False,Dispensa Com Disputa,00394502000144
8,Dispensa de Licitação,Divulgada no PNCP,F,,791010,CENTRO DE INTENDENCIA DA MARINHA NITEROI,RJ,Niterói,Seguros das viaturas de Emergência e administrativa ,8420.75,2026-10-06T14:00:00,2026-10-09T08:00:00,00394502000144-1-013050/2026,https://cnetmobile.estaleiro.serpro.gov.br/comprasnet-web/public/compras/acompanhamento-compra?compra=79101006003212026,False,Dispensa Com Disputa,00394502000144
8,Dispensa de Licitação,Divulgada no PNCP,F,,160315,CENTRO DE CAPACITAÇÃO FÍSICA DO EXÉRCITO,RJ,Rio de Janeiro,"Serviço de locação, montagem e desmontagem de painel de exposição  em zig-zag com gancho para pendurar banners, estrutura em perfis de alumínio, sistema octogonal, em painéis ts numerados de 01 a 52,medindo  1,00  x  2,20m, iluminação por meio de spots  arandelas com lâmpadas led, período de 48h (O simpósio aconterá nos dias 12 e 13 de novembro).  Visando a boa execução do evento, a empresa contratada deverá realizar a montagem  no  dia  11  de novembro com horário a combinar com o contratante.",18899.92,2026-10-06T08:00:00,2026-10-09T08:01:00,00394452000103-1-021559/2026,https://cnetmobile.estaleiro.serpro.gov.br/comprasnet-web/public/compras/acompanhamento-compra?compra=16031506000952026,False,Dispensa Com Disputa,00394452000103
8,Dispensa de Licitação,Divulgada no PNCP,F,,344042,FUNDACAO BIBLIOTECA NACIONAL,RJ,Rio de Janeiro,Materiais para restauração,11955.0,2026-10-06T14:04:00,2026-10-09T08:05:00,40176679000199-1-000078/2026,https://cnetmobile.estaleiro.serpro.gov.br/comprasnet-web/public/compras/acompanhamento-compra?compra=34404206003782026,False,Dispensa Com Disputa,40176679000199
8,Dispensa de Licitação,Divulgada no PNCP,E,,925153,ERJ-MINISTÉRIO PUBLICO ESTADO RIO DE JANEIRO,RJ,Rio de Janeiro,"Aquisição de invólucros de segurança para acautelamento de armas de fogo. carregadores e munições no âmbito do MPRJ.



",10000.0,2026-09-30T15:00:00,2026-10-09T08:30:00,28305936000140-1-000345/2026,https://cnetmobile.estaleiro.serpro.gov.br/comprasnet-web/public/compras/acompanhamento-compra?compra=92515306003202026,False,Dispensa Com Disputa,28305936000140
8,Dispensa de Licitação,Divulgada no PNCP,F,,160321,ESTABELECIMENTO CENTRAL DE TRANSPORTE/RJ,RJ,Rio de Janeiro,Aquisição de insumos para a seção de saúde do ECT.,2568.89,2026-10-06T08:30:00,2026-10-09T08:30:00,00394452000103-1-021564/2026,https://cnetmobile.estaleiro.serpro.gov.br/comprasnet-web/public/compras/acompanhamento-compra?compra=16032106000802026,False,Dispensa Com Disputa,00394452000103
6,Pregão - Eletrônico,Divulgada no PNCP,M,,985889,FUNDO MUNICIPAL HABITAÇÃO URB.INT.SOCIAL RIO DAS FLORES,RJ,Rio das Flores,"Escolha da proposta mais vantajosa para futura e eventual contratação de empresa especializada em manutenção preventiva e corretiva da frota de veículos pertencentes a Prefeitura Municipal de Rio das Flôres (Fundos/Secretarias Municipais) , movidos a Diesel/Gasolina, com mão de obra (hora/homem) e aplicação e fornecimento de peças e acessórios, através de Pregão Eletrônico, por meio de Registro de Preços pelo período de 12(doze) meses",3951384.85,2026-09-25T09:00:00,2026-10-09T08:58:00,29179454000153-1-000015/2026,https://cnetmobile.estaleiro.serpro.gov.br/comprasnet-web/public/compras/acompanhamento-compra?compra=98588905000102026,True,Aberto-Fechado,29179454000153
6,Pregão - Eletrônico,Divulgada no PNCP,F,,250052,INSTITUTO NACIONAL DO CANCER - RJ,RJ,Rio de Janeiro,AQUISIÇÃO DE MATERIAL CIRÚRGICO.,153192.0,2026-10-01T09:00:00,2026-10-09T08:59:00,00394544000185-1-002026/2026,https://cnetmobile.estaleiro.serpro.gov.br/comprasnet-web/public/compras/acompanhamento-compra?compra=25005205008562026,True,Aberto,00394544000185
8,Dispensa de Licitação,Divulgada no PNCP,E,,137200,CENTRAIS DE ABASTECIMENTO DO ESTADO DO RJ,RJ,Rio de Janeiro,"FRIGOBAR,COR: BRANCO, CAPACIDADE FREEZER: 8 L, CAPACIDADE REFRIGERADOR: 112 L, CAPACIDADE TOTAL:
120 L, TENSAO: 127 / 230 V, DIMENSAO (H X L X P): N/D",1867.5,2026-09-29T12:00:00,2026-10-09T08:59:00,42498600000171-1-004154/2026,https://www.compras.rj.gov.br/EditaisLicitacoes/detalhar.action?idLic=37505,False,Dispensa Com Disputa,42498600000171
8,Dispensa de Licitação,Divulgada no PNCP,E,,096100,FUNDO ESPECIAL DA PROCURADORIA GERAL DO ERJ,RJ,Rio de Janeiro,"Contratação de empresa especializada para emissão e fornecimento de certificados digitais, abrangendo: Certificados do tipo A1 nos formatos: Subject Alternative Name A1 TLS/SSL (SAN SSL /UCC) – OV, Wildcard TLS/SSL internacional A1 – OV e Certificado Pessoa Jurídica Tipo A1 E-CNPJ em Nuvem e/ou Arquivo, conforme condições, quantidades e exigências estabelecidas neste instrumento, para atendimento das necessidades da Procuradoria Geral do Estado –PGE/RJ.",20661.27,2026-10-02T09:00:00,2026-10-09T08:59:00,42498600000171-1-004225/2026,https://www.compras.rj.gov.br/EditaisLicitacoes/detalhar.action?idLic=37530,False,Dispensa Com Disputa,42498600000171
4,Concorrência - Eletrônica,Suspensa,M,,986001,MRJ-PREFEITURA MUNICIPAL DO RIO DE JANEIRO,RJ,Rio de Janeiro,Execução das Obras de Urbanização da favela Fé em Deus / Parque Anchieta.,5126220.12,2026-09-02T09:00:00,2026-10-09T09:00:00,42498733000148-1-000575/2026,https://cnetmobile.estaleiro.serpro.gov.br/comprasnet-web/public/landing?destino=acompanhamento-compra&compra=98600103900482026,False,Aberto,42498733000148
4,Concorrência - Eletrônica,Divulgada no PNCP,M,,3651,MUNICÍPIO DE MACAÉ/RJ,RJ,Macaé,"[LICITANET] - CONTRATAÇÃO DE EMPRESA ESPECIALIZADA EM CONSTRUÇÃO CIVIL PARA COMPLEMENTAÇÃO DAS OBRAS DE DRENAGEM DA BACIA DO CANAL DA LINHA VERMELHA, COM INTERVENÇÕES DE MESODRENAGEM E MICRODRENAGEM NO BAIRRO MIRAMAR, E EXECUÇÃO DA URBANIZAÇÃO NAS MARGENS DA AV. FÁBIO FRANCO E AV. CARLOS AGUSTO TINOCO GARCIA, COM FORNECIMENTO DE MÃO DE OBRA, MATERIAIS E EQUIPAMENTOS NECESSÁRIOS, NO MUNICÍPIO DE MACAÉ/RJ.",103540937.43,2026-09-01T16:26:59,2026-10-09T09:00:00,29115474000160-1-000582/2026,https://licitanet.com.br/sessao/198889,False,Aberto,29115474000160
4,Concorrência - Eletrônica,Divulgada no PNCP,M,,450068,PREFEITURA MUNICIPAL DE VOLTA REDONDA-RJ,RJ,Volta Redonda,"Execução de obra de revitalização de escada, guarda corpo e execução de muro de contenção, localizado na Rua Isaura Gomes, 89 – Vila Brasilia, Volta Redonda – RJ. ",77534.84,2026-09-23T08:00:00,2026-10-09T09:00:00,32512501000143-1-000388/2026,https://cnetmobile.estaleiro.serpro.gov.br/comprasnet-web/public/compras/acompanhamento-compra?compra=45006803002522026,False,Aberto-Fechado,32512501000143
6,Pregão - Eletrônico,Divulgada no PNCP,M,,729,FUNDO MUNICIPAL DE SAÚDE DE CABO FRIO/RJ,RJ,Cabo Frio,"[LICITANET] - A contratação de empresa para o fornecimento de material de limpeza para lavanderias, para atender as necessidades da Secretaria Municipal de Saúde.",222664.0,2026-09-29T13:21:26,2026-10-09T09:00:00,12292556000188-1-000005/2026,https://licitanet.com.br/sessao/185681,True,Aberto,12292556000188
6,Pregão - Eletrônico,Divulgada no PNCP,M,,985833,PREFEITURA MUNICIPAL DE DUQUE DE CAXIAS -RJ,RJ,Duque de Caxias,"REGISTRO DE PREÇO PARA FUTURA E EVENTUAL AQUISIÇÃO DE MATERIAIS E EQUIPAMENTOS PARA O DEPARTAMENTO DE REABILITAÇÃO/SAE/SMS, conforme especificações e quantidades estabelecidas no Termo de Referência no Edital e seus Anexos.",668327.8,2026-09-23T08:00:00,2026-10-09T09:00:00,29138328000150-1-000079/2026,https://cnetmobile.estaleiro.serpro.gov.br/comprasnet-web/public/compras/acompanhamento-compra?compra=98583305000412026,True,Aberto,29138328000150
6,Pregão - Eletrônico,Divulgada no PNCP,F,,120195,CENTRO DE AQUISIÇÕES ESPECIFICAS,RJ,Rio de Janeiro,"Aquisição de matérias-primas, utensílios e materiais de embalagem para o CEMFAR",1143475.27,2026-09-28T09:00:00,2026-10-09T09:00:00,00394429000100-1-002363/2026,https://cnetmobile.estaleiro.serpro.gov.br/comprasnet-web/public/compras/acompanhamento-compra?compra=12019505002572026,False,Aberto-Fechado,00394429000100
6,Pregão - Eletrônico,Divulgada no PNCP,M,,450068,PREFEITURA MUNICIPAL DE VOLTA REDONDA-RJ,RJ,Volta Redonda,Contratação de Empresa Especializada Para a Montagem de Conjunto de Torre de Iluminação Com Vistas à Atender As Necessidades Estruturais da Arena Esportiva e Secretaria Municipal de Serviços Públicos.,1228130.16,2026-09-23T08:00:00,2026-10-09T09:00:00,32512501000143-1-000377/2026,https://cnetmobile.estaleiro.serpro.gov.br/comprasnet-web/public/compras/acompanhamento-compra?compra=45006805002312026,False,Aberto-Fechado,32512501000143
6,Pregão - Eletrônico,Divulgada no PNCP,M,,450068,PREFEITURA MUNICIPAL DE VOLTA REDONDA-RJ,RJ,Volta Redonda,Aquisição de Materiais de Informática e Eletrônico Para Atender às Necessidades do Setor de Cadastro Único da SMAS,197043.78,2026-09-24T08:00:00,2026-10-09T09:00:00,32512501000143-1-000385/2026,https://cnetmobile.estaleiro.serpro.gov.br/comprasnet-web/public/compras/acompanhamento-compra?compra=45006805001892026,True,Aberto-Fechado,32512501000143
6,Pregão - Eletrônico,Anulada,M,,928034,OSTRASPREV - RIO DAS OSTRAS PREVIDÊNCIA - RJ,RJ,Rio das Ostras,"O objeto consiste na contratação de pessoa jurídica especializada para a realização de estudos técnicos especializados (atuariais, viabilidade e econômico-financeiros) e, de forma complementar e subseqüente, para a prestação de serviços técnicos de implantação, administração, gestão, operacionalização, atendimento e acompanhamento contínuo da carteira de crédito consignado, compreendendo o fornecimento de solução tecnológica integrada sob o modelo Software as a Service (SaaS).",0.0,2026-09-23T09:00:00,2026-10-09T09:00:00,39691605000101-1-000011/2026,https://cnetmobile.estaleiro.serpro.gov.br/comprasnet-web/public/compras/acompanhamento-compra?compra=92803405000562026,False,Aberto,39691605000101
6,Pregão - Eletrônico,Divulgada no PNCP,M,,928034,OSTRASPREV - RIO DAS OSTRAS PREVIDÊNCIA - RJ,RJ,Rio das Ostras,"Contratação de serviços de pessoa jurídica especializada para a realização de estudos técnicos especializados, para a prestação de serviços técnicos de implantação, administração, gestão, operacionalização, atendimento e acompanhamento contínuo da carteira de crédito consignado, compreendendo o fornecimento de solução tecnológica integrada sob o modelo Software as a Service (SaaS) de suporte ao OSTRASPREV - Rio das Ostras Previdência",0.21,2026-09-23T09:00:00,2026-10-09T09:00:00,39691605000101-1-000012/2026,https://cnetmobile.estaleiro.serpro.gov.br/comprasnet-web/public/compras/acompanhamento-compra?compra=92803405000572026,False,Aberto,39691605000101
6,Pregão - Eletrônico,Divulgada no PNCP,M,,926850,FUNDO MUNICIPAL DE SAÚDE DE VOLTA REDONDA-RJ,RJ,Volta Redonda,"Aquisição de medicamentos com restrição de marca, para atendimento de determinação judicial.",111000.72,2026-09-24T09:00:00,2026-10-09T09:00:00,39563911000162-1-000190/2026,https://cnetmobile.estaleiro.serpro.gov.br/comprasnet-web/public/compras/acompanhamento-compra?compra=92685005001222026,False,Aberto-Fechado,39563911000162
6,Pregão - Eletrônico,Divulgada no PNCP,M,,985847,PREFEITURA MUNICIPAL DE MACAE - RJ,RJ,Macaé,"contratação de empresa especializada, devidamente autorizada pela Polícia Federal e pelo Exército Brasileiro, para prestação de serviços de apoio técnico, operacional, logístico, infraestrutural e especializado destinados à realização do curso de capacitação e avaliação em manuseio de arma de fogo dos integrantes da Guarda Municipal de Macaé, sob a supervisão técnica e pedagógica da Coordenação Pedagógica da Guarda Municipal de Macaé",9267709.21,2026-09-24T17:15:00,2026-10-09T09:00:00,29115474000160-1-000643/2026,https://cnetmobile.estaleiro.serpro.gov.br/comprasnet-web/public/compras/acompanhamento-compra?compra=98584705006352026,True,Aberto,29115474000160
6,Pregão - Eletrônico,Divulgada no PNCP,F,,120645,GRUPAMENTO DE APOIO DO GALEÃO,RJ,Rio de Janeiro,"Registro de preços para eventual contratação de empresa especializada em cursos de gastronomia, higiene e segurança alimentar, gastronomia hospitalar, panificação, dentre outros.",3495976.8,2026-09-25T09:00:00,2026-10-09T09:00:00,00394429000100-1-002483/2026,https://cnetmobile.estaleiro.serpro.gov.br/comprasnet-web/public/compras/acompanhamento-compra?compra=12064505002282026,True,Aberto-Fechado,00394429000100
6,Pregão - Eletrônico,Divulgada no PNCP,M,,928049,MRJ-FUNDAÇÃO APOIO ESC.T.C.T E.L.C P. SOCIAIS,RJ,Duque de Caxias,"O objeto da presente licitação é o registro de preços para a futura e eventual aquisição de material para os cursos na área da indústria, sendo estes: Mecânico de Refrigeração Domiciliar, Soldador de Eletrodo Revestido e Serralheiro e Soldador de Estrutura e Tubulação no Processo Mig Mag, ofertados por esta Fundação, conforme as condições, quantidades e exigências estabelecidas no Edital e seus anexos",310590.0,2026-09-25T09:00:00,2026-10-09T09:00:00,07432522000101-1-000014/2026,https://cnetmobile.estaleiro.serpro.gov.br/comprasnet-web/public/compras/acompanhamento-compra?compra=92804905000112026,True,Aberto,07432522000101
6,Pregão - Eletrônico,Divulgada no PNCP,E,,296100,FUNDO ESTADUAL DE SAÚDE,RJ,Rio de Janeiro,"O presente Termo de Referência tem por objetivo apontar os fundamentos da contratação proposta e sua viabilidade para aquisição de medicamentos, com a finalidade de atender às unidades de saúde sob gestão desta Secretaria de Estado de Saúde do Rio de Janeiro (SES/RJ), Departamento Geral de Ações Socioeducativas (DEGASE) e Secretaria de Estado de Administração Penitenciária (SEAP), conforme condições, quantidades, exigências e estimativas estabelecidas neste instrumento. No contexto do Componente Básico da Assistência Farmacêutica (CBAF), o objetivo é adquirir medicamentos que devem ser destinados à SEAP em conformidade com a Política Nacional de Atenção Integral à Saúde das Pessoas Privadas de Liberdade no Sistema Prisional (PNAISP).",0.0,2026-09-25T10:38:00,2026-10-09T09:00:00,42498600000171-1-004072/2026,https://www.compras.rj.gov.br/EditaisLicitacoes/detalhar.action?idLic=37494,True,Aberto,42498600000171
6,Pregão - Eletrônico,Divulgada no PNCP,M,,1,MUNICIPIO DE PETROPOLIS,RJ,Petrópolis,"REGISTRO DE PREÇOS, PARA AQUISIÇÃO DE FRALDAS DESCARTÁVEIS PARA ATENDER PROCESSOS JUDICIAIS/ADMINISTRATIVOS, HMNSE, PSLS, SAÚDE MENTAL E DEMAIS UNIDADES DA SECRETARIA MUNICIPAL DE SAÚDE, PELO PERÍODO DE 12 (DOZE) MESES",2328921.2,2026-09-25T11:30:00,2026-10-09T09:00:00,29138344000143-1-000300/2026,https://bllcompras.com/Process/ProcessView?param1=[gkz]Vd0rCoKcitUy2AizhGTykL_xxNmFHoldXrCL4xxkQMEJnDkzD_HqfcH3roxMhEk6UPhsU3/87f4JMYSc7hchHx/0iH5kR7McCC8/QsxoI2w=,True,Aberto,29138344000143
6,Pregão - Eletrônico,Divulgada no PNCP,M,,926850,FUNDO MUNICIPAL DE SAÚDE DE VOLTA REDONDA-RJ,RJ,Volta Redonda,Aquisição de Maca com Gabinete para Exames de Ultrassonografia.,4794.0,2026-09-29T09:00:00,2026-10-09T09:00:00,39563911000162-1-000193/2026,https://cnetmobile.estaleiro.serpro.gov.br/comprasnet-web/public/compras/acompanhamento-compra?compra=92685005001242026,False,Aberto-Fechado,39563911000162
6,Pregão - Eletrônico,Divulgada no PNCP,M,,1195,FMS Barra Mansa,RJ,Barra Mansa,REGISTRO DE PREÇOS PARA EVENTUAL AQUISIÇÃO DE MEDICAMENTOS.,64939.12,2026-09-28T17:30:00,2026-10-09T09:00:00,36507127000149-1-000210/2026,,True,Aberto,36507127000149
6,Pregão - Eletrônico,Divulgada no PNCP,M,,1195,FMS Barra Mansa,RJ,Barra Mansa,REGISTRO DE PREÇOS PARA EVENTUAL AQUISIÇÃO DE MATERIAIS LÚDICOS DIVERSOS.,53122.0,2026-09-28T17:30:00,2026-10-09T09:00:00,36507127000149-1-000211/2026,,True,Aberto,36507127000149
8,Dispensa de Licitação,Divulgada no PNCP,M,,928063,CAMARA MUNICIPAL DE NOVA FRIBURGO - RJ,RJ,Nova Friburgo,"Aquisição imediata de tapetes personalizados de alta resistência, conforme condições, especificações, exigências e estimativas estabelecidas neste Aviso de Contratação Direta e seus anexos.",4300.47,2026-10-01T14:00:00,2026-10-09T09:00:00,29844172000123-1-000049/2026,https://cnetmobile.estaleiro.serpro.gov.br/comprasnet-web/public/compras/acompanhamento-compra?compra=92806306000192026,False,Dispensa Com Disputa,29844172000123
8,Dispensa de Licitação,Revogada,M,,985865,MRJ- PREFEITURA MUNICIPAL DE NITEROI,RJ,Niterói,"Roupeiros de aço, beliches, colchões, capas de colchão e persianas",0.0,2026-10-06T09:00:00,2026-10-09T09:00:00,28521748000159-1-000233/2026,https://cnetmobile.estaleiro.serpro.gov.br/comprasnet-web/public/compras/acompanhamento-compra?compra=98586506002412026,False,Dispensa Com Disputa,28521748000159
8,Dispensa de Licitação,Divulgada no PNCP,F,,152004,INSTITUTO BENJAMIN CONSTANT,RJ,Rio de Janeiro,Aquisição de Materiais Escolares - Primeiro Segmento,34023.18,2026-10-06T09:00:00,2026-10-09T09:00:00,00394445000101-1-000246/2026,https://cnetmobile.estaleiro.serpro.gov.br/comprasnet-web/public/compras/acompanhamento-compra?compra=15200406001742026,False,Dispensa Com Disputa,00394445000101
8,Dispensa de Licitação,Divulgada no PNCP,F,,120623,GRUPAMENTO DE APOIO DOS AFONSOS,RJ,Rio de Janeiro,"Aquisição de materiais destinados ao atendimento das atividades operacionais, administrativas, de conservação preventiva do acervo museológico do Museu Aeroespacial (MUSAL).",47458.06,2026-10-06T09:00:00,2026-10-09T09:00:00,00394429000100-1-002575/2026,https://cnetmobile.estaleiro.serpro.gov.br/comprasnet-web/public/compras/acompanhamento-compra?compra=12062306002812026,False,Dispensa Com Disputa,00394429000100
8,Dispensa de Licitação,Divulgada no PNCP,M,,000000001,PREFEITURA MUNICIPAL DE ITATIAIA,RJ,Itatiaia,"Contratação de empresa especializada para prestação de serviço de organização e estruturação de evento de Marcha Equina, visando atender às necessidades da Secretaria Municipal de Habitação, Regularização Fundiária e Agricultura.",35213.33,2026-10-06T08:00:00,2026-10-09T09:00:00,31846892000170-1-000081/2026,https://bnccompras.com/Process/ProcessView?param1=[gkz]ost5xQAKigwTv_xJCevNx8EDsQxElvAm8gSGA_shSfG/a8JlBkffm/3Mm1HRhnX3iefWEZTDeuB3TFuvJMRSIG1hzZ2x2RbTCk7qGJAcBF4=,False,Dispensa Com Disputa,31846892000170
8,Dispensa de Licitação,Divulgada no PNCP,F,,170116,SUP.REGIONAL RECEITA FEDERAL 7A.RF/RJ,RJ,Rio de Janeiro,"Aquisição de 1 armário de aço A90 com 4 prateleiras, nas medidas de 198cm x 90cm x 40cm, na cor cinza, com fechadura.",0.0,2026-10-06T08:00:00,2026-10-09T09:00:00,00394460000141-1-000720/2026,https://cnetmobile.estaleiro.serpro.gov.br/comprasnet-web/public/compras/acompanhamento-compra?compra=17011606001542026,False,Dispensa Com Disputa,00394460000141
8,Dispensa de Licitação,Divulgada no PNCP,F,,158157,"INST.FED.DE EDUC.,CIENC.E TEC.DO R.DE JANEIRO",RJ,Rio de Janeiro,"Contratação de internet por fibra óptica, com velocidade de 1 Gbps (dedicado), 2 (dois) endereços IP
públicos e fixos e todos os recursos necessários à prestação do serviço, conforme as condições e exigências
estabelecidas neste instrumento.
",56442.24,2026-10-06T11:20:00,2026-10-09T09:00:00,10952708000104-1-000102/2026,https://cnetmobile.estaleiro.serpro.gov.br/comprasnet-web/public/compras/acompanhamento-compra?compra=15815706000032026,False,Dispensa Com Disputa,10952708000104
12,Credenciamento,Divulgada no PNCP,M,,985801,PREFEITURA MUNICIPAL DE ANGRA DOS REIS - RJ,RJ,Angra dos Reis,"AQUISIÇÃO DE GÊNEROS ALIMENTÍCIOS DA AGRICULTURA FAMILIAR E DO EMPREENDEDOR FAMILIAR RURAL OU SUAS
ORGANIZAÇÕES PARA A ALIMENTAÇÃO ESCOLAR, CONFORME LEI Nº 11.947 DE 16/06/2009 e ALTERAÇÕES, RESOLUÇÃO DO FNDE Nº 06/2020 E ALTERAÇÕES, COM APLICAÇÃO SUBSIDIÁRIA DA LEI 14.133/2021.",2253517.07,2026-02-11T09:00:00,2026-10-09T09:00:00,29172467000109-1-000196/2026,,False,Não se aplica,29172467000109
6,Pregão - Eletrônico,Divulgada no PNCP,E,,166100,FUNDO ESPECIAL DO CORPO DE BOMBEIROS,RJ,Rio de Janeiro,"ITEM 1 - ID 195681 - 27 UNIDADES: Terminais portáteis de comunicação via satélite com tecnologia Push-To-Talk (PTT) ilimitada, cobertura global com GARANTIA DE COMUNICAÇÃO EFETIVA EM TODO O TERRITÓRIO DO ESTADO DO RIO DE JANEIRO, franquia de 100 minutos de telefonia por voz por terminal de maneira compartilhada (totalizando 400 minutos mensais), incluindo todos os acessórios necessários. 
ITEM 2 - ID 195982 - 31 UNIDADES: Terminais portáteis de comunicação via satélite com tecnologia Push-To-Talk (PTT) ilimitada, cobertura global com GARANTIA DE COMUNICAÇÃO EFETIVA EM TODO O TERRITÓRIO DO ESTADO DO RIO DE JANEIRO, incluindo todos os acessórios necessários.",2810331.0,2026-09-23T09:00:00,2026-10-09T09:29:00,42498600000171-1-003990/2026,https://www.compras.rj.gov.br/EditaisLicitacoes/detalhar.action?idLic=37432,True,Aberto,42498600000171
4,Concorrência - Eletrônica,Divulgada no PNCP,M,,1,MUNICIPIO DE IGUABA GRANDE,RJ,Iguaba Grande,"Contratação de empresa especializada para implantação de nova edificação municipal vinculada à Secretaria Municipal de Saúde de Iguaba Grande/RJ, destinada ao atendimento da população no âmbito das ações e dos serviços públicos de saúde previstos nos arts. 196 a 198 da Constituição Federal e disciplinados pela Lei nº 8.080/1990, conforme condições estabelecidas no edital e em seus anexos.",0.0,2026-09-23T17:00:00,2026-10-09T09:30:00,01615882000162-1-000068/2026,https://bnccompras.com/Process/ProcessView?param1=[gkz]xUnijV_oNaRsVjhSyUC_BucRHg0uMGngiaKzUsidhL6Uff7GBNNNm_gGdLbMqerurgWqR8i6sWv1DluwWn_z0r9YFFaMu/F_3WPxBl2bR3U=,False,Aberto,01615882000162
6,Pregão - Eletrônico,Divulgada no PNCP,F,,254501,INSTITUTO DE CIÊNCIA E TEC. EM BIOMODELOS,RJ,Rio de Janeiro,Aquisição de materiais destinados ao descarte de resíduos,273953.0,2026-09-30T08:00:00,2026-10-09T09:30:00,33781055000135-1-001575/2026,https://cnetmobile.estaleiro.serpro.gov.br/comprasnet-web/public/compras/acompanhamento-compra?compra=25450105001752026,True,Aberto-Fechado,33781055000135
6,Pregão - Eletrônico,Divulgada no PNCP,F,,254447,MS-INSTITUTO FERNANDES FIGUEIRA/FIOCRUZ/RJ,RJ,Rio de Janeiro,Contratação de empresa especializada na prestação de serviços de realização de exames de diagnóstico,0.0,2026-09-25T08:00:00,2026-10-09T09:30:00,33781055000135-1-001668/2026,https://cnetmobile.estaleiro.serpro.gov.br/comprasnet-web/public/compras/acompanhamento-compra?compra=25444705002532026,False,Aberto,33781055000135
6,Pregão - Eletrônico,Divulgada no PNCP,F,,744021,CENTRO DE MANUTENÇÃO DE SISTEMA DA MARINHA,RJ,Rio de Janeiro,"AQUISIÇÃO DE FERRAMENTAS, EQUIPAMENTOS, INSTRUMENTOS, ACESSÓRIOS E CONSUMÍVEIS",125364.16,2026-09-29T09:30:00,2026-10-09T09:30:00,00394502000144-1-012558/2026,https://cnetmobile.estaleiro.serpro.gov.br/comprasnet-web/public/compras/acompanhamento-compra?compra=74402105001402026,True,Aberto-Fechado,00394502000144
6,Pregão - Eletrônico,Divulgada no PNCP,F,,113206,INDUSTRIAS NUCLEARES DO BRASIL S/A,RJ,Rio de Janeiro,"Contratação de empresa especializada para elaboração de projeto de engenharia em nível de detalhamento executivo e execução das obras para promover as adequações necessárias ao completo atendimento às legislações e normas vigentes da Barragem D4, estrutura integrante das instalações da Unidade em Descomissionamento de Caldas (UDC), das Indústrias Nucleares do Brasil S.A. (INB), situada no município de Caldas/MG, em conformidade com o Projeto Básico.",0.0,2026-09-17T12:00:00,2026-10-09T09:59:00,37115383000153-1-000121/2026,https://cnetmobile.estaleiro.serpro.gov.br/comprasnet-web/public/compras/acompanhamento-compra?compra=11320605000342026,False,Aberto,37115383000153
6,Pregão - Eletrônico,Divulgada no PNCP,M,,330,Prefeitura Municipal de Paty do Alferes- RJ,RJ,Paty do Alferes,"AQUISIÇÃO DE 01 (UM) VEÍCULO PICAPE/CAMINHONETE COMPACTA COR BRANCA, CABINE DUPLA, NOVA, ZERO QUILÔMETRO, MOTORIZAÇÃO 1.3 FLEX OU 1.0 TURBO FLEX",131278.1,2026-09-28T14:30:00,2026-10-09T09:59:00,31844889000117-1-000136/2026,https://comprasbr.com.br/pregao-eletronico-detalhe/?idlicitacao=48633,False,Aberto,31844889000117
6,Pregão - Eletrônico,Divulgada no PNCP,E,,404340,HOSPITAL UNIVERSITARIO PEDRO ERNESTO,RJ,Rio de Janeiro,"Aquisição, por licitação (pregão eletrônico), de Itens diversos para o Hospital Universitário Pedro Ernesto.",443211.58,2026-09-29T10:00:00,2026-10-09T09:59:00,42498600000171-1-004151/2026,https://www.compras.rj.gov.br/EditaisLicitacoes/detalhar.action?idLic=37506,False,Aberto,42498600000171
6,Pregão - Eletrônico,Divulgada no PNCP,E,,404340,HOSPITAL UNIVERSITARIO PEDRO ERNESTO,RJ,Rio de Janeiro,"A aquisição, por licitação (pregão eletrônico), de Seringas para o Hospital Universitário Pedro Ernesto.",547097.68,2026-09-29T10:00:00,2026-10-09T09:59:00,42498600000171-1-004152/2026,https://www.compras.rj.gov.br/EditaisLicitacoes/detalhar.action?idLic=37507,False,Aberto,42498600000171
6,Pregão - Eletrônico,Divulgada no PNCP,E,,404340,HOSPITAL UNIVERSITARIO PEDRO ERNESTO,RJ,Rio de Janeiro,"Aquisição de medicamentos, por licitação (pregão eletrônico), para o Hospital Universitário Pedro Ernesto.",101657.87,2026-09-29T10:15:00,2026-10-09T09:59:00,42498600000171-1-004155/2026,https://www.compras.rj.gov.br/EditaisLicitacoes/detalhar.action?idLic=37509,False,Aberto,42498600000171
6,Pregão - Eletrônico,Divulgada no PNCP,E,,404340,HOSPITAL UNIVERSITARIO PEDRO ERNESTO,RJ,Rio de Janeiro,AQUISIÇÃO DE FRALDAS DESCARTÁVEIS PARA O HURHC.,111160.5,2026-09-29T13:10:00,2026-10-09T09:59:00,42498600000171-1-004169/2026,https://www.compras.rj.gov.br/EditaisLicitacoes/detalhar.action?idLic=37504,False,Aberto,42498600000171
6,Pregão - Eletrônico,Divulgada no PNCP,E,,404340,HOSPITAL UNIVERSITARIO PEDRO ERNESTO,RJ,Rio de Janeiro,Aquisição de material para cirurgias ortopédicas de Trauma para o Hospital Universitário Pedro Ernesto.,187337.46,2026-09-29T13:10:00,2026-10-09T09:59:00,42498600000171-1-004170/2026,https://www.compras.rj.gov.br/EditaisLicitacoes/detalhar.action?idLic=37508,False,Aberto,42498600000171
4,Concorrência - Eletrônica,Divulgada no PNCP,F,,153115,MEC-UFRJ-UNIVERSID.FED.DO RIO DE JANEIRO/RJ,RJ,Rio de Janeiro,"Contratação de empresa especializada, no ramo de engenharia, para execução dos serviços urgentes para mitigação de riscos no PR22, incluindo análise estrutural e elaboração de laudo técnico, projeto executivo e projeto as built no prédio PR22, situado à Praça da República, nº 22, Centro, Rio de Janeiro – RJ",337316.41,2026-09-03T08:00:00,2026-10-09T10:00:00,33663683000116-1-000390/2026,https://cnetmobile.estaleiro.serpro.gov.br/comprasnet-web/public/compras/acompanhamento-compra?compra=15311503000642026,False,Aberto-Fechado,33663683000116
4,Concorrência - Eletrônica,Divulgada no PNCP,M,,1467,MUNICÍPIO DE SÃO JOÃO DA BARRA/RJ,RJ,São João da Barra,"[LICITANET] - CONTRATAÇÃO DE EMPRESA DE ENGENHARIA PARA OBRA DE REFORMA DA PRAÇA DE VILA ESPERANÇA EM ATAFONA, EMENDA IMPOSITIVA N° 069 e 071 de 2025, conforme condições, quantidades e exigências estabelecidas no edital e seus anexos",244383.09,2026-09-24T16:45:47,2026-10-09T10:00:00,29116902000170-1-000046/2026,https://licitanet.com.br/sessao/202774,False,Aberto,29116902000170
6,Pregão - Eletrônico,Divulgada no PNCP,M,,1467,MUNICÍPIO DE SÃO JOÃO DA BARRA/RJ,RJ,São João da Barra,"[LICITANET] - AQUISIÇÃO DE GRADES ARADORAS PARA ATENDER À SECRETARIA MUNICIPAL DE AGRICULTURA DESTINADOS AO PROGRAMA PATRULHA AGRÍCOLA MECANIZADA DA SECRETARIA MUNICIPAL DE AGRICULTURA DE SÃO JOÃO DA BARRA/RJ, conforme condições, quantidades e exigências estabelecidas neste edital e seus anexos.",0.0,2026-09-28T16:02:50,2026-10-09T10:00:00,29116902000170-1-000027/2026,https://licitanet.com.br/sessao/195313,False,Aberto,29116902000170
6,Pregão - Eletrônico,Divulgada no PNCP,F,,771000,DIRETORIA DE ABASTECIMENTO DA MARINHA,RJ,Rio de Janeiro,"Aquisição de itens de informática para as OM do CNAb, EAGM, DepCMRJ e CMM.",568843.02,2026-09-29T08:00:00,2026-10-09T10:00:00,00394502000144-1-010841/2026,https://cnetmobile.estaleiro.serpro.gov.br/comprasnet-web/public/compras/acompanhamento-compra?compra=77100005001332026,True,Aberto-Fechado,00394502000144
6,Pregão - Eletrônico,Divulgada no PNCP,F,,173030,MF-CVM-COMISSAO DE VALORES MOBILIARIOS/RJ,RJ,Rio de Janeiro,"Serviços contínuos de telefonia com ramais DDR, em nuvem e integrada com a funcionalidade de Telefonia do Microsoft Teams, com ligações locais e nacionais (LDN) ilimitadas, para fixo e móvel, de qualquer operadora, e pacote de ligações internacionais (LDI), com códigos de área (DDD) dos municípios sede  da CVM, incluindo serviço de Discagem Direta Gratuita (0800 e, eventualmente, tridígito),  e aparelhos telefônicos IP e headsets",2926383.46,2026-09-25T09:00:00,2026-10-09T10:00:00,29507878000108-1-000024/2026,https://cnetmobile.estaleiro.serpro.gov.br/comprasnet-web/public/compras/acompanhamento-compra?compra=17303005000402026,False,Aberto,29507878000108
6,Pregão - Eletrônico,Divulgada no PNCP,F,,730012,BATALHÃO NAVAL,RJ,Rio de Janeiro,"Registro de preços para eventual contratação de empresas especializadas na prestação de serviços de manutenção de câmaras frigoríficas, incluindo o fornecimento de peças e acessórios originais, em conformidade com os materiais recomendados pelos fabricantes",508677.28,2026-09-24T10:00:00,2026-10-09T10:00:00,00394502000144-1-012349/2026,https://cnetmobile.estaleiro.serpro.gov.br/comprasnet-web/public/compras/acompanhamento-compra?compra=73001205000942026,True,Aberto-Fechado,00394502000144
6,Pregão - Eletrônico,Divulgada no PNCP,F,,389151,CONSELHO REGIONAL DE ADMINISTRACAO DO RJ,RJ,Rio de Janeiro,"Contratação de empresa especializada para prestação dos serviços, em caráter contínuo, de guarda, armazenamento, conservação, arquivamento e gerenciamento de parte do acervo documental do CRA-RJ, conforme especificações, condições, quantidades e estimativas estabelecidas no Anexo I - Termo de Referência do edital.",244065.2,2026-09-25T10:00:00,2026-10-09T10:00:00,27907518000160-1-000009/2026,https://cnetmobile.estaleiro.serpro.gov.br/comprasnet-web/public/compras/acompanhamento-compra?compra=38915105000052026,False,Aberto,27907518000160
6,Pregão - Eletrônico,Divulgada no PNCP,M,,5478,Fundo Municipal de Saude,RJ,Conceição de Macabu,"[Portal de Compras Públicas] - Contratação de empresa especializada para fornecimento de solução tecnológica integrada para gestão da saúde pública municipal, compreendendo licenciamento de uso de software em ambiente cloud (SaaS), implantação, migração de dados, treinamento de usuários, suporte técnico e manutenção corretiva e evolutiva, para atender as necessidades da Secretaria Municipal de Saúde de Conceição de Macabu.",226666.7,2026-09-25T10:00:00,2026-10-09T10:00:00,29115466000114-1-000146/2026,https://www.portaldecompraspublicas.com.br/processos/RJ/Prefeitura-Municipal-de-Conceicao-de-Macabu-2900/PE-056-2026-2026-513924,False,Aberto,29115466000114
6,Pregão - Eletrônico,Divulgada no PNCP,M,,930552,CAMARA MUNICIPAL DE MACAE - RJ,RJ,Macaé,"Contratação de empresa especializada para aquisição de insumos de impressora BROTHER MFCL-L5902DW, para atender as necessideades da Câmara Municipal de Macaé.",82519.5,2026-09-25T08:00:00,2026-10-09T10:00:00,29893617000165-1-000019/2026,https://cnetmobile.estaleiro.serpro.gov.br/comprasnet-web/public/compras/acompanhamento-compra?compra=93055205000202026,True,Aberto,29893617000165
6,Pregão - Eletrônico,Divulgada no PNCP,M,,646,FUNDO MUNICIPAL DE ASSISTÊNCIA SOCIAL DE CAMPOS DOS GOYTACAZES/RJ,RJ,Campos dos Goytacazes,"[LICITANET] - Prestação de serviço da Organização do evento: “Festa em 
Comemoração ao Dia das Crianças”, a ser realizado em outubro de 2026, para atender 
crianças e adolescentes do Serviço de Convivência e Fortalecimento de Vínculo – SCFV 
e Serviço de Primeira Infância: Criança Feliz – SCF",0.0,2026-09-24T16:07:34,2026-10-09T10:00:00,01197548000136-1-000007/2026,https://licitanet.com.br/sessao/202762,False,Aberto,01197548000136
6,Pregão - Eletrônico,Divulgada no PNCP,M,,985821,PREFEITURA MUNICIPAL DE CANTAGALO - RJ,RJ,Cantagalo,"Registro de preços para futura e eventual aquisição de materiais didáticos, pedagógicos e de expediente, destinados ao atendimento das demandas da Secretaria Municipal de Educação, do Conselho Municipal de Educação, do CEDERJ, da Creche Municipal e das Unidades Escolares integrantes da Rede Municipal de Ensino do Município de Cantagalo/RJ.",1174936.68,2026-09-25T08:00:00,2026-10-09T10:00:00,28645794000160-1-000073/2026,https://cnetmobile.estaleiro.serpro.gov.br/comprasnet-web/public/compras/acompanhamento-compra?compra=98582105000232026,True,Aberto,28645794000160
6,Pregão - Eletrônico,Divulgada no PNCP,F,,120669,BASE AéREA DE SANTA CRUZ,RJ,Rio de Janeiro,Contratação de serviços de manutenção de áreas verdes do 1º/1º GCC,201600.0,2026-09-25T10:00:00,2026-10-09T10:00:00,00394429000100-1-002480/2026,https://cnetmobile.estaleiro.serpro.gov.br/comprasnet-web/public/compras/acompanhamento-compra?compra=12066905000812026,False,Aberto-Fechado,00394429000100
6,Pregão - Eletrônico,Divulgada no PNCP,F,,250057,INSTITUTO NACIONAL DE TRAUMATO-ORTOPEDIA,RJ,Rio de Janeiro,AQUISIÇÃO DE EQUIPAMENTOS DE TIC (TABLET DE 10” E OUTROS) REPETIÇÃO DE LICITAÇÃO,908862.12,2026-09-25T10:00:00,2026-10-09T10:00:00,00394544000185-1-002077/2026,https://cnetmobile.estaleiro.serpro.gov.br/comprasnet-web/public/compras/acompanhamento-compra?compra=25005705003342026,False,Aberto-Fechado,00394544000185
6,Pregão - Eletrônico,Divulgada no PNCP,M,,986001,MRJ-PREFEITURA MUNICIPAL DO RIO DE JANEIRO,RJ,Rio de Janeiro,"Aquisição com fornecimento contínuo de insumos necessários à realização de procedimentos cirúrgicos de Proctologia por videolaparoscopia, incluindo a cessão de uso, em regime de comodato, de Bisturi Harmônico Ultrassônico para Videocirurgia, com assistência técnica e assessoria científica, destinado ao atendimento das necessidades do Hospital Municipal Ronaldo Gazolla (HMRG), gerido pela Empresa Pública de Saúde do Rio de Janeiro S/A – RioSaúde, devidamente descritos, caracterizados e especifica",134539.2,2026-09-28T08:00:00,2026-10-09T10:00:00,42498733000148-1-001951/2026,https://cnetmobile.estaleiro.serpro.gov.br/comprasnet-web/public/compras/acompanhamento-compra?compra=98600105016822026,False,Aberto,42498733000148
6,Pregão - Eletrônico,Divulgada no PNCP,E,,296100,FUNDO ESTADUAL DE SAÚDE,RJ,Rio de Janeiro,"O presente termo de referência tem por objetivo estabelecer as condições para fornecimento do(s) medicamento(s) PACLITÁXEL 100 MG PÓ LIÓFILO SUSPENSÃO INJETÁVEL FRASCO AMPOLA através do Pregão Eletrônico para Registro de Preços, visando suprir as necessidades da Assessoria de Mandados Judiciais da Secretaria de Estado de Saúde do Rio de Janeiro, de acordo com as condições e especificações constantes neste Termo de Referência e no Edital, sob a égide da Lei n° 14.133/2021.",0.0,2026-09-25T09:55:00,2026-10-09T10:00:00,42498600000171-1-004067/2026,https://www.compras.rj.gov.br/EditaisLicitacoes/detalhar.action?idLic=37490,True,Aberto,42498600000171
6,Pregão - Eletrônico,Divulgada no PNCP,E,,296100,FUNDO ESTADUAL DE SAÚDE,RJ,Rio de Janeiro,"O presente Termo de Referência tem por objetivo descrever os fundamentos e a viabilidade para aquisição de Kit de Material para tratamento focal do Aedes aegypti, em conformidade com a Lei nº 14.133/21 (que estabelece normas gerais de licitação e contratação para as Administrações Públicas diretas, autárquicas e fundacionais da União, dos Estados, do Distrito Federal e dos Municípios), e o Decreto Estadual nº 48.816 de 24 de novembro de 2023 (que regulamenta a fase preparatória das contratações no âmbito do Estado do Rio de Janeiro).",0.0,2026-09-25T10:18:00,2026-10-09T10:00:00,42498600000171-1-004069/2026,https://www.compras.rj.gov.br/EditaisLicitacoes/detalhar.action?idLic=37493,True,Aberto,42498600000171
6,Pregão - Eletrônico,Divulgada no PNCP,E,,296100,FUNDO ESTADUAL DE SAÚDE,RJ,Rio de Janeiro,"O presente termo de referência tem por objetivo estabelecer as condições para fornecimento do(s) medicamento(s): MONOSSIALOTETRAEXOSILGANGLIOSIDEO 100 MG/5 ML através do Pregão Eletrônico para Registro de Preços, visando suprir as necessidades da Assessoria de Mandados Judiciais da Secretaria de Estado de Saúde do Rio de Janeiro, de acordo com as condições e especificações constantes neste Termo de Referência e no Edital, sob a égide da Lei n° 14.133/2021.",0.0,2026-09-25T10:55:00,2026-10-09T10:00:00,42498600000171-1-004074/2026,https://www.compras.rj.gov.br/EditaisLicitacoes/detalhar.action?idLic=37495,True,Aberto,42498600000171
6,Pregão - Eletrônico,Divulgada no PNCP,M,,986001,MRJ-PREFEITURA MUNICIPAL DO RIO DE JANEIRO,RJ,Rio de Janeiro,"Registro de Preços para aquisição de peças e acessórios, novos e originais, para Eixos, Embreagem, Elétrica, Direção, Caixa de Marcha, Suspensão e Transmissão Diferencial, dos ônibus de chassi Mercedes-Benz, motores Euro 5 e Euro 6 – G , para Manutenção Preventiva e Corretiva da Frota de ônibus operada pela Companhia Municipal de Transportes Coletivos – CMTC - (MOBIRIO), conforme descrito, caracterizado e especificado neste Termo de Referência.",0.0,2026-09-28T08:00:00,2026-10-09T10:00:00,42498733000148-1-001955/2026,https://cnetmobile.estaleiro.serpro.gov.br/comprasnet-web/public/compras/acompanhamento-compra?compra=98600105016912026,True,Aberto-Fechado,42498733000148
6,Pregão - Eletrônico,Divulgada no PNCP,M,,368,FUNDO MUNICIPAL DE ASSISTÊNCIA SOCIAL DE SAPUCAIA/RJ,RJ,Sapucaia,"[LICITANET] - Formação de Registro de Preço para futura e eventual aquisição de cobertores/mantas, toalhas de banho, roupas de cama, travesseiros e colchões justifica-se pela necessidade de garantir condições adequadas de acolhimento, proteção, higiene, conforto e dignidade aos usuários atendidos pela política de Assistência Social do Município de Sapucaia/RJ.",225718.7,2026-09-28T14:53:49,2026-10-09T10:00:00,13712697000175-1-000003/2026,https://licitanet.com.br/sessao/203054,True,Aberto,13712697000175
6,Pregão - Eletrônico,Divulgada no PNCP,M,,927152,FUNDO MUNICIPAL DE SAUDE DE MACAE - RJ,RJ,Macaé,"Aquisição de materiais de consumo hospitalares do tipo sistema fechado de aspiração traqueal, visando atender as necessidades de todas as unidades de urgência/emergência, vinculadas a Secretaria Executiva de Alta e Média Complexidade.",84680.99,2026-09-29T08:00:00,2026-10-09T10:00:00,11308894000106-1-000122/2026,https://cnetmobile.estaleiro.serpro.gov.br/comprasnet-web/public/compras/acompanhamento-compra?compra=92715205000752026,True,Aberto,11308894000106
6,Pregão - Eletrônico,Divulgada no PNCP,M,,927152,FUNDO MUNICIPAL DE SAUDE DE MACAE - RJ,RJ,Macaé,"Aquisição de materiais hospitalares do tipo tubos endotraqueais, fixadores de tubo, guias de entubação e mascaras laríngea, visando atender as necessidades da SECRETARIA EXECUTIVA DE ALTA E MÉDIA COMPLEXIDADE.",365339.18,2026-09-29T08:00:00,2026-10-09T10:00:00,11308894000106-1-000123/2026,https://cnetmobile.estaleiro.serpro.gov.br/comprasnet-web/public/compras/acompanhamento-compra?compra=92715205000762026,True,Aberto,11308894000106
6,Pregão - Eletrônico,Divulgada no PNCP,F,,114601,IBGE-FUN.INST.BRAS.GEOGRAFIA E ESTATISTICA,RJ,Rio de Janeiro,"Aquisição de equipamentos de laptops, com garantia de 36 (trinta e seis) meses,",67986750.0,2026-09-29T10:00:00,2026-10-09T10:00:00,33787094000140-1-000445/2026,https://cnetmobile.estaleiro.serpro.gov.br/comprasnet-web/public/compras/acompanhamento-compra?compra=11460105002812026,False,Aberto-Fechado,33787094000140
6,Pregão - Eletrônico,Divulgada no PNCP,F,,150182,PRÓ-REITORIA DE ADMINISTRAÇÃO,RJ,Niterói,Aquisição de Material Biológico 2,289125.6,2026-09-29T09:00:00,2026-10-09T10:00:00,28523215000106-1-000313/2026,https://cnetmobile.estaleiro.serpro.gov.br/comprasnet-web/public/compras/acompanhamento-compra?compra=15018205000232026,True,Aberto,28523215000106
6,Pregão - Eletrônico,Divulgada no PNCP,F,,254492,INSTITUTO DE PESQUISAS EVANDRO CHAGAS - IPEC,RJ,Rio de Janeiro,Aquisição de reagentes,0.0,2026-09-29T08:00:00,2026-10-09T10:00:00,33781055000135-1-001686/2026,https://cnetmobile.estaleiro.serpro.gov.br/comprasnet-web/public/compras/acompanhamento-compra?compra=25449205001092026,True,Aberto-Fechado,33781055000135
6,Pregão - Eletrônico,Divulgada no PNCP,M,,985853,MRJ-PREFEITURA MUNICIPAL DE MARICA,RJ,Maricá,"Aquisição de aparelho de ultrassonografia diagnóstico com doppler colorido e mesas ginecológicas elétricas, a fim de atender as necessidades da Secretaria de Saúde.",777978.34,2026-09-29T10:00:00,2026-10-09T10:00:00,29131075000193-1-000428/2026,https://cnetmobile.estaleiro.serpro.gov.br/comprasnet-web/public/compras/acompanhamento-compra?compra=98585305004512026,False,Aberto,29131075000193
6,Pregão - Eletrônico,Divulgada no PNCP,M,,1,MUNICIPIO DE PETROPOLIS,RJ,Petrópolis,"AQUISIÇÃO DE VEÍCULOS COM O OBJETIVO DE INSTRUMENTALIZAR A GUARDA MUNICIPAL PARA ATUAR NO ÂMBITO DA LEI MARIA DA PENHA – CONVÊNIO Nº 21260.200769/2023-30, MINISTÉRIO DAS MULHERES.",237920.0,2026-09-29T13:00:00,2026-10-09T10:00:00,29138344000143-1-000301/2026,https://bllcompras.com/Process/ProcessView?param1=[gkz]Aey2kpaHTRysY4hwKTKK_EW1P/FfCdjhkx0dfJPvVXYfJn/IJ4yDTVMBsaKve1AnGSW6NJZudvBq8S5cbHMK2MaGtx_LlbhIMbLX0U5d9xE=,False,Aberto,29138344000143
7,Pregão - Presencial,Divulgada no PNCP,M,,985801,PREFEITURA MUNICIPAL DE ANGRA DOS REIS - RJ,RJ,Angra dos Reis,"Ata de registro de preços para a contratação de empresa para prestação de serviços, com fornecimento de mão de obra e insumos, visando a manutenção, limpeza, desobstrução e inspeção de redes de águas pluviais e mistas do 4º distrito, do Município de Angra dos Reis/RJ.",5264596.2,2026-09-23T08:00:00,2026-10-09T10:00:00,29172467000109-1-000572/2026,,True,Aberto,29172467000109
8,Dispensa de Licitação,Divulgada no PNCP,M,,929116,FUNDAÇÃO MUNICIPAL DE SAÚDE DE SAO GONÇALO,RJ,São Gonçalo,"Dispensa de Licitação. PROC. 752/2026  - Aquisição  de Material Médico-Hospitalar para realização de Postectomia Infantil– para atender as necessidades  do Hospital Infantil Darcy Souza Vargas  no Município de São Gonçalo, conforme condições, quantidades e exigências estabelecidas.",30780.0,2026-10-05T10:00:00,2026-10-09T10:00:00,39260120000163-1-000027/2026,https://cnetmobile.estaleiro.serpro.gov.br/comprasnet-web/public/compras/acompanhamento-compra?compra=92911606000192026,False,Dispensa Com Disputa,39260120000163
8,Dispensa de Licitação,Divulgada no PNCP,M,,928569,FUNDO MUNICIPAL DE SAUDE DE MENDES - RJ,RJ,Mendes,Aquisição de medicamentos de Ordem Judicial,61518.95,2026-10-05T13:00:00,2026-10-09T10:00:00,12014954000132-1-000045/2026,https://cnetmobile.estaleiro.serpro.gov.br/comprasnet-web/public/compras/acompanhamento-compra?compra=92856906000342026,False,Dispensa Com Disputa,12014954000132
8,Dispensa de Licitação,Divulgada no PNCP,F,,153248,PRÓ-REITORIA DE PESQ.PÓS-GRADUAÇÃO E INOVAÇÃO,RJ,Niterói,"Aquisição de notebooks de alta performance para utilização em pesquisas, para atender a solicitação da Pos Graduação em Administração Publica no ambito do PNAP. Processo 23069.179066/2026-80",64835.03,2026-10-06T10:00:00,2026-10-09T10:00:00,28523215000106-1-000331/2026,https://cnetmobile.estaleiro.serpro.gov.br/comprasnet-web/public/compras/acompanhamento-compra?compra=15324806000552026,False,Dispensa Com Disputa,28523215000106
8,Dispensa de Licitação,Divulgada no PNCP,M,,3499,MUNICÍPIO DE SAQUAREMA/RJ,RJ,Saquarema,[LICITANET] - CONTRATAÇÃO DE EMPRESA ESPECIALIZADA PARA SUPRIR AS NECESSIDADES DE COBERTURA SECURITÁRIA DA FROTA DE VEÍCULOS DA SECRETARIA MUNICIPAL DE DESENVOLVIMENTO SOCIAL,28808.36,2026-10-05T15:56:31,2026-10-09T10:00:00,32147670000121-1-000170/2026,https://licitanet.com.br/sessao/203831,False,Dispensa Com Disputa,32147670000121
4,Concorrência - Eletrônica,Divulgada no PNCP,M,,986001,MRJ-PREFEITURA MUNICIPAL DO RIO DE JANEIRO,RJ,Rio de Janeiro,"Intervenções urgentes e pontuais nas AP-3.1, 3.2, 3.4 e 3.7, localizadas na coordenação de obras e conservação Norte/Oeste",4496822.12,2026-08-27T08:00:00,2026-10-09T10:30:00,42498733000148-1-001677/2026,https://cnetmobile.estaleiro.serpro.gov.br/comprasnet-web/public/compras/acompanhamento-compra?compra=98600103012862026,False,Aberto-Fechado,42498733000148
6,Pregão - Eletrônico,Divulgada no PNCP,M,,927828,MRJ-CÂMARA MUNICIPAL DE RESENDE,RJ,Resende,AQUISIÇÃO DE BENS DE CONSUMO DE TECNOLOGIA DA INFORMAÇÃO E COMUNICAÇÕES (TIC).,54978.37,2026-09-25T08:00:00,2026-10-09T10:30:00,32504664000184-1-000033/2026,https://cnetmobile.estaleiro.serpro.gov.br/comprasnet-web/public/compras/acompanhamento-compra?compra=92782805000122026,False,Aberto,32504664000184
4,Concorrência - Eletrônica,Divulgada no PNCP,M,,6426,Prefeitura Municipal de Rio Bonito,RJ,Rio Bonito,"[Portal de Compras Públicas] - Contratação de empresa para construção de pórticos de entrada e totens urbanos padronizados de 
identidade visual do município de Rio Bonito/RJ, conforme Contrato de Repasse nº 914487/2021.",1475325.44,2026-09-18T12:00:00,2026-10-09T10:59:00,28741072000109-1-000077/2026,https://www.portaldecompraspublicas.com.br/processos/RJ/Prefeitura-Municipal-de-Rio-Bonito-3644/CPMP-04-I-2026-2026-512470,False,Aberto-Fechado,28741072000109
6,Pregão - Eletrônico,Divulgada no PNCP,E,,296100,FUNDO ESTADUAL DE SAÚDE,RJ,Rio de Janeiro,Aquisição de insumo nutricional 1-fórmula hiperproteica WHEY PROTEIN ISOLATE  VITAFOR e 2-  suplemento multivitamínico  e mineral CENTRUM ADULTO,0.0,2026-09-25T10:06:00,2026-10-09T11:00:00,42498600000171-1-004068/2026,https://www.compras.rj.gov.br/EditaisLicitacoes/detalhar.action?idLic=37492,True,Aberto,42498600000171
6,Pregão - Eletrônico,Divulgada no PNCP,E,,296100,FUNDO ESTADUAL DE SAÚDE,RJ,Rio de Janeiro,"1.1. O presente termo de referência tem por objetivo estabelecer as condições para fornecimento do(s) medicamento(s): PREGABALINA 50 MG CÁPSULA E PREGABALINA 100 MG CÁPSULA através do Pregão Eletrônico para Registro de Preços, visando suprir as necessidades da Assessoria de Mandados Judiciais da Secretaria de Estado de Saúde do Rio de Janeiro, de acordo com as condições e especificações constantes neste Termo de Referência e no Edital, sob a égide da Lei n° 14.133/2021.",0.0,2026-09-25T12:25:00,2026-10-09T11:00:00,42498600000171-1-004079/2026,https://www.compras.rj.gov.br/EditaisLicitacoes/detalhar.action?idLic=37497,True,Aberto,42498600000171
8,Dispensa de Licitação,Divulgada no PNCP,M,,986001,MRJ-PREFEITURA MUNICIPAL DO RIO DE JANEIRO,RJ,Rio de Janeiro,"Aquisição de material médico hospitalar ou medicamento sem ata de registro de preços, para abastecimento dos setores do Hospital do Andaraí",22390.25,2026-10-06T11:15:00,2026-10-09T11:15:00,42498733000148-1-002026/2026,https://cnetmobile.estaleiro.serpro.gov.br/comprasnet-web/public/compras/acompanhamento-compra?compra=98600106017742026,False,Dispensa Com Disputa,42498733000148
8,Dispensa de Licitação,Divulgada no PNCP,M,,986001,MRJ-PREFEITURA MUNICIPAL DO RIO DE JANEIRO,RJ,Rio de Janeiro,"Aquisição de material médico hospitalar ou medicamento sem ata de registro de preços, para abastecimento dos setores do Hospital do Andaraí",15798.2,2026-10-06T11:50:00,2026-10-09T11:50:00,42498733000148-1-002029/2026,https://cnetmobile.estaleiro.serpro.gov.br/comprasnet-web/public/compras/acompanhamento-compra?compra=98600106017782026,False,Dispensa Com Disputa,42498733000148
6,Pregão - Eletrônico,Divulgada no PNCP,M,,0012,FUNDO MUNICIPAL DE EDUCAÇÃO,RJ,Itaperuna,REGISTRO DE PRECOS PARA FUTURA E EVENTUAL CONTRATACAO DE EMPRESA ESPECIALIZADA NA PRESTACAO DE SERVICOS REPROGRAFICOS  DESTINADOS AO ATENDIMENTO DAS DEMANDAS DA EDUCACAO BASICA  DO ENSINO FUNDAMENTAL  DAS ESCOLAS DE TEMPO INTEGRAL E DOS PROGRAMAS DE AVALIACAO EXTERNA DAS UNIDADES ESCOLARES  VISANDO SUPRIR AS NECESSIDADES PEDAGOGICAS E ADMINISTRATIVAS DA SECRETARIA MUNICIPAL DE EDUCACAO.,930641.62,2026-09-25T18:00:00,2026-10-09T11:59:00,44534082000120-1-000030/2026, ,True,Aberto,44534082000120
8,Dispensa de Licitação,Divulgada no PNCP,F,,160334,POLICLINICA MILITAR DO RIO DE JANEIRO/RJ,RJ,Rio de Janeiro,Aquisição de curativos cutâneo diversos,61277.1,2026-10-06T10:00:00,2026-10-09T12:00:00,00394452000103-1-021629/2026,https://cnetmobile.estaleiro.serpro.gov.br/comprasnet-web/public/compras/acompanhamento-compra?compra=16033406000102026,False,Dispensa Com Disputa,00394452000103
6,Pregão - Eletrônico,Divulgada no PNCP,E,,506100,FUNDO DE APRIMORAMENTO CONTROLE INTERNO,RJ,Rio de Janeiro,"Prestação dos serviços de gráficos e de confecção de material personalizado para eventos realizados pela CGE-RJ, com a finalidade de atender demanda identificada no âmbito da Coordenadoria de Infraestrutura e Serviços Compartilhados (COOINFRA).",87991.86,2026-09-25T12:00:00,2026-10-09T13:00:00,42498600000171-1-004073/2026,https://www.compras.rj.gov.br/EditaisLicitacoes/detalhar.action?idLic=37484,False,Aberto,42498600000171
6,Pregão - Eletrônico,Divulgada no PNCP,M,,986001,MRJ-PREFEITURA MUNICIPAL DO RIO DE JANEIRO,RJ,Rio de Janeiro,"LOCAÇÃO DE PÁS CARREGADEIRAS ARTICULADAS, MINI PÁS CARREGADEIRAS E SEMIRREBOQUES PARA LIMPEZA URBANA",52986111.6,2026-09-18T09:00:00,2026-10-09T13:59:00,42498733000148-1-001887/2026,https://cnetmobile.estaleiro.serpro.gov.br/comprasnet-web/public/compras/acompanhamento-compra?compra=98600105016222026,False,Aberto,42498733000148
6,Pregão - Eletrônico,Divulgada no PNCP,E,,925153,ERJ-MINISTÉRIO PUBLICO ESTADO RIO DE JANEIRO,RJ,Rio de Janeiro,"Contratação de pessoa jurídica para prestação de serviços continuados de solução corporativa de telefonia fixa em nuvem, baseada em tecnologia IP (VoIP), compreendendo plataforma de comunicações unificadas, interconexão com a rede pública de telefonia, disponibilização de ramais IP com discagem direta ao ramal (DDR), serviços de voz, fornecimento de recursos estritamente vinculados à operacionalização da solução, manutenção, suporte técnico, monitoramento, portabilidade numérica, bem como demais componentes técnicos e operacionais indispensáveis à continuidade, disponibilidade, segurança e gestão centralizada da telefonia institucional, pelo período de 36 (trinta e seis) meses",14315867.28,2026-09-25T08:00:00,2026-10-09T14:00:00,28305936000140-1-000275/2026,https://cnetmobile.estaleiro.serpro.gov.br/comprasnet-web/public/compras/acompanhamento-compra?compra=92515305002332026,False,Aberto-Fechado,28305936000140
8,Dispensa de Licitação,Divulgada no PNCP,M,,0010,FUNDO MUNICIPAL DE EDUCAÇÃO DE VASSOURAS,RJ,Vassouras,MANUTENCAO  PINTURA EXTERNA E REPARO NO TELHADO DA CRECHE SANTA RITA,68599.12,2026-10-02T15:00:00,2026-10-09T15:00:00,35765033000107-1-000009/2026, ,False,Dispensa Com Disputa,35765033000107
12,Credenciamento,Divulgada no PNCP,M,,985801,PREFEITURA MUNICIPAL DE ANGRA DOS REIS - RJ,RJ,Angra dos Reis,"CHAMAMENTO PÚBLICO para seleção de empresa do ramo de alimentação, para EXPLORAÇÃO DE ESPAÇO COMERCIAL, a título precário e oneroso, para o evento ""Festival A Céu Aberto: Viva o Parque” nos dias 16, 17 e 18 de outubro de 2026 no Parque Natural municipal da Mata Atlântica; “Cine Parque” nos dias 30 e 31 de outubro de 2026 no Parque Natural municipal da Mata Atlântica e “Gincana Ecológica” no dia 23 de outubro de 2026 no Estádio Municipal Jair Carneiro Toscano de Brito.",0.0,2026-10-09T14:00:00,2026-10-09T16:00:00,29172467000109-1-000571/2026,,False,Não se aplica,29172467000109
12,Credenciamento,Divulgada no PNCP,M,,0002,FUNDO MUNICIPAL DE SAÚDE,RJ,Varre-Sai,"[Portal de Compras Públicas] - CREDENCIAMENTO DE EMPRESA ESPECIALIZADA EM SERVIÇOS E PROCEDIMENTOS MÉDICOS (OBSTETRÍCIA, ANGIOLOGIA E ANESTESIA) PARA COBERTURA DE ATENDIMENTOS NO HOSPITAL MUNICIPAL DE VARRE-SAI/RJ",958820.9,2025-10-09T09:00:00,2026-10-09T17:00:00,39217831000155-1-000092/2025,https://portaldecompraspublicas.com.br/processos/RJ/Prefeitura-Municipal-de-Varre-Sai-4519/CRED-3459-2025-2025-424724,False,Não se aplica,39217831000155
12,Credenciamento,Divulgada no PNCP,M,,985801,PREFEITURA MUNICIPAL DE ANGRA DOS REIS - RJ,RJ,Angra dos Reis,"A seleção de 01 (uma) empresa interessada em participar, na qualidade de patrocinadora exclusiva do Festival Caiçara 2026, promovido pela Secretaria de Agricultura, Aquicultura e Pesca – SAAP, mediante o fornecimento, custeio ou contratação integral dos bens e serviços necessários à realização do evento.",0.01,2026-10-07T08:00:00,2026-10-09T18:00:00,29172467000109-1-000588/2026,,False,Não se aplica,29172467000109
12,Credenciamento,Divulgada no PNCP,M,,985825,Prefeitura municipal de Casimiro de Abreu,RJ,Casimiro de Abreu,"Credenciamento de Pessoa Física e Jurídica, para Prestação de serviços para a prática e atividades esportivas no município de Casimiro de Abreu, abrangendo modalidades coletivas, individuais, recreativas e de promoção do bem-estar, por meio da atuação de profissionais capacitados e devidamente credenciados, de acordo com as especificações constantes no edital e seus anexos.",172369.32,2025-10-10T09:00:00,2026-10-12T17:00:00,29115458000178-1-000003/2026,,False,Não se aplica,29115458000178
6,Pregão - Eletrônico,Divulgada no PNCP,M,,1,PREFEITURA MUNICIPAL DE PARATY,RJ,Paraty,"CONSTITUI OBJETO DO PRESENTE TERMO DE REFERÊNCIA O REGISTRO DE PREÇO, PARA A CONTRATAÇÃO DE EMPRESA ESPECIALIZADA NA PRESTAÇÃO DE SERVIÇOS PERSONALIZADOS DE PRODUÇÃO GRÁFICA E COMUNICAÇÃO VISUAL, COM FORNECIMENTO E AQUISIÇÃO DE MATERIAIS GRÁFICOS SOB DEMANDA, PARA ATENDER ÀS NECESSIDADES INSTITUCIONAIS DA PREFEITURA MUNICIPAL DE PARATY, PELO PERÍODO DE 12 (DOZE) MESES.",1489842.5,2026-09-25T08:30:00,2026-10-12T23:59:00,29172475000147-1-000300/2026,https://www.paraty.rj.gov.br/publicacoes-oficiais/editais/pregao-eletronico-no-0292026-servicos-personalizados-de-producao-grafica-e-comunicacao-visual,True,Fechado-Aberto,29172475000147
6,Pregão - Eletrônico,Divulgada no PNCP,M,,985919,PREFEITURA MUNICIPAL DE TRES RIOS - RJ,RJ,Três Rios,Registro de preços para aquisição de quadros brancos para atender às necessidades das Unidades Escolares do Município de Três Rios.,247519.0,2026-09-24T08:00:00,2026-10-13T08:00:00,29138377000193-1-000138/2026,https://cnetmobile.estaleiro.serpro.gov.br/comprasnet-web/public/compras/acompanhamento-compra?compra=98591905001202026,True,Aberto,29138377000193
6,Pregão - Eletrônico,Divulgada no PNCP,F,,160274,25 BATALHAO LOGISTICO(ES)-RJ,RJ,Rio de Janeiro,Aquisição de material permante (ferramental),717776.79,2026-09-25T09:00:00,2026-10-13T08:00:00,00394452000103-1-020944/2026,https://cnetmobile.estaleiro.serpro.gov.br/comprasnet-web/public/compras/acompanhamento-compra?compra=16027405000372026,True,Aberto-Fechado,00394452000103
6,Pregão - Eletrônico,Divulgada no PNCP,M,,2025,Piraí,RJ,Piraí,"Registro de Preços para eventual Aquisição de gases medicinais para abastecimento do Pronto Socorro de Arrozal e Unidades de Saúde da Família, além dos pacientes acamados que fazem uso domiciliar.",275450.0,2026-09-29T08:00:00,2026-10-13T08:00:00,29141322000132-1-000243/2026,,True,Aberto,29141322000132
6,Pregão - Eletrônico,Divulgada no PNCP,F,,160322,HOSPITAL CENTRAL DO EXERCITO/RJ,RJ,Rio de Janeiro,"Aquisição de Medicamentos para atendimento Relançamento do pregão 900212026, UASG:160322 (HCE) de demandas
das Clínicas de Neurologia, Oftalmologia, Dermatologia, Oncologia, Hematologia e Reumatologia",4923877.08,2026-09-30T08:00:00,2026-10-13T08:00:00,00394452000103-1-021229/2026,https://cnetmobile.estaleiro.serpro.gov.br/comprasnet-web/public/compras/acompanhamento-compra?compra=16032205000702026,True,Aberto-Fechado,00394452000103
8,Dispensa de Licitação,Divulgada no PNCP,F,,154034,MEC-UNIRIO-FUND.UNIVERS.DO RIO DE JANEIRO/RJ,RJ,Rio de Janeiro,Aquisição de portas de enrolar para 0 Almoxarifado Central.,14555.34,2026-10-06T08:00:00,2026-10-13T08:00:00,34023077000107-1-000071/2026,https://cnetmobile.estaleiro.serpro.gov.br/comprasnet-web/public/compras/acompanhamento-compra?compra=15403406001622026,False,Dispensa Com Disputa,34023077000107
8,Dispensa de Licitação,Divulgada no PNCP,F,,153010,MEC-CEFET-CENT.FED.ED.TEC.CELSO S.FONSECA/RJ,RJ,Rio de Janeiro,Aquisição de ferramentas e acessórios para o campus Nova Friburgo,4380.55,2026-10-07T08:00:00,2026-10-13T08:00:00,42441758000105-1-000159/2026,https://cnetmobile.estaleiro.serpro.gov.br/comprasnet-web/public/compras/acompanhamento-compra?compra=15301006002372026,False,Dispensa Com Disputa,42441758000105
8,Dispensa de Licitação,Divulgada no PNCP,F,,771000,DIRETORIA DE ABASTECIMENTO DA MARINHA,RJ,Rio de Janeiro,Aquisição de leitor de livro digital.,929.58,2026-10-01T09:20:00,2026-10-13T08:00:00,00394502000144-1-012813/2026,https://cnetmobile.estaleiro.serpro.gov.br/comprasnet-web/public/compras/acompanhamento-compra?compra=77100006001642026,False,Dispensa Com Disputa,00394502000144
8,Dispensa de Licitação,Divulgada no PNCP,M,,925465,TRIBUNAL DE CONTAS DO MUNICIPIO DO RJ,RJ,Rio de Janeiro," Contratação de empresa especializada para prestação dos serviços de descupinização, 
por um prazo de 12 meses - visando combater e prevenir  cupins, nas dependências do Tribunal 
de Contas do Município do Rio de Janeiro/TCMRio",12580.0,2026-10-01T17:30:00,2026-10-13T08:00:00,27532498000190-1-000091/2026,https://cnetmobile.estaleiro.serpro.gov.br/comprasnet-web/public/compras/acompanhamento-compra?compra=92546506002162026,False,Dispensa Com Disputa,27532498000190
8,Dispensa de Licitação,Divulgada no PNCP,F,,495130,MRJ-COMPANHIA DE PESQUISA D RECURSOS MINERAIS,RJ,Rio de Janeiro,"Mouse sem fio, Design Ambidestro Compacto, Conexão USB e Pilha Inclusa, cor : Preto, Conexão Plug-and-Play, Mouse sem fio de 2,4 GHz, longo alcance e funciona a até 10m de distância do seu computador, Recursos de economia de energia, Navegação fácil.

Marca/Modelo de referência: Logitech M170",289.5,2026-10-06T08:00:00,2026-10-13T08:00:00,00091652000189-1-000385/2026,https://cnetmobile.estaleiro.serpro.gov.br/comprasnet-web/public/compras/acompanhamento-compra?compra=49513006001092026,False,Dispensa Com Disputa,00091652000189
8,Dispensa de Licitação,Divulgada no PNCP,F,,495130,MRJ-COMPANHIA DE PESQUISA D RECURSOS MINERAIS,RJ,Rio de Janeiro,"Forno Micro-ondas, Capacidade: 32 Litros, Potência de 900 W, Voltagem: 110V, Cor: Espelhado, Funções: Menu Gourmet, Função Descongelamento, Trava de Segurança, Prato Giratório, Classe A em eficiência energética.

(Marca/Modelo de referência: Brastemp BMS46AR)",1920.0,2026-10-06T08:00:00,2026-10-13T08:00:00,00091652000189-1-000387/2026,https://cnetmobile.estaleiro.serpro.gov.br/comprasnet-web/public/compras/acompanhamento-compra?compra=49513006001102026,False,Dispensa Com Disputa,00091652000189
8,Dispensa de Licitação,Divulgada no PNCP,F,,781100,COMANDO DO GRUPAMENTO NAVAL DO SUDESTE,RJ,Rio de Janeiro,Aquisição de 02 (dois) aparelhos de ar-condicionado bem como materiais necessários para a instalação dos aparelhos.,21928.02,2026-10-06T08:00:00,2026-10-13T08:00:00,00394502000144-1-012962/2026,https://cnetmobile.estaleiro.serpro.gov.br/comprasnet-web/public/compras/acompanhamento-compra?compra=78110006000742026,False,Dispensa Com Disputa,00394502000144
8,Dispensa de Licitação,Divulgada no PNCP,F,,781100,COMANDO DO GRUPAMENTO NAVAL DO SUDESTE,RJ,Rio de Janeiro,Prestação de Serviços para a reforma dos estofados e troca de 34 trilhos para cortinas de beliches das camas do Navio-Patrulha “Gurupi”.,16319.2,2026-10-06T08:00:00,2026-10-13T08:00:00,00394502000144-1-012990/2026,https://cnetmobile.estaleiro.serpro.gov.br/comprasnet-web/public/compras/acompanhamento-compra?compra=78110006000792026,False,Dispensa Com Disputa,00394502000144
8,Dispensa de Licitação,Divulgada no PNCP,F,,772100,CENTRO DE INST.E ADEST.ALMIRANTE NEWTON BRAGA,RJ,Rio de Janeiro,Aquisição de materiais de expediente e limpeza.,50023.0,2026-10-06T08:00:00,2026-10-13T08:00:00,00394502000144-1-013007/2026,https://cnetmobile.estaleiro.serpro.gov.br/comprasnet-web/public/compras/acompanhamento-compra?compra=77210006000362026,False,Dispensa Com Disputa,00394502000144
8,Dispensa de Licitação,Divulgada no PNCP,F,,771000,DIRETORIA DE ABASTECIMENTO DA MARINHA,RJ,Rio de Janeiro,Aquisição de gêneros alimentícios ,36148.18,2026-10-06T09:00:00,2026-10-13T08:00:00,00394502000144-1-013029/2026,https://cnetmobile.estaleiro.serpro.gov.br/comprasnet-web/public/compras/acompanhamento-compra?compra=77100006001672026,False,Dispensa Com Disputa,00394502000144
8,Dispensa de Licitação,Divulgada no PNCP,F,,791170,GRUPO AéREO NAVAL DE MANUTENçãO,RJ,São Pedro da Aldeia,"Aquisição de Parafusadeira, Purificador de água, Cadeira de escritório e mola para porta.",6896.92,2026-10-07T08:00:00,2026-10-13T08:00:00,00394502000144-1-013031/2026,https://cnetmobile.estaleiro.serpro.gov.br/comprasnet-web/public/compras/acompanhamento-compra?compra=79117006002282026,False,Dispensa Com Disputa,00394502000144
8,Dispensa de Licitação,Divulgada no PNCP,F,,762000,DIRETORIA DE ENSINO DA MARINHA,RJ,Rio de Janeiro,Contratação de serviços com fornecimento de materiais para a Sala de Reuniões da Diretoria de Ensino,11671.05,2026-10-07T08:00:00,2026-10-13T08:00:00,00394502000144-1-013032/2026,https://cnetmobile.estaleiro.serpro.gov.br/comprasnet-web/public/compras/acompanhamento-compra?compra=76200006000492026,False,Dispensa Com Disputa,00394502000144
8,Dispensa de Licitação,Divulgada no PNCP,F,,179083,CASA DA MOEDA DO BRASIL/MF,RJ,Rio de Janeiro,SACO PEQUENO DE APARAS e SACO PLASTICO 2 LISO,0.0,2026-10-07T08:00:00,2026-10-13T08:00:00,34164319000174-1-000188/2026,https://cnetmobile.estaleiro.serpro.gov.br/comprasnet-web/public/compras/acompanhamento-compra?compra=17908306001502026,False,Dispensa Com Disputa,34164319000174
8,Dispensa de Licitação,Divulgada no PNCP,F,,160324,INSTITUTO DE BIOLOGIA DO EXERCITO/RJ,RJ,Rio de Janeiro,"Aquisição de expositor acrílico e inseticida através de Dispensa de Licitação para suprir a demanda do IBEx, conforme condições estabelecidas no Termo de Referência e seus anexos.",2280.0,2026-10-07T08:00:00,2026-10-13T08:00:00,00394452000103-1-021614/2026,https://cnetmobile.estaleiro.serpro.gov.br/comprasnet-web/public/compras/acompanhamento-compra?compra=16032406000602026,False,Dispensa Com Disputa,00394452000103
8,Dispensa de Licitação,Divulgada no PNCP,F,,179083,CASA DA MOEDA DO BRASIL/MF,RJ,Rio de Janeiro,"Aquisição/renovação de licenças do software Adobe Creative Cloud Pro for teams para utilização em criação de trabalhos gráficos e artístico
OBS: O PROPENSO FORNECEDOR DEVERÁ COMPROVAR SER UMA REVENDA AUTORIZADA DA ADOBE.
Qualquer venda e negociação com esferas de governo que não seja feita por uma Revenda Autorizada Adobe que tenha a Especialização em Governo estará em desacordo com o contrato de revenda da Adobe e a Revenda estará sujeita às penalizações previstas em contrato. ",0.0,2026-10-07T08:00:00,2026-10-13T08:00:00,34164319000174-1-000189/2026,https://cnetmobile.estaleiro.serpro.gov.br/comprasnet-web/public/compras/acompanhamento-compra?compra=17908306001512026,False,Dispensa Com Disputa,34164319000174
8,Dispensa de Licitação,Divulgada no PNCP,F,,160336,DIRETORIA DE FABRICAÇÃO,RJ,Rio de Janeiro,Aquisição de copos descartáveis.,844.75,2026-10-06T10:00:00,2026-10-13T08:00:00,00394452000103-1-021625/2026,https://cnetmobile.estaleiro.serpro.gov.br/comprasnet-web/public/compras/acompanhamento-compra?compra=16033606001022026,False,Dispensa Com Disputa,00394452000103
8,Dispensa de Licitação,Divulgada no PNCP,M,,986001,MRJ-PREFEITURA MUNICIPAL DO RIO DE JANEIRO,RJ,Rio de Janeiro,"TOUCA CIRÚRGICA DESCARTÁVEL, CONFECCIONADA EM TNT (TECIDO NAO TECIDO), COM ELASTICO EM REPOUSO COM DIAMETRO APROXIMADO DE 13CM EM TODO O CONTORNO. COM 30G DE GRAMATURA. NAO ESTERIL.",3850.0,2026-10-07T08:00:00,2026-10-13T08:00:00,42498733000148-1-002024/2026,https://cnetmobile.estaleiro.serpro.gov.br/comprasnet-web/public/compras/acompanhamento-compra?compra=98600106017712026,True,Dispensa Com Disputa,42498733000148
8,Dispensa de Licitação,Divulgada no PNCP,F,,771290,DEPÓSITO DE MATERIAL DE SAUDE MB DO RJ,RJ,Rio de Janeiro,"Contratação do Serviço de Manutenção Corretiva em três (3) Centrais de Ar Condicionado, incluindo os equipamentos internos e externos, bem como as redes que os interligam tubulares, elétricas, etc), com fornecimento e substituição de peças, e composição de insumos (gás, etc), limpeza de todos os equipamentos e redes, com fornecimento e substituição de peças.",30446.52,2026-10-07T08:00:00,2026-10-13T08:00:00,00394502000144-1-013042/2026,https://cnetmobile.estaleiro.serpro.gov.br/comprasnet-web/public/compras/acompanhamento-compra?compra=77129006000222026,False,Dispensa Com Disputa,00394502000144
8,Dispensa de Licitação,Divulgada no PNCP,M,,986001,MRJ-PREFEITURA MUNICIPAL DO RIO DE JANEIRO,RJ,Rio de Janeiro,"COMPRESSA, GAZE HIDROFILA 100% ALGODAO, 7,5X7,5CM, 13FIOS/CM2, PCT 500 UM,  CINCO DOBRAS, COR BRANCA (ALVEJADA), MACIAS, BOA CAPACIDADE DE ABSORCAO, ISENTA DE IMPUREZAS, DOBRAS PARA DENTRO DA COMPRESSA, NAO DEIXANDO FIOS SOLTOS. ACONDICIONADO EM PACOTE DE 500 UNIDADES.",65100.0,2026-10-07T08:00:00,2026-10-13T08:00:00,42498733000148-1-002027/2026,https://cnetmobile.estaleiro.serpro.gov.br/comprasnet-web/public/compras/acompanhamento-compra?compra=98600106017732026,False,Dispensa Com Disputa,42498733000148
8,Dispensa de Licitação,Divulgada no PNCP,M,,986001,MRJ-PREFEITURA MUNICIPAL DO RIO DE JANEIRO,RJ,Rio de Janeiro,"CURATIVO, GAZE C PHMBMED APROX 15X17CM. CURATIVO EM GAZE 100% ALGODAO, IMPREGNADA COM POLIHEXANIDA (PHMB), MEDINDOAPROXIMADAMENTE 15X17CM, EMBALAGEM COM NO MINIMO 2 UNIDADES,ESTERIL,DESCARTAVEL. e outros.",63855.0,2026-10-07T08:00:00,2026-10-13T08:00:00,42498733000148-1-002031/2026,https://cnetmobile.estaleiro.serpro.gov.br/comprasnet-web/public/compras/acompanhamento-compra?compra=98600106017812026,False,Dispensa Com Disputa,42498733000148
6,Pregão - Eletrônico,Divulgada no PNCP,F,,771210,DEPOSITO DE COMBUSTIVEIS_DA MB NO RIO JANEIRO,RJ,Rio de Janeiro,Contratação de empresa especializada na prestação de serviços continuados de gerenciamento informatizado da manutenção preventiva e corretiva da frota de viaturas das 18 Organizações Militares integrantes do Sistema de Abastecimento da Marinha (SAbM).,2970216.0,2026-09-25T13:30:00,2026-10-13T08:29:00,00394502000144-1-012476/2026,https://cnetmobile.estaleiro.serpro.gov.br/comprasnet-web/public/compras/acompanhamento-compra?compra=77121005000542026,True,Aberto,00394502000144
8,Dispensa de Licitação,Divulgada no PNCP,E,,925153,ERJ-MINISTÉRIO PUBLICO ESTADO RIO DE JANEIRO,RJ,Rio de Janeiro,"Contratação sob demanda, pelo período de 12 (doze) meses, de empresa especializada para confecção de medalhas comemorativas",11279.0,2026-10-02T11:00:00,2026-10-13T08:30:00,28305936000140-1-000363/2026,https://cnetmobile.estaleiro.serpro.gov.br/comprasnet-web/public/compras/acompanhamento-compra?compra=92515306003222026,False,Dispensa Com Disputa,28305936000140
6,Pregão - Eletrônico,Divulgada no PNCP,F,,254445,INSTITUTO DE TECNOLOGIA EM IMUNOBIOLOGICOS,RJ,Rio de Janeiro,"Aquisição de Válvulas, Flanges e Diversos Sem Marca",152.0,2026-10-01T08:00:00,2026-10-13T08:59:00,33781055000135-1-001592/2026,https://cnetmobile.estaleiro.serpro.gov.br/comprasnet-web/public/compras/acompanhamento-compra?compra=25444505003632026,True,Aberto,33781055000135
6,Pregão - Eletrônico,Divulgada no PNCP,M,,0000,PREFEITURA MUNICIPAL,RJ,Varre-Sai,"[Portal de Compras Públicas] - REGISTRO DE PREÇOS PARA FUTURA E EVENTUAL AQUISIÇÃO DE MEDICAMENTOS, INSUMOS, MATERIAIS DE CONSUMO, EQUIPAMENTOS DE PROTEÇÃO INDIVIDUAL - EPIs, INSTRUMENTOS E EQUIPAMENTOS DE USO VETERINÁRIO, DESTINADOS AO ATENDIMENTO DAS AÇÕES DESENVOLVIDAS PELO SETOR DE VETERINÁRIA DA SECRETARIA MUNICIPAL DE FOMENTO AGROPECUÁRIO E À IMPLEMENTAÇÃO E FUNCIONAMENTO DO CASTRAMÓVEL DO MUNICÍPIO DE VARRE-SAI/RJ",187114.19,2026-09-25T11:00:00,2026-10-13T08:59:00,39217831000155-1-000153/2026,https://www.portaldecompraspublicas.com.br/processos/RJ/Prefeitura-Municipal-de-Varre-Sai-4519/RPE-39-2026-2026-514155,True,Aberto,39217831000155
6,Pregão - Eletrônico,Divulgada no PNCP,F,,250052,INSTITUTO NACIONAL DO CANCER - RJ,RJ,Rio de Janeiro,AQUISIÇÃO DE TELAS CIRÚRGICAS,68190.0,2026-09-28T09:00:00,2026-10-13T08:59:00,00394544000185-1-002093/2026,https://cnetmobile.estaleiro.serpro.gov.br/comprasnet-web/public/compras/acompanhamento-compra?compra=25005205008592026,True,Aberto,00394544000185
6,Pregão - Eletrônico,Divulgada no PNCP,F,,250052,INSTITUTO NACIONAL DO CANCER - RJ,RJ,Rio de Janeiro,AQUISIÇÃO DE CÂNULAS DIVERSAS (PROCESSO: 25410.005850/2025-60),16076.29,2026-09-28T09:00:00,2026-10-13T08:59:00,00394544000185-1-002094/2026,https://cnetmobile.estaleiro.serpro.gov.br/comprasnet-web/public/compras/acompanhamento-compra?compra=25005205008862026,True,Aberto,00394544000185
6,Pregão - Eletrônico,Divulgada no PNCP,F,,250052,INSTITUTO NACIONAL DO CANCER - RJ,RJ,Rio de Janeiro,"AQUISIÇÃO DE EQUIPOS, EXTENSORES E FILTROS",2394223.81,2026-10-05T09:00:00,2026-10-13T08:59:00,00394544000185-1-002177/2026,https://cnetmobile.estaleiro.serpro.gov.br/comprasnet-web/public/compras/acompanhamento-compra?compra=25005205008752026,True,Aberto,00394544000185
8,Dispensa de Licitação,Divulgada no PNCP,M,,1,INSTITUTO DE PREVIDENCIA DOS SERVIDORES PUBLICOS DO MUNICIPIO DE RESENDE,RJ,Resende,"RSD-020124/000426/2026-CONTRATAÇÃO DE EMPRESA ESPECIALIZADA PARA PRESTAÇÃO DE SERVIÇOS TÉCNICOS DESTINADOS À ELABORAÇÃO DE ESTUDO DE ASSET AND LIABILITY MANAGEMENT (ALM) E DE 02 (DOIS) RELATÓRIOS SEMESTRAIS DE DILIGÊNCIA DOS INVESTIMENTOS, ATRAVÉS DO INSTITUTO DE PREVIDÊNCIA DOS SERVIDORES PÚBLICOS DO MUNICÍPIO DE RESENDE – RESENPREVI.",18100.0,2026-10-07T08:00:00,2026-10-13T08:59:00,04947432000165-1-000002/2026,https://bnccompras.com/Process/ProcessView?param1=[gkz]/dK3FNiS5iOcyz7fBsed3z6DJPiKnjRhvRbFJ5w3lgLn_0ZgK43Tlvqpr4rtfvflUsbUFiDmC0i7oXsOlY2ycL97GbLhINwUKTqnWVg8GnY=,False,Dispensa Com Disputa,04947432000165
4,Concorrência - Eletrônica,Divulgada no PNCP,M,,985847,PREFEITURA MUNICIPAL DE MACAE - RJ,RJ,Macaé,"CONTRATAÇÃO DE EMPRESA ESPECIALIZADA PARA INFRAESTRUTURA DO BAIRRO PRAIA CAMPISTA, NO MUNICÍPIO DE MACAÉ/RJ, COM FORNECIMENTO DE MÃO DE OBRA, MATERIAIS E EQUIPAMENTOS NECESSÁRIOS.",39039403.12,2026-09-22T16:00:00,2026-10-13T09:00:00,29115474000160-1-000628/2026,https://cnetmobile.estaleiro.serpro.gov.br/comprasnet-web/public/compras/acompanhamento-compra?compra=98584703006242026,False,Aberto,29115474000160
4,Concorrência - Eletrônica,Divulgada no PNCP,M,,450068,PREFEITURA MUNICIPAL DE VOLTA REDONDA-RJ,RJ,Volta Redonda,"Obra de execução de contenção em muro de solo grampeado no Bairro Vale Verde, nº 60, Servidão do Córrego, Volta Redonda, RJ.",91363.82,2026-09-28T08:00:00,2026-10-13T09:00:00,32512501000143-1-000396/2026,https://cnetmobile.estaleiro.serpro.gov.br/comprasnet-web/public/compras/acompanhamento-compra?compra=45006803002622026,False,Aberto-Fechado,32512501000143
4,Concorrência - Eletrônica,Divulgada no PNCP,M,,450068,PREFEITURA MUNICIPAL DE VOLTA REDONDA-RJ,RJ,Volta Redonda,"Execução de obra de reforma da quadra poliesportiva, reforma do quiosque e banheiros, revitalização da Praça de Lazer e Construção de Campo Society, localizada na Rua Agmar Lopes Corrêa, s/nº, ao lado do Colégio Lund – Santa Cruz, Volta Redonda, Rio de Janeiro.",541256.31,2026-09-28T08:00:00,2026-10-13T09:00:00,32512501000143-1-000397/2026,https://cnetmobile.estaleiro.serpro.gov.br/comprasnet-web/public/compras/acompanhamento-compra?compra=45006803002692026,False,Aberto-Fechado,32512501000143
6,Pregão - Eletrônico,Divulgada no PNCP,M,,1480,MUNICÍPIO DE CABO FRIO/RJ,RJ,Cabo Frio,"[LICITANET] - Aquisição dos itens conforme os lotes: Lote 01: Medicamentos Orais; Lote 02: Medicamentos Injetáveis; Lote 03: Medicamento de Usos Tópicos; Lote 04: Imunomoduladores, objetivando atender a população animal tutelada no Canil Municipal, bem como sob responsabilidade do Controle de Proteção dos Animais, ambos sob supervisão da Secretaria Municipal de Agricultura e Pesca",617880.5,2026-09-29T10:43:11,2026-10-13T09:00:00,28549483000105-1-000145/2025,https://licitanet.com.br/sessao/152523,True,Aberto,28549483000105
6,Pregão - Eletrônico,Divulgada no PNCP,F,,910847,ELETROBRAS TERMONUCLEAR S/A,RJ,Rio de Janeiro,"PRESTAÇÃO DE SERVIÇOS DE SEGUROS DE RISCO NUCLEARES, NAS MODALIDADES “DANOS MATERIAIS” TODOS OS RISCOS – ALL RISKS, (EXCETO QUEBRA DE MÁQUINAS E LUCROS CESSANTES), RESPONSABILIDADE CIVIL DO OPERADOR E EMPREGADOR DE INSTALAÇÃO NUCLEAR E TRANSPORTE DE ELEMENTOS COMBUSTÍVEIS PARA A UNIDADE DE ARMAZENAMENTO COMPLEMENTAR A SECO DE COMBUSTÍVEL IRRADIADO (UAS).",0.0,2026-09-21T08:00:00,2026-10-13T09:00:00,23274194000119-1-000103/2026,https://cnetmobile.estaleiro.serpro.gov.br/comprasnet-web/public/compras/acompanhamento-compra?compra=91084705000342026,False,Aberto,23274194000119
6,Pregão - Eletrônico,Divulgada no PNCP,F,,158139,"INST.FED.DE EDUC.,CIENC.E TEC.FLUMINENSE",RJ,Campos dos Goytacazes,"Registro de preços para eventual contratação de serviços contínuos de manutenção
preventiva e corretiva (níveis 1, 2 e 3) em equipamentos de combate a incêndio –
extintores portáteis, mangueiras de incêndio, caixas de hidrante e Casas de Máquinas de
Incêndio (CMI) – do Campus Macaé do IFF (CATSER 3662)",10394.0,2026-09-21T10:00:00,2026-10-13T09:00:00,10779511000107-1-000190/2026,https://cnetmobile.estaleiro.serpro.gov.br/comprasnet-web/public/compras/acompanhamento-compra?compra=15813905004052026,True,Aberto,10779511000107
6,Pregão - Eletrônico,Divulgada no PNCP,M,,450068,PREFEITURA MUNICIPAL DE VOLTA REDONDA-RJ,RJ,Volta Redonda,Aquisição de Bancos de Jardim Para o Parque Zoológico Municipal de Volta Redonda,29321.0,2026-09-23T08:00:00,2026-10-13T09:00:00,32512501000143-1-000382/2026,https://cnetmobile.estaleiro.serpro.gov.br/comprasnet-web/public/compras/acompanhamento-compra?compra=45006805002362026,True,Aberto-Fechado,32512501000143
6,Pregão - Eletrônico,Divulgada no PNCP,M,,926754,EMP DE PROC. DE DADOS DE VOLTA REDONDA - RJ,RJ,Volta Redonda,"CONTRATAÇÃO DE SERVIÇO DE ASSISTÊNCIA TÉCNICA PARA MANUTENÇÃO, ATUALIZAÇÃO E SUBSTITUIÇÃO DOS EQUIPAMENTOS DE REGISTRO DE PONTO",0.0,2026-09-21T09:00:00,2026-10-13T09:00:00,32512501000143-1-000383/2026,https://cnetmobile.estaleiro.serpro.gov.br/comprasnet-web/public/compras/acompanhamento-compra?compra=92675405000072026,True,Aberto-Fechado,32512501000143
6,Pregão - Eletrônico,Divulgada no PNCP,F,,254446,INSTITUTO DE TECNOLOGIA EM FARMACOS,RJ,Rio de Janeiro,"Contratação de serviço contínuo de Análises laboratoriais dos efluentes, lodo da Estação de Tratamento de Efluentes (ETE) e adubo orgânico seco.",187873.75,2026-09-28T08:00:00,2026-10-13T09:00:00,33781055000135-1-001661/2026,https://cnetmobile.estaleiro.serpro.gov.br/comprasnet-web/public/compras/acompanhamento-compra?compra=25444605007742026,False,Aberto-Fechado,33781055000135
6,Pregão - Eletrônico,Divulgada no PNCP,M,,985833,PREFEITURA MUNICIPAL DE DUQUE DE CAXIAS -RJ,RJ,Duque de Caxias,"REGISTRO DE PREÇOS PARA FUTURO E EVENTUAL FORNECIMENTO DE MATERIAL DE CONSUMO DE DISPOSITIVOS IMPLANTÁVEIS, INSUMOS, EQUIPAMENTOS E ACESSÓRIOS, PARA O SERVIÇO DE ESTIMULAÇÃO CARDÍACA/ARRITMIA DO HOSPITAL MUNICIPAL DO CORAÇÃO SÃO JOSÉ - HMCOR-SJ, conforme especificações e quantidades estabelecidas no Termo de Referência no Edital e seus Anexos.",17631831.96,2026-09-25T08:00:00,2026-10-13T09:00:00,29138328000150-1-000089/2026,https://cnetmobile.estaleiro.serpro.gov.br/comprasnet-web/public/compras/acompanhamento-compra?compra=98583305000632026,True,Aberto,29138328000150
6,Pregão - Eletrônico,Divulgada no PNCP,M,,927492,FUNDO MUN DE SAUDE DE VASSOURAS - RJ,RJ,Vassouras,FUTURA E EVENTUAL AQUISIÇÃO DE MATERIAIS E INSUMOS DESTINADOS À SAÚDE DA MULHER. ,35729.6,2026-09-25T08:00:00,2026-10-13T09:00:00,11216262000104-1-000013/2026,https://cnetmobile.estaleiro.serpro.gov.br/comprasnet-web/public/compras/acompanhamento-compra?compra=92749205000072026,True,Aberto-Fechado,11216262000104
6,Pregão - Eletrônico,Divulgada no PNCP,M,,927761,SERVIÇO AUTONOMO HOSPITALAR DE VOLTA REDONDA,RJ,Volta Redonda,"O objeto da presente licitação é para à Aquisição de Solução Ortoftalaldeído 0,55%, conforme condições, quantidades e exigências estabelecidas neste Edital e seus anexos. 
",160368.5,2026-09-29T09:00:00,2026-10-13T09:00:00,29063294000182-1-000305/2026,https://cnetmobile.estaleiro.serpro.gov.br/comprasnet-web/public/compras/acompanhamento-compra?compra=92776105002582026,True,Aberto-Fechado,29063294000182
6,Pregão - Eletrônico,Divulgada no PNCP,M,,450068,PREFEITURA MUNICIPAL DE VOLTA REDONDA-RJ,RJ,Volta Redonda,Aquisição de Barras de Metalon,6912.29,2026-09-29T08:00:00,2026-10-13T09:00:00,32512501000143-1-000399/2026,https://cnetmobile.estaleiro.serpro.gov.br/comprasnet-web/public/compras/acompanhamento-compra?compra=45006805002742026,True,Aberto-Fechado,32512501000143
6,Pregão - Eletrônico,Divulgada no PNCP,M,,450068,PREFEITURA MUNICIPAL DE VOLTA REDONDA-RJ,RJ,Volta Redonda,Aquisição de Cantoneiras Para Placas de Sinalização Viária em Atendimento às Necessidades da Secretaria Municipal de Transporte e Mobilidade Urbana,7715.7,2026-09-29T08:00:00,2026-10-13T09:00:00,32512501000143-1-000403/2026,https://cnetmobile.estaleiro.serpro.gov.br/comprasnet-web/public/compras/acompanhamento-compra?compra=45006805002722026,False,Aberto-Fechado,32512501000143
6,Pregão - Eletrônico,Divulgada no PNCP,F,,250059,INSTITUTO NACIONAL DE CARDIOLOGIA,RJ,Rio de Janeiro, AQUISIÇÃO  COMPLEMENTAR  DE PRÓTESE VALVAR AÓRTICA MECÂNICA 19 A 27 MM,175735.0,2026-09-30T08:00:00,2026-10-13T09:00:00,00394544000185-1-002108/2026,https://cnetmobile.estaleiro.serpro.gov.br/comprasnet-web/public/compras/acompanhamento-compra?compra=25005905002732026,True,Aberto,00394544000185
6,Pregão - Eletrônico,Divulgada no PNCP,M,,866,FUNDO MUNICIPAL DE SAÚDE DE SUMIDOURO/RJ,RJ,Sumidouro,[LICITANET] - EVENTUAL AQUISIÇÃO DE DIETAS ENTERAIS LÍQUIDAS - SISTEMA FECHADO - SRP,78348.8,2026-09-29T11:27:35,2026-10-13T09:00:00,13828365000150-1-000048/2026,https://licitanet.com.br/sessao/203161,True,Aberto,13828365000150
6,Pregão - Eletrônico,Divulgada no PNCP,F,,120195,CENTRO DE AQUISIÇÕES ESPECIFICAS,RJ,Rio de Janeiro,Aquisição de materiais para fisioterapia e terapia ocupacional para as Organizações de Saúde da Aeronáutica,1427610.55,2026-09-30T09:00:00,2026-10-13T09:00:00,00394429000100-1-002512/2026,https://cnetmobile.estaleiro.serpro.gov.br/comprasnet-web/public/compras/acompanhamento-compra?compra=12019505003342026,True,Aberto-Fechado,00394429000100
6,Pregão - Eletrônico,Divulgada no PNCP,F,,762600,CENTRO DE INSTRUCAO ALMIRANTE ALEXANDRINO,RJ,Rio de Janeiro,Aquisição de material de copa e cozinha,158046.23,2026-09-30T09:00:00,2026-10-13T09:00:00,00394502000144-1-012673/2026,https://cnetmobile.estaleiro.serpro.gov.br/comprasnet-web/public/compras/acompanhamento-compra?compra=76260005000122026,True,Aberto-Fechado,00394502000144
6,Pregão - Eletrônico,Divulgada no PNCP,E,,296100,FUNDO ESTADUAL DE SAÚDE,RJ,Rio de Janeiro,AQUISIÇÃO DE MEDICAMENTOS.,0.0,2026-09-30T10:40:00,2026-10-13T09:00:00,42498600000171-1-004209/2026,https://www.compras.rj.gov.br/EditaisLicitacoes/detalhar.action?idLic=37443,True,Aberto,42498600000171
6,Pregão - Eletrônico,Divulgada no PNCP,M,,1037,SEBRAE/RJ,RJ,Rio de Janeiro,"Contratação, sob demanda, de empresa especializada para prestação de serviços integrados de descoberta, análise, desenvolvimento, implantação, sustentação, manutenção e documentação de sistemas de informação e soluções digitais, incluindo automação robótica de processos (RPA), aplicações com Inteligência Artificial (IA), serviços na plataforma FLUIG e demais tecnologias demandadas pelo Sebrae/RJ, conforme especificações estabelecidas no Termo de Referência, Anexo I do Edital.",5811552.0,2026-09-30T15:00:00,2026-10-13T09:00:00,29737103000110-1-000025/2026,,False,Aberto-Fechado,29737103000110
6,Pregão - Eletrônico,Divulgada no PNCP,F,,254445,INSTITUTO DE TECNOLOGIA EM IMUNOBIOLOGICOS,RJ,Rio de Janeiro,"Registro de preços para aquisição de Itens das marcas ABB e METALTEX, em atendimento a Bio-Manguinhos.",151640.89,2026-10-01T08:00:00,2026-10-13T09:00:00,33781055000135-1-001699/2026,https://cnetmobile.estaleiro.serpro.gov.br/comprasnet-web/public/compras/acompanhamento-compra?compra=25444505004352026,True,Aberto,33781055000135
8,Dispensa de Licitação,Divulgada no PNCP,M,,931153,MRJ-CAMARA MUNICIPAL DE ITAOCARA,RJ,Itaocara,"Contratação de serviço de engenharia e/ou arquitetura compreendendo a contratação de empresa especializada na prestação de serviços técnicos de elaboração de levantamentos de necessidades, projetos, e assessoria no acompanhamento e fiscalização futura de obra a ser realizada pela Câmara Municipal de Itaocara.",38000.0,2026-09-29T08:00:00,2026-10-13T09:00:00,31502776000133-1-000009/2026,https://cnetmobile.estaleiro.serpro.gov.br/comprasnet-web/public/compras/acompanhamento-compra?compra=93115306000082026,False,Dispensa Com Disputa,31502776000133
8,Dispensa de Licitação,Divulgada no PNCP,M,,928034,OSTRASPREV - RIO DAS OSTRAS PREVIDÊNCIA - RJ,RJ,Rio das Ostras,"Aquisição de 01 (um) Servidor NAS corporativo com processador de no mínimo 5 cores e frequência de até 4.4GHz, memória RAM mínima de 8GB, e 04 (quatro) discos rígidos específicos para NAS, com capacidade individual de 14TB, cache mínimo de 270MB, rotação de 7.200RPM, padrão 3.5” SATA, destinados à modernização e ampliação da infraestrutura tecnológica do Instituto de Previdência de Rio das Ostras – OSTRASPREV.",24351.45,2026-10-05T09:00:00,2026-10-13T09:00:00,39691605000101-1-000014/2026,https://cnetmobile.estaleiro.serpro.gov.br/comprasnet-web/public/compras/acompanhamento-compra?compra=92803406000582026,False,Dispensa Com Disputa,39691605000101
8,Dispensa de Licitação,Divulgada no PNCP,M,,927430,FUNDAÇÃO MUN. ASSIS. SAÚDE SERV. SÃO GONÇALO,RJ,São Gonçalo,"A aquisição, fornecimento, entrega e instalação de 12 (doze) aparelhos de ar-condicionado do tipo Split ",64531.02,2026-10-05T09:00:00,2026-10-13T09:00:00,14472412000139-1-000007/2026,https://cnetmobile.estaleiro.serpro.gov.br/comprasnet-web/public/compras/acompanhamento-compra?compra=92743006000062026,False,Dispensa Com Disputa,14472412000139
8,Dispensa de Licitação,Divulgada no PNCP,F,,160244,COMANDO DE ARTILHARIA DIVISIONARIA DA 1ª DE,RJ,Niterói,"Serviços especializados de engenharia para remoção de cercado, tratamento anticorrosivo de guarda-corpos e grades, construção de colunas de apoio em concreto armado, montagem, pintura de acabamento e limpeza final, com fornecimento de material, mão de obra.",76268.22,2026-10-02T13:00:00,2026-10-13T09:00:00,00394452000103-1-021467/2026,https://cnetmobile.estaleiro.serpro.gov.br/comprasnet-web/public/compras/acompanhamento-compra?compra=16024406000572026,False,Dispensa Com Disputa,00394452000103
8,Dispensa de Licitação,Divulgada no PNCP,F,,113203,SAE-IEN-INST.DE ENGENHARIA NUCLEAR/RJ,RJ,Rio de Janeiro,"O objeto do presente procedimento é a escolha da proposta mais vantajosa para a contratação, 1.1 por dispensa de licitação, para a prestação de serviços de fornecimento de gás nitrogênio comprimido (1 carga de 50 L cada / total de 200 L), oxigênio (58,5 kg) e acetileno (15,5 kg), realizando a troca entre cilindros vazios por cheios, bem como, para a aquisição de botijões de gases refrigerantes (R22, R32, R134 e R410A) e cilindro gás MAP 400g, contemplando o fluído e o recipiente. ",65451.25,2026-10-07T08:00:00,2026-10-13T09:00:00,00402552000126-1-000494/2026,https://cnetmobile.estaleiro.serpro.gov.br/comprasnet-web/public/compras/acompanhamento-compra?compra=11320306002322026,False,Dispensa Com Disputa,00402552000126
4,Concorrência - Eletrônica,Divulgada no PNCP,M,,985833,PREFEITURA MUNICIPAL DE DUQUE DE CAXIAS -RJ,RJ,Duque de Caxias,"CONTRATAÇÃO DE EMPRESA ESPECIALIZADA EM ENGENHARIA E ARQUITETURA PARA PRESTAÇÃO DE SERVIÇOS DE OBRA CONCERNENTES A MANUTENÇÃO PREVENTIVA, CORRETIVA, ADEQUAÇÕES, MODERNIZAÇÃO DE UNIDADES ESCOLARES NO MUNICIPIO DE DUQUE DE CAXIAS, conforme especificações e quantidades estabelecidas no Projeto Básico, neste Edital e seus Anexos. ",72906711.7,2026-09-28T08:00:00,2026-10-13T09:30:00,29138328000150-1-000084/2026,https://cnetmobile.estaleiro.serpro.gov.br/comprasnet-web/public/compras/acompanhamento-compra?compra=98583303000572026,True,Aberto,29138328000150
6,Pregão - Eletrônico,Divulgada no PNCP,M,,1,PREFEITURA MUNICIPAL DE SÃO JOSÉ DO VALE DO RIO PRETO - RJ,RJ,São José do Vale do Rio Preto,"PRESTAÇÃO DE SERVIÇOS ESPECIALIZADOS DE SKY MUNCK, DESTINADOS À EXPANSÃO E MANUTENÇÃO DA ILUMINAÇÃO PÚBLICA, AUXÍLIO À PODA DE VEGETAÇÃO, REPAROS ELÉTRICOS EM ALTURA, APOIO A EVENTOS E SERVIÇOS DE FIXAÇÃO DE SINALIZAÇÃO E INFORMAÇÕES EM ALTURA, MEDIANTE DISPONIBILIZAÇÃO DE EQUIPE OPERACIONAL, EQUIPAMENTOS, COMBUSTÍVEL E DEMAIS RECURSOS NECESSÁRIOS À EXECUÇÃO DO OBJETO, CONFORME TERMO DE REFERÊNCIA",492984.0,2026-09-25T15:00:00,2026-10-13T09:30:00,32001836000105-1-000193/2026,https://bllcompras.com/Process/ProcessView?param1=[gkz]s_SqJ8xAy1Op0qHPtdDEq30mjplVh3S5pAB1p8nxVF7ubGjEMypvtW4KwuNLP/Tn_RJvUxQdFZ3aTsml_AW01kJGOiQj7/x4n4z5TP4qCsw=,True,Aberto,32001836000105
6,Pregão - Eletrônico,Divulgada no PNCP,F,,160298,COMANDO DA 1 REGIAO MILITAR/RJ,RJ,Rio de Janeiro,"A aquisição  Gêneros Alimentícios - Quantitativo de Rancho (QR) é regulada no âmbito do Exército Brasileiro (EB) pelo art. 12 da Portaria nº 01 – SEF. Com fundamento na supracitada portaria, foi elaborado o Plano de Descentralização de Recursos Logísticos (PDR Log), o qual regulamenta que as Organizações Militares (OM) de sede devem ser participantes da licitação realizada pelo Cmdo RM de vinculação.",138923118.18,2026-09-30T09:30:00,2026-10-13T09:30:00,00394452000103-1-020280/2026,https://cnetmobile.estaleiro.serpro.gov.br/comprasnet-web/public/compras/acompanhamento-compra?compra=16029805000092026,True,Aberto-Fechado,00394452000103
6,Pregão - Eletrônico,Divulgada no PNCP,F,,160328,LABORATORIO QUIMICO FARMACEUTICO DO EXERCITO,RJ,Rio de Janeiro,"Contratação de empresa para execução de serviço de qualificação/calibração de operação, performance e suporte técnico para manutenção preventiva e corretiva dos equipamentos do LQFEX.",225612.63,2026-09-28T08:00:00,2026-10-13T09:30:00,00394452000103-1-020668/2026,https://cnetmobile.estaleiro.serpro.gov.br/comprasnet-web/public/compras/acompanhamento-compra?compra=16032805001742026,False,Aberto,00394452000103
6,Pregão - Eletrônico,Divulgada no PNCP,F,,765720,HOSPITAL NAVAL MARCILIO DIAS - MM,RJ,Rio de Janeiro,"serviço de instalação de Sistema de Proteção contra Descargas Atmosféricas (SPDA) nos edifícios que compõem o Hospital Naval Marcílio Dias (HNMD), com fornecimento de materiais e equipamentos",1292825.13,2026-09-24T09:30:00,2026-10-13T09:30:00,00394502000144-1-012238/2026,https://cnetmobile.estaleiro.serpro.gov.br/comprasnet-web/public/compras/acompanhamento-compra?compra=76572005001682026,False,Aberto-Fechado,00394502000144
6,Pregão - Eletrônico,Divulgada no PNCP,F,,731040,CENTRO TECNOLÓGICO DO CORPO DE FUZILEIROS NAV,RJ,Rio de Janeiro,"Aquisição de insumos para a Oficina de Elétrica, Oficina de Refrigeração e Prefeitura do Centro Tecnológico do
Corpo de Fuzileiros Navais (CTecCFN)",329944.17,2026-09-29T09:30:00,2026-10-13T09:30:00,00394502000144-1-012522/2026,https://cnetmobile.estaleiro.serpro.gov.br/comprasnet-web/public/compras/acompanhamento-compra?compra=73104005000872026,False,Aberto,00394502000144
6,Pregão - Eletrônico,Divulgada no PNCP,F,,254501,INSTITUTO DE CIÊNCIA E TEC. EM BIOMODELOS,RJ,Rio de Janeiro,Aquisição de material permanente em aço inox.,1037381.43,2026-09-29T08:00:00,2026-10-13T09:30:00,33781055000135-1-001683/2026,https://cnetmobile.estaleiro.serpro.gov.br/comprasnet-web/public/compras/acompanhamento-compra?compra=25450105001632026,True,Aberto-Fechado,33781055000135
6,Pregão - Eletrônico,Divulgada no PNCP,F,,254420,FUNDACAO OSWALDO CRUZ/RJ,RJ,Rio de Janeiro,MATERIAL LABORATORIAL: REAGENTES E CORANTES,2696313.68,2026-09-29T09:00:00,2026-10-13T09:30:00,33781055000135-1-001684/2026,https://cnetmobile.estaleiro.serpro.gov.br/comprasnet-web/public/compras/acompanhamento-compra?compra=25442005000122026,True,Aberto,33781055000135
7,Pregão - Presencial,Divulgada no PNCP,M,,930220,SERVIÇO AUT.DE AGUA E ESGOTO DE TRÊS RIOS-RJ,RJ,Três Rios,REGISTRO DE PREÇOS PARA RECARGAS DE GÁS GLP EM BOTIJAS DE 13 QUILOS,352104.96,2026-09-29T09:30:00,2026-10-13T09:30:00,39754247000139-1-000037/2026,,False,Aberto-Fechado,39754247000139
6,Pregão - Eletrônico,Divulgada no PNCP,M,,2040,MUNICÍPIO DE BOM JARDIM/RJ,RJ,Bom Jardim,"[LICITANET] - Futura e eventual contratação de empresa especializada na Confecção de UNIFORMES e ACESSÓRIOS PERSONALIZADOS, através do sistema de Registro de Preços, visando atender as demandas da Secretaria Municipal de Defesa Civil.",10389.9,2026-09-25T14:33:14,2026-10-13T09:32:00,28561041000176-1-000032/2026,https://licitanet.com.br/sessao/202855,True,Aberto,28561041000176
6,Pregão - Eletrônico,Divulgada no PNCP,M,,462723,FUNDO MUNICIPAL DE SAÚDE DE CASIMIRO DE ABREU,RJ,Casimiro de Abreu,O objeto da presente licitação é a aquisição de materiais de insumo odontológicos.,1322164.56,2026-09-28T17:30:00,2026-10-13T09:59:00,08772020000192-1-000004/2027,https://cnetmobile.estaleiro.serpro.gov.br/comprasnet-web/public/compras/acompanhamento-compra?compra=46272305001092027,True,Aberto,08772020000192
6,Pregão - Eletrônico,Divulgada no PNCP,M,,654,Prefeitura Municipal de Porto Real - RJ,RJ,Porto Real,Contratação de empresa especializada em arbitragem esportiva,56258.56,2026-09-17T09:59:00,2026-10-13T09:59:00,01612355000102-1-000058/2026,https://comprasbr.com.br/pregao-eletronico-detalhe/?idlicitacao=48379,False,Aberto,01612355000102
6,Pregão - Eletrônico,Divulgada no PNCP,M,,985801,PREFEITURA MUNICIPAL DE ANGRA DOS REIS - RJ,RJ,Angra dos Reis,CONTRATAÇÃO DE EMPRESA ESPECIALIZADA EM IMPRESSÃO DE CARNÊS DE IPTU PARA O EXERCÍCIO DE 2027.,190300.0,2026-09-28T10:00:00,2026-10-13T09:59:00,29172467000109-1-000573/2026,https://cnetmobile.estaleiro.serpro.gov.br/comprasnet-web/public/compras/acompanhamento-compra?compra=98580105005352026,False,Aberto,29172467000109
6,Pregão - Eletrônico,Divulgada no PNCP,E,,266500,FUNDO ESP. POLÍCIA MILITAR RJ,RJ,Rio de Janeiro,AQUISIÇÃO DE LENTES INTRAOCULARES DOBRÁVEIS,190203.6,2026-09-25T10:00:00,2026-10-13T09:59:00,42498600000171-1-004044/2026,https://www.compras.rj.gov.br/EditaisLicitacoes/detalhar.action?idLic=37471,True,Aberto,42498600000171
6,Pregão - Eletrônico,Divulgada no PNCP,M,,931501,MRJ-FUNDO M. DE ASS. S. SÃO FR. DE ITABAPOANA,RJ,São Francisco de Itabapoana,PREGÃO ELETRÔNICO PARA CONTRATAÇÃO DE EMPRESA ESPECIALIZADA PARA PRESTAÇÃO DE    SERVIÇO DE  LINK DE INTERNET,110970.0,2026-09-24T14:00:00,2026-10-13T09:59:00,14937038000108-1-000019/2026,https://bnccompras.com/Process/ProcessView?param1=[gkz]QwTGyYPO30Qqwda/gffI5ZtjSxxQRxeMFXI/_1ZyvQv5YYKhI0T14fIAgMSPyCahPjoi7cXCJTjLuUjSQyl7vTn_EcjOomnTf23GWPTSnNU=,False,Aberto,14937038000108
6,Pregão - Eletrônico,Divulgada no PNCP,F,,153149,MEC-INSTITUTO DE PSIQUIATRIA DA UF/RJ,RJ,Rio de Janeiro,"Registro de preços para futura e eventual contratação de empresa especializada para execução, sob demanda, de serviços comuns de engenharia destinados à reforma, adequação, ampliação e implantação de ambientes nas instalações do Instituto de Psiquiatria da Universidade Federal do Rio de Janeiro – IPUB/UFRJ, com fornecimento de materiais, equipamentos e mão de obra, conforme condições, especificações e quantitativos estabelecidos no Termo de Referência e seus anexos.",11231812.5,2026-09-25T10:00:00,2026-10-13T09:59:00,33663683000116-1-000464/2026,https://cnetmobile.estaleiro.serpro.gov.br/comprasnet-web/public/compras/acompanhamento-compra?compra=15314905000372026,True,Aberto,33663683000116
6,Pregão - Eletrônico,Divulgada no PNCP,M,,927152,FUNDO MUNICIPAL DE SAUDE DE MACAE - RJ,RJ,Macaé,"Aquisição de gerador de marcapasso bicameral, visando atender aos CTI’s Adulto, UI’s Adulto e Emergência do Hospital Público Municipal Dr. Fernando Pereira da Silva – HPM e Hospital Público Municipal da Serra Evangelina Flores - HPMS, vinculadas a Secretaria Executiva de Alta e Média Complexidade – SEAMC.",135000.0,2026-09-29T08:00:00,2026-10-13T09:59:00,11308894000106-1-000120/2026,https://cnetmobile.estaleiro.serpro.gov.br/comprasnet-web/public/compras/acompanhamento-compra?compra=92715205000772026,False,Aberto,11308894000106
6,Pregão - Eletrônico,Divulgada no PNCP,E,,404340,HOSPITAL UNIVERSITARIO PEDRO ERNESTO,RJ,Rio de Janeiro,"A aquisição, por licitação (pregão eletrônico), de detergente multienzimático para o Hospital Universitário Pedro Ernesto.",220675.0,2026-09-29T10:30:00,2026-10-13T09:59:00,42498600000171-1-004156/2026,https://www.compras.rj.gov.br/EditaisLicitacoes/detalhar.action?idLic=37510,False,Aberto,42498600000171
6,Pregão - Eletrônico,Divulgada no PNCP,E,,404340,HOSPITAL UNIVERSITARIO PEDRO ERNESTO,RJ,Rio de Janeiro,Aquisição de medicamentos para o Hospital Universitário Pedro Ernesto.,382189.59,2026-09-29T10:35:00,2026-10-13T09:59:00,42498600000171-1-004157/2026,https://www.compras.rj.gov.br/EditaisLicitacoes/detalhar.action?idLic=37511,False,Aberto,42498600000171
6,Pregão - Eletrônico,Divulgada no PNCP,E,,404340,HOSPITAL UNIVERSITARIO PEDRO ERNESTO,RJ,Rio de Janeiro,"Aquisição de insumos e saneantes, por licitação (pregão eletrônico), para o Hospital Universitário Pedro Ernesto.",426151.82,2026-09-29T11:00:00,2026-10-13T09:59:00,42498600000171-1-004158/2026,https://www.compras.rj.gov.br/EditaisLicitacoes/detalhar.action?idLic=37512,False,Aberto,42498600000171
6,Pregão - Eletrônico,Divulgada no PNCP,E,,404340,HOSPITAL UNIVERSITARIO PEDRO ERNESTO,RJ,Rio de Janeiro,"A aquisição, por licitação (pregão eletrônico), de instrumentais cirúrgicos para o Hospital Universitário Pedro Ernesto.",43789.89,2026-09-29T11:00:00,2026-10-13T09:59:00,42498600000171-1-004159/2026,https://www.compras.rj.gov.br/EditaisLicitacoes/detalhar.action?idLic=37513,False,Aberto,42498600000171
6,Pregão - Eletrônico,Divulgada no PNCP,E,,404340,HOSPITAL UNIVERSITARIO PEDRO ERNESTO,RJ,Rio de Janeiro,"Aquisição de medicamentos, por licitação (pregão eletrônico), para o Hospital Universitário Pedro Ernesto.",91063.2,2026-09-29T11:00:00,2026-10-13T09:59:00,42498600000171-1-004160/2026,https://www.compras.rj.gov.br/EditaisLicitacoes/detalhar.action?idLic=37514,False,Aberto,42498600000171
6,Pregão - Eletrônico,Divulgada no PNCP,M,,551,Fundo Municipal de Saúde de Paty do Alferes - RJ,RJ,Paty do Alferes,AQUISIÇÃO DE VEÍCULOS AUTOMOTORES E BICICLETAS ELÉTRICAS DESTINADOS AO ATENDIMENTO DAS DEMANDAS DA SECRETARIA MUNICIPAL DE SAÚDE DE PATY DO ALFERES,803990.8,2026-09-29T19:00:00,2026-10-13T09:59:00,11297536000137-1-000016/2026,https://comprasbr.com.br/pregao-eletronico-detalhe/?idlicitacao=48681,False,Aberto,11297536000137
4,Concorrência - Eletrônica,Divulgada no PNCP,M,,3499,MUNICÍPIO DE SAQUAREMA/RJ,RJ,Saquarema,"[LICITANET] - Contratação de empresa(s) qualificada para a construção do novo complexo educacional no bairro de Barra Nova, no Município de Saquarema/RJ",0.01,2026-09-01T16:19:35,2026-10-13T10:00:00,32147670000121-1-000147/2026,https://licitanet.com.br/sessao/194940,False,Aberto,32147670000121
4,Concorrência - Eletrônica,Divulgada no PNCP,M,,1,MUNICIPIO DE PETROPOLIS,RJ,Petrópolis,"CONTRATAÇÃO DE EMPRESA ESPECIALIZADA PARA A EXECUÇÃO DE OBRA DE CONSTRUÇÃO DA CRECHE/PRÉ-ESCOLA TIPO 2 – CEI POSSE, INTEGRANTE DO PROGRAMA PROINFÂNCIA/FNDE – OBJETO DO TERMO DE COMPROMISSO N° 979353/2025/FNDE/CAIXA, LOCALIZADA NA ESTRADA SILVEIRA DA MOTTA, KM 3,5, S/Nº - BAIRRO POSSE - PETRÓPOLIS/RJ. ",4603013.16,2026-09-25T12:00:00,2026-10-13T10:00:00,29138344000143-1-000299/2026,https://bllcompras.com/Process/ProcessView?param1=[gkz]y5q2CUIp94MeSYejnQhEVCzo2gSzTT1YCqNVhifvKAoJ_PjckpcJR9ASPiGTF0gE0rdXufOB4x8HXzNRVRTGsNYW03Ndbq_QNgEsL1rEGBM=,False,Aberto,29138344000143
6,Pregão - Eletrônico,Divulgada no PNCP,E,,296100,FUNDO ESTADUAL DE SAÚDE,RJ,Rio de Janeiro,Fornecimento do insumo  nutricional  Suplemento nutricional para pacientes que necessitem de uma nutrição com TGFß-2 - MODULEN®,0.0,2026-09-30T09:50:00,2026-10-13T10:00:00,42498600000171-1-002782/2026,https://www.compras.rj.gov.br/EditaisLicitacoes/detalhar.action?idLic=37012,True,Aberto,42498600000171
6,Pregão - Eletrônico,Divulgada no PNCP,F,,179083,CASA DA MOEDA DO BRASIL/MF,RJ,Rio de Janeiro,"Prestação de serviços de consultoria, acompanhamento e manutenção da carteira de Propriedade Intelectual (PI) da Casa da Moeda do Brasil,",0.0,2026-09-21T08:00:00,2026-10-13T10:00:00,34164319000174-1-000179/2026,https://cnetmobile.estaleiro.serpro.gov.br/comprasnet-web/public/compras/acompanhamento-compra?compra=17908305001382026,False,Aberto,34164319000174
6,Pregão - Eletrônico,Divulgada no PNCP,M,,929116,FUNDAÇÃO MUNICIPAL DE SAÚDE DE SAO GONÇALO,RJ,São Gonçalo,Aquisição de Equipamento e Material permamente,5681153.44,2026-09-23T10:00:00,2026-10-13T10:00:00,39260120000163-1-000029/2026,https://cnetmobile.estaleiro.serpro.gov.br/comprasnet-web/public/compras/acompanhamento-compra?compra=92911605000102026,True,Aberto,39260120000163
6,Pregão - Eletrônico,Divulgada no PNCP,M,,192,MUNICÍPIO DE CAMPOS DOS GOYTACAZES/RJ,RJ,Campos dos Goytacazes,"[LICITANET] - Contratação de empresa especializada para prestação de serviços de manutenção corretiva, fornecimento e instalação de cronotacógrafos digitais, calibração, aferição, ensaio metrológico e emissão de certificado de verificação, bem como fornecimento de bobinas e discos diagramas destinados à frota da Secretaria Municipal de Educação, Ciência e Tecnologia – SEDUCT.",84261.9,2026-09-18T13:22:23,2026-10-13T10:00:00,29116894000161-1-000054/2026,https://licitanet.com.br/sessao/202042,False,Aberto,29116894000161
6,Pregão - Eletrônico,Divulgada no PNCP,F,,495130,MRJ-COMPANHIA DE PESQUISA D RECURSOS MINERAIS,RJ,Rio de Janeiro,"Registro de Preços para aquisições futuras de medidores de precisão utilizados nas análises de pH e Temperatura “IN LOCO” em águas, para uso nos laboratórios analíticos da REDE LAMIN, a fim de atender as necessidades da Companhia de Pesquisa de Recursos Minerais - CPRM.",230532.0,2026-09-23T08:00:00,2026-10-13T10:00:00,00091652000189-1-000339/2026,https://cnetmobile.estaleiro.serpro.gov.br/comprasnet-web/public/compras/acompanhamento-compra?compra=49513005000902026,True,Aberto,00091652000189
6,Pregão - Eletrônico,Divulgada no PNCP,M,,9029,Secretaria Municipal de Administração,RJ,Conceição de Macabu,"[Portal de Compras Públicas] - Aquisição de gêneros alimentícios estocáveis e consumíveis, destinados ao atendimento das necessidades de consumo interno dos servidores da Prefeitura Municipal de Conceição de Macabu/RJ, visando ao fornecimento de café, lanches e demais itens de apoio às atividades administrativas desenvolvidas pelos diversos setores da Administração Municipal.",242604.44,2026-09-23T10:00:00,2026-10-13T10:00:00,29115466000114-1-000143/2026,https://www.portaldecompraspublicas.com.br/processos/RJ/Prefeitura-Municipal-de-Conceicao-de-Macabu-2900/RPE-064-2026-2026-513248,True,Aberto,29115466000114
6,Pregão - Eletrônico,Divulgada no PNCP,M,,928569,FUNDO MUNICIPAL DE SAUDE DE MENDES - RJ,RJ,Mendes,"Futura e eventual aquisição de materiais correlatos para atendimento às demandas judiciais dos pacientes do Município de Mendes/RJ, para o período de 12 meses, através do Sistema de Registro de Preços, conforme condições, quantidades e exigências estabelecidas neste Edital e seus anexos.",877293.51,2026-09-25T08:00:00,2026-10-13T10:00:00,12014954000132-1-000042/2026,https://cnetmobile.estaleiro.serpro.gov.br/comprasnet-web/public/compras/acompanhamento-compra?compra=92856905000312026,True,Aberto,12014954000132
6,Pregão - Eletrônico,Divulgada no PNCP,E,,925974,UNIVERSIDADE DO ESTADO DO RIO DE JANEIRO,RJ,Rio de Janeiro,"Aquisição de equipamentos de informática e outros (Impressora, COMPUTADOR, Switch, etc.), atendendo ao Instituto de Medicina Social da UERJ",1783368.67,2026-09-25T08:00:00,2026-10-13T10:00:00,33540014000157-1-000007/2026,https://cnetmobile.estaleiro.serpro.gov.br/comprasnet-web/public/compras/acompanhamento-compra?compra=92597405000022026,False,Aberto,33540014000157
6,Pregão - Eletrônico,Divulgada no PNCP,M,,986001,MRJ-PREFEITURA MUNICIPAL DO RIO DE JANEIRO,RJ,Rio de Janeiro,"Registro de Preços para aquisição de peças e acessórios novos e originais para Eixos, Embreagem, Elétrica, Direção, Caixa de Marcha, Suspensão e Transmissão Diferencial, dos ônibus de chassi Mercedes-Benz, motores Euro 5 e Euro 6 - A, para Manutenção Preventiva e Corretiva da Frota de ônibus operada pela Companhia Municipal de Transportes Coletivos – CMTC - (MOBI-RIO), conforme descrito, caracterizado e especificado no Termo de Referência.",0.0,2026-09-25T08:00:00,2026-10-13T10:00:00,42498733000148-1-001946/2026,https://cnetmobile.estaleiro.serpro.gov.br/comprasnet-web/public/compras/acompanhamento-compra?compra=98600105016752026,True,Aberto-Fechado,42498733000148
6,Pregão - Eletrônico,Divulgada no PNCP,M,,986001,MRJ-PREFEITURA MUNICIPAL DO RIO DE JANEIRO,RJ,Rio de Janeiro,"Registro de Preços para Aquisição de Equipamentos de Proteção Individual – Epi - C - Para os Empregados da Mobi-Rio, para fins de atendimento ao disposto na NR 06 do Ministério do Trabalho e Previdência, conforme descrito, caracterizado e especificado neste Termo de Referência. ",0.0,2026-09-29T08:00:00,2026-10-13T10:00:00,42498733000148-1-001963/2026,https://cnetmobile.estaleiro.serpro.gov.br/comprasnet-web/public/compras/acompanhamento-compra?compra=98600105017002026,True,Aberto-Fechado,42498733000148
6,Pregão - Eletrônico,Divulgada no PNCP,M,,927152,FUNDO MUNICIPAL DE SAUDE DE MACAE - RJ,RJ,Macaé,"Aquisição de Lavadora Ultrassônica com capacidade 39 litros para Instrumentais Cirúrgicos canulados e não canulados, visando a atender as necessidades das Centrais de Material e Esterilização do Hospital Público Municipal Dr. Fernando Pereira da Silva – HPM e do Hospital Público Municipal da Serra Evangelina Flores-HPMS, vinculadas a Secretaria Executiva de Alta e Média Complexidade – SEAMC e Secretaria Municipal de Saúde de Macaé – SEMUSA.",85687.0,2026-09-29T08:00:00,2026-10-13T10:00:00,11308894000106-1-000121/2026,https://cnetmobile.estaleiro.serpro.gov.br/comprasnet-web/public/compras/acompanhamento-compra?compra=92715205000782026,False,Aberto,11308894000106
6,Pregão - Eletrônico,Divulgada no PNCP,M,,982909,MRJ-PREFEITURA MUNICIPAL DE BELFORD ROXO,RJ,Belford Roxo,"REGISTRO DE PREÇOS VISANDO FUTURA E EVENTUAL CONTRATAÇÃO DE EMPRESA ESPECIALIZADA PARA AQUISIÇÃO DE KITS DE MATERIAL ESCOLAR E PEDAGÓGICO PARA ATENDIMENTO AOS ALUNOS DA EDUCAÇÃO INFANTIL, ENSINO FUNDAMENTAL, EDUCAÇÃO DE JOVENS E ADULTOS (EJA), E SUPORTE PEDAGÓGICO DE PROFESSORES, ORIENTADORES E SUPERVISORES DA REDE MUNICIPAL DE ENSINO DE BELFORD ROXO/RJ.",16550814.06,2026-09-29T08:00:00,2026-10-13T10:00:00,39485438000142-1-000048/2026,https://cnetmobile.estaleiro.serpro.gov.br/comprasnet-web/public/compras/acompanhamento-compra?compra=98290905000302026,True,Aberto,39485438000142
6,Pregão - Eletrônico,Divulgada no PNCP,F,,153010,MEC-CEFET-CENT.FED.ED.TEC.CELSO S.FONSECA/RJ,RJ,Rio de Janeiro,"Aquisição de materiais para o curso de Energias Renováveis do CEFET/RJ, unidade de Maria da Graça. ",19304.77,2026-09-29T10:00:00,2026-10-13T10:00:00,42441758000105-1-000157/2026,https://cnetmobile.estaleiro.serpro.gov.br/comprasnet-web/public/compras/acompanhamento-compra?compra=15301005002112026,False,Aberto-Fechado,42441758000105
6,Pregão - Eletrônico,Divulgada no PNCP,M,,369,FUNDO MUNICIPAL DE SAÚDE DE SAPUCAIA/RJ,RJ,Sapucaia,"[LICITANET] - Formação de Registro de Preço para futura e eventual aquisição de sensor FREESTYLE LIBRE 2 plus medidor de glicose continuo com bluetooth, duração mínima de 14 dias, resistente a água, com leitor em gráfico mostrando o histórico, a medição atual e a tendencia da glicose e  DISPOSITIVO I-PORT ADVANCE 6MM - Dispositivo de Infusão Subcutânea para atender aos mandados judiciais, por um período de 12 meses.",71210.0,2026-09-29T13:17:46,2026-10-13T10:00:00,02911953000137-1-000024/2026,https://licitanet.com.br/sessao/203191,True,Aberto,02911953000137
6,Pregão - Eletrônico,Divulgada no PNCP,F,,160242,BASE ADMINISTRATIVA DO COMPLEXO DE SAÚDE RJ,RJ,Rio de Janeiro,Aquisição de equipamentos médico-hospitalares para viabilizar o funcionamento e a inauguração dos novos Centros de Terapia Intensiva (CTIs) e do Centro Coronariano do Hospital Central do Exército (HCE),62332.19,2026-09-30T10:00:00,2026-10-13T10:00:00,00394452000103-1-021179/2026,https://cnetmobile.estaleiro.serpro.gov.br/comprasnet-web/public/compras/acompanhamento-compra?compra=16024205001042026,False,Aberto,00394452000103
6,Pregão - Eletrônico,Divulgada no PNCP,F,,250057,INSTITUTO NACIONAL DE TRAUMATO-ORTOPEDIA,RJ,Rio de Janeiro,"AQUISIÇÃO DE COLCHÃO, CAPA DE COLCHÃO E OUTROS",0.0,2026-09-30T10:00:00,2026-10-13T10:00:00,00394544000185-1-002120/2026,https://cnetmobile.estaleiro.serpro.gov.br/comprasnet-web/public/compras/acompanhamento-compra?compra=25005705003332026,False,Aberto-Fechado,00394544000185
6,Pregão - Eletrônico,Divulgada no PNCP,F,,254492,INSTITUTO DE PESQUISAS EVANDRO CHAGAS - IPEC,RJ,Rio de Janeiro,Aquisição de material médico-hospitalar (G3),0.0,2026-09-30T08:00:00,2026-10-13T10:00:00,33781055000135-1-001692/2026,https://cnetmobile.estaleiro.serpro.gov.br/comprasnet-web/public/compras/acompanhamento-compra?compra=25449205001022026,True,Aberto-Fechado,33781055000135
6,Pregão - Eletrônico,Divulgada no PNCP,F,,254492,INSTITUTO DE PESQUISAS EVANDRO CHAGAS - IPEC,RJ,Rio de Janeiro,Aquisição de material de expediente,0.0,2026-09-30T08:00:00,2026-10-13T10:00:00,33781055000135-1-001694/2026,https://cnetmobile.estaleiro.serpro.gov.br/comprasnet-web/public/compras/acompanhamento-compra?compra=25449205000772026,True,Aberto-Fechado,33781055000135
6,Pregão - Eletrônico,Divulgada no PNCP,E,,296100,FUNDO ESTADUAL DE SAÚDE,RJ,Rio de Janeiro,"O presente Termo de Referência tem por objetivo apontar os fundamentos da contratação proposta e sua viabilidade para aquisição de medicamentos, com a finalidade de atender às unidades de saúde sob gestão desta Secretaria de Estado de Saúde do Rio de Janeiro (SES/RJ), Departamento Geral de Ações Socioeducativas (DEGASE) e Secretaria de Estado de Administração Penitenciária (SEAP), conforme condições, quantidades, exigências e estimativas estabelecidas neste instrumento. No contexto do Componente Básico da Assistência Farmacêutica (CBAF), o objetivo é adquirir medicamentos que devem ser destinados à SEAP em conformidade com a Política Nacional de Atenção Integral à Saúde das Pessoas Privadas de Liberdade no Sistema Prisional (PNAISP).",0.0,2026-09-30T10:05:00,2026-10-13T10:00:00,42498600000171-1-004204/2026,https://www.compras.rj.gov.br/EditaisLicitacoes/detalhar.action?idLic=37522,True,Aberto,42498600000171
6,Pregão - Eletrônico,Divulgada no PNCP,E,,296100,FUNDO ESTADUAL DE SAÚDE,RJ,Rio de Janeiro,"AQUISIÇÕES DOS MEDICAMENTOS TENOXICAM 20MG COMPRIMIDO REVESTIDO, ZUCLOPENTIXOL 200MG/ML SOLUÇÃO INJETÁVEL AMPOLA 1 ML através do Pregão Eletrônico para Registro de Preços, visando suprir as necessidades da Assessoria de Mandados Judiciais da Secretaria de Estado de Saúde do Rio de Janeiro, de acordo com as condições e especificações constantes neste Termo de Referência e no Edital, sob a égide da Lei n° 14.133/2021.",0.0,2026-09-30T10:20:00,2026-10-13T10:00:00,42498600000171-1-004207/2026,https://www.compras.rj.gov.br/EditaisLicitacoes/detalhar.action?idLic=37452,True,Aberto,42498600000171
8,Dispensa de Licitação,Suspensa,F,,120039,MAER-GRUPAMENTO DE APOIO/RJ,RJ,Rio de Janeiro,Aquisição de materiais de climatização para o sistema de climatização (Chiller) da Comissão de Implantação do Sistema de Controle do Espaço Aéreo (CISCEA),42040.64,2026-09-29T10:00:00,2026-10-13T10:00:00,00394429000100-1-002500/2026,https://cnetmobile.estaleiro.serpro.gov.br/comprasnet-web/public/compras/acompanhamento-compra?compra=12003906001832026,False,Dispensa Com Disputa,00394429000100
8,Dispensa de Licitação,Divulgada no PNCP,F,,240104,MCT-INSTITUTO NACIONAL DE TECNOLOGIA-RJ,RJ,Rio de Janeiro,Aquisição de peças e acessórios de TIC,33184.05,2026-10-07T08:00:00,2026-10-13T10:00:00,01263896000164-1-000690/2026,https://cnetmobile.estaleiro.serpro.gov.br/comprasnet-web/public/compras/acompanhamento-compra?compra=24010406001052026,False,Dispensa Com Disputa,01263896000164
8,Dispensa de Licitação,Divulgada no PNCP,F,,250105,HOSPITAL FEDERAL DA LAGOA - RJ,RJ,Rio de Janeiro,"Sonda Trato Urinário, diversos calibres.
Anel Para Circuncisão, diversos tamanhos.",11988.01,2026-10-06T08:00:00,2026-10-13T10:00:00,00394544000185-1-002165/2026,https://cnetmobile.estaleiro.serpro.gov.br/comprasnet-web/public/compras/acompanhamento-compra?compra=25010506002742026,False,Dispensa Com Disputa,00394544000185
12,Credenciamento,Divulgada no PNCP,F,,762300,COLEGIO NAVAL,RJ,Angra dos Reis,"Credenciamento para a contratação de laboratórios especializados para realização de exame toxicológico na matriz biológica fâneros para pesquisa das seguintes substâncias: maconha (derivados e metabólitos), cocaína (derivados e metabólitos), anfetamina (derivados e metabólitos), heroína (derivados e metabólitos) e LSD (derivados e metabólitos), em proveito do Colégio Naval (CN).",60140.0,2026-10-02T10:00:00,2026-10-13T10:00:00,00394502000144-1-012101/2026,,False,Não se aplica,00394502000144
4,Concorrência - Eletrônica,Divulgada no PNCP,M,,986001,MRJ-PREFEITURA MUNICIPAL DO RIO DE JANEIRO,RJ,Rio de Janeiro,"Intervenções urgentes e pontuais nas AP-1 e AP-2.1, localizadas na coordenação de obras e conservação centro/sul",4498311.84,2026-08-27T08:30:00,2026-10-13T10:30:00,42498733000148-1-001693/2026,https://cnetmobile.estaleiro.serpro.gov.br/comprasnet-web/public/compras/acompanhamento-compra?compra=98600103012932026,False,Aberto-Fechado,42498733000148
6,Pregão - Eletrônico,Divulgada no PNCP,M,,928417,FUNDO MUNICIPAL DE SAUDE DE JAPERI - RJ,RJ,Japeri,"O objeto da presente licitação é a Aquisição de Equipamentos e Materiais Permanentes, Conforme as quantidades e especificações técnicas constantes neste documento, por meio da Emenda Parlamentar Nº 11294684000125002, destinados à modernização, manutenção e expansão da estrutura da Secretaria Municipal de Saúde, de acordo com as condições, quantidades e exigências estabelecidas neste instrumento.",1241151.83,2026-09-22T17:30:00,2026-10-13T10:59:00,11294684000106-1-000017/2026,https://cnetmobile.estaleiro.serpro.gov.br/comprasnet-web/public/compras/acompanhamento-compra?compra=92841705000132026,False,Aberto,11294684000106
6,Pregão - Eletrônico,Divulgada no PNCP,M,,982913,PREFEITURA MUNICIPAL DE JAPERI - RJ,RJ,Japeri,"O objeto da presente licitação é o Registro de preços para futura e eventual aquisição de uniformes escolares para a rede municipal de ensino, compreendendo peças de vestuário, kits de meias e calçados escolares, nos modelos regular e Educação em Tempo Integral – ETI, destinados ao atendimento dos alunos matriculados nas unidades escolares vinculadas à Secretaria Municipal de Educação de Japeri/RJ.",5402481.83,2026-09-23T17:30:00,2026-10-13T10:59:00,39485396000140-1-000060/2026,https://cnetmobile.estaleiro.serpro.gov.br/comprasnet-web/public/compras/acompanhamento-compra?compra=98291305000342026,True,Aberto,39485396000140
6,Pregão - Eletrônico,Divulgada no PNCP,F,,203003,AGENCIA NACIONAL DO CINEMA - PR,RJ,Rio de Janeiro,"Contratação de serviços contínuos de limpeza e conservação, a serem executados com regime de dedicação exclusiva de mão de obra, incluindo materiais de limpeza e higiene, equipamentos e máquinas, a fim de atender às necessidades do Escritório Central da Agência Nacional do Cinema – ANCINE, no Rio de Janeiro",720524.07,2026-09-28T09:00:00,2026-10-13T11:00:00,04884574000120-1-000038/2026,https://cnetmobile.estaleiro.serpro.gov.br/comprasnet-web/public/compras/acompanhamento-compra?compra=20300305000132026,False,Aberto,04884574000120
6,Pregão - Eletrônico,Divulgada no PNCP,F,,070017,TRIBUNAL REGIONAL ELEITORAL DO RIO DE JANEIRO,RJ,Rio de Janeiro,"Prestação de serviços de alimentação para eventos institucionais, compreendendo o fornecimento de coffee break e  coquetel completo (com Mini Jantar).",218107.2,2026-09-24T08:00:00,2026-10-13T11:00:00,06170517000105-1-000129/2026,https://cnetmobile.estaleiro.serpro.gov.br/comprasnet-web/public/compras/acompanhamento-compra?compra=07001705002042026,True,Aberto-Fechado,06170517000105
6,Pregão - Eletrônico,Divulgada no PNCP,E,,296100,FUNDO ESTADUAL DE SAÚDE,RJ,Rio de Janeiro,"O presente termo de referência tem por objetivo estabelecer as condições para fornecimento do(s) medicamento(s): BUPRENORFINA 5 MG ADESIVO TRANSDÉRMICO, BUPRENORFINA 10 MG ADESIVO TRANSDÉRMICO e BUPRENORFINA 20 MG ADESIVO TRANSDÉRMICO através do Pregão Eletrônico para Registro de Preços, visando suprir as necessidades da Assessoria de Mandados Judiciais da Secretaria de Estado de Saúde do Rio de Janeiro, de acordo com as condições e especificações constantes neste Termo de Referência e no Edital, sob a égide da Lei n° 14.133/2021.",0.0,2026-09-30T10:03:00,2026-10-13T11:00:00,42498600000171-1-004203/2026,https://www.compras.rj.gov.br/EditaisLicitacoes/detalhar.action?idLic=37439,True,Aberto,42498600000171
6,Pregão - Eletrônico,Divulgada no PNCP,E,,296100,FUNDO ESTADUAL DE SAÚDE,RJ,Rio de Janeiro,AQUISIÇÃO DE MEDICAMENTOS.,0.0,2026-09-30T12:13:00,2026-10-13T11:00:00,42498600000171-1-004205/2026,https://www.compras.rj.gov.br/EditaisLicitacoes/detalhar.action?idLic=37451,True,Aberto,42498600000171
8,Dispensa de Licitação,Divulgada no PNCP,M,,986001,MRJ-PREFEITURA MUNICIPAL DO RIO DE JANEIRO,RJ,Rio de Janeiro,"Aquisição incluindo frete, de Papel Reprográfico A4, branco, para atender às necessidades do Hospital Municipal Miguel Couto, nas especificações e quantidades:",38721.6,2026-10-07T09:00:00,2026-10-13T12:00:00,42498733000148-1-000076/2027,https://cnetmobile.estaleiro.serpro.gov.br/comprasnet-web/public/compras/acompanhamento-compra?compra=98600106003762027,False,Dispensa Com Disputa,42498733000148
8,Dispensa de Licitação,Divulgada no PNCP,F,,152004,INSTITUTO BENJAMIN CONSTANT,RJ,Rio de Janeiro,"Aquisição de Material de apoio cirúrgico (por grupos), com entrega parcelada, para atender às necessidades do Centro Cirúrgico da Divisão de Pesquisa e Atendimento Médico, Odontológico e Nutricional, conforme condições e exigências estabelecidas no Termo de Referência.",16988.14,2026-10-06T08:00:00,2026-10-13T12:00:00,00394445000101-1-000247/2026,https://cnetmobile.estaleiro.serpro.gov.br/comprasnet-web/public/compras/acompanhamento-compra?compra=15200406001772026,False,Dispensa Com Disputa,00394445000101
6,Pregão - Eletrônico,Divulgada no PNCP,F,,090016,JUSTICA FEDERAL DE 1A. INSTANCIA - RJ,RJ,Rio de Janeiro,"Contratação de serviços de manutenção para os veículos da frota da Seção Judiciária do Rio de Janeiro, com o fornecimento de peças originais ou genuínas, pelo período de 12 meses, conforme Anexo I (Termo de Referência).",478102.4,2026-09-24T08:00:00,2026-10-13T13:00:00,05424540000116-1-000069/2026,https://cnetmobile.estaleiro.serpro.gov.br/comprasnet-web/public/compras/acompanhamento-compra?compra=09001605004022026,False,Aberto,05424540000116
6,Pregão - Eletrônico,Divulgada no PNCP,F,,250059,INSTITUTO NACIONAL DE CARDIOLOGIA,RJ,Rio de Janeiro,AQUISIÇÃO DE MATERIAIS HOSPITALARES - GERAL - PERFURO II,414741.38,2026-09-30T08:00:00,2026-10-13T13:00:00,00394544000185-1-002122/2026,https://cnetmobile.estaleiro.serpro.gov.br/comprasnet-web/public/compras/acompanhamento-compra?compra=25005905002502026,True,Aberto,00394544000185
12,Credenciamento,Divulgada no PNCP,M,,985833,PREFEITURA MUNICIPAL DE DUQUE DE CAXIAS -RJ,RJ,Duque de Caxias,"Edital de Chamamento Público nº 004/2025, que visa o credenciamento de pessoas jurídicas especializadas prestadoras de serviços de hemodiálise beira leito, destinados ao Hospital Municipal Dr. Moacyr Rodrigues do Carmo e ao Hospital Municipal Adão Pereira Nunes, unidades de referência para atendimentos de urgência e emergência em alta complexidade",4851000.0,2025-10-13T13:00:00,2026-10-13T13:00:00,29138328000150-1-000006/2026,,False,Não se aplica,29138328000150
6,Pregão - Eletrônico,Divulgada no PNCP,M,,986001,MRJ-PREFEITURA MUNICIPAL DO RIO DE JANEIRO,RJ,Rio de Janeiro,LOCAÇÃO TRATORES AGRÍCOLAS COM IMPLEMENTOS PARA CORTE E CAPINA DA CAPA VEGETAL,30300327.72,2026-09-21T09:00:00,2026-10-13T13:59:00,42498733000148-1-001892/2026,https://cnetmobile.estaleiro.serpro.gov.br/comprasnet-web/public/compras/acompanhamento-compra?compra=98600105016272026,False,Aberto,42498733000148
6,Pregão - Eletrônico,Divulgada no PNCP,F,,250059,INSTITUTO NACIONAL DE CARDIOLOGIA,RJ,Rio de Janeiro,"Serviço de Esterilização, Reprocessamento e Reesterilização de Artigos Hospitalares Termosensíveis",36013.63,2026-09-28T08:00:00,2026-10-13T14:00:00,00394544000185-1-001729/2026,https://cnetmobile.estaleiro.serpro.gov.br/comprasnet-web/public/compras/acompanhamento-compra?compra=25005905000372026,False,Aberto,00394544000185
6,Pregão - Eletrônico,Divulgada no PNCP,E,,227200,Agência de Fomento do ERJ SA,RJ,Rio de Janeiro,"Contratação de empresa especializada para a prestação de serviço de fornecimento de subscrição de licença de uso do Microsoft Office 365 E3, Microsoft Office E5, Microsoft Intune Suite, Azure Active Directory Premium P1, Azure Prepayment, Microsoft 365 Copilot e Copilot Studio que constituem solução de comunicação, colaboração, produtividade, inteligência artificial, garantia de atualização das versões, créditos a serem utilizados na nuvem de serviços Microsoft, a prestação de serviço de subscrição (Software Assurance) para produtos Microsoft, com atualização de versão e a prestação de serviço de suporte e consultoria em soluções em nuvem Microsoft, com vigência de contratos pelo período de 36 (trinta e seis) meses, para atender às necessidades da Agência de Fomento do Estado do Rio de Janeiro S.A. - AgeRio.",0.0,2026-09-18T11:00:00,2026-10-13T14:00:00,42498600000171-1-003934/2026,https://www.compras.rj.gov.br/EditaisLicitacoes/detalhar.action?idLic=37424,False,Aberto,42498600000171
6,Pregão - Eletrônico,Divulgada no PNCP,M,,985911,PREFEITURA MUNICIPAL DE SILVA JARDIM - RJ,RJ,Silva Jardim,AQUISIÇÃO DE GÊNEROS ALIMENTÍCIOS,3761099.66,2026-09-30T00:00:00,2026-10-13T23:59:00,28741098000157-1-000128/2026,http://licitacaosj.com.br,True,Aberto,28741098000157
6,Pregão - Eletrônico,Divulgada no PNCP,M,,2,FUNDO MUNICIPAL DE SAUDE DE PARATY,RJ,Paraty,"AQUISIÇÃO DE UMA UNIDADE MÓVEL DE SAÚDE - AMBULÂNCIA TIPO A – SIMPLES REMOÇÃO, TIPO FURGÃO, NOVA, ZERO QUILÔMETRO, COM TRANSFORMAÇÃO, EQUIPAMENTOS, ACESSÓRIOS, GRAFISMO E DOCUMENTAÇÃO NECESSÁRIOS AO PLENO FUNCIONAMENTO E REGULARIZAÇÃO, DESTINADA À SECRETARIA MUNICIPAL DE SAÚDE DE PARATY/RJ – EMENDA PARLAMENTAR Nº12640342000125007",319675.0,2026-10-01T08:00:00,2026-10-13T23:59:00,12640342000155-1-000066/2026,https://www.paraty.rj.gov.br/API/Areas/Admin/Conteudo/Documento/29092026193854322.pdf,False,Fechado-Aberto,12640342000155
8,Dispensa de Licitação,Divulgada no PNCP,M,,000000001,DIRETORIA DE COMPRAS E LICITAÇÕES,RJ,Niterói,"O presente edital de Chamamento Público tem por objetivo a aquisição de gêneros alimentícios diretamente da agricultura familiar e do empreendedor familiar rural ou de suas organizações, priorizando-se os assentamentos da reforma agrária, as comunidades tradicionais indígenas, as comunidades quilombolas e os grupos formais e informais de mulheres e de jovens agricultores,no mínimo 45% da verba da alimentação escolar com dispensa de licitação, nos termos do art. 14 da Lei nº 11.947/2009ealterações posteriores e da Resolução/ CD/FNDE nº 04 de 26 de Fevereiro de 2026, e aLei nº14660, 23/08/2023,para atender os alunos matriculados na Rede Municipal de Educação de Niterói, conforme especificação no item 03(três) e Anexo III – Termo de Referência- Cronograma de Entrega de produtos desta Chamada Pública. ",201440.82,2026-10-13T00:00:00,2026-10-14T00:00:00,39244595000166-1-000020/2026,contratosgov.com.br/Transparencia/DetalhesContratacao?hsCliente=gccfme&p_idContratacao=2794,False,Não se aplica,39244595000166
12,Credenciamento,Divulgada no PNCP,M,,2881,MUNICIPIO DE ARARUAMA - RJ ,RJ,Araruama,"[LICITANET] - Chamamento Público com o objetivo a contratação de serviços especializados em consultas, exames e procedimentos oftalmológicos para atender a demanda da Secretaria Municipal de Educação do Município de Araruama/RJ",7773535.98,2026-09-30T00:00:00,2026-10-14T00:00:00,28531762000133-1-000097/2026,https://licitanet.com.br/sessao/203348,False,Não se aplica,28531762000133
4,Concorrência - Eletrônica,Divulgada no PNCP,M,,2025,Piraí,RJ,Piraí,Concessão para prestação do serviço público de transporte coletivo urbano de passageiros.,179513238.0,2026-09-03T17:30:00,2026-10-14T08:00:00,29141322000132-1-000217/2026,,False,Aberto,29141322000132
6,Pregão - Eletrônico,Divulgada no PNCP,F,,781200,1°BATALHÃO DE OPER LITORANEAS DE FUZIL.NAVAIS,RJ,Rio de Janeiro,Aquisição de Material de Permanente para o Rancho. ,190150.37,2026-09-30T08:00:00,2026-10-14T08:00:00,00394502000144-1-010166/2026,https://cnetmobile.estaleiro.serpro.gov.br/comprasnet-web/public/compras/acompanhamento-compra?compra=78120005000532026,True,Aberto-Fechado,00394502000144
6,Pregão - Eletrônico,Divulgada no PNCP,F,,443020,INSTITUTO DE PESQUISAS JARDIM BOTÂNICO DO RJ,RJ,Rio de Janeiro,Contratação de empresa especializada na prestação de serviços no ramo de serviços de telefonia,157200.0,2026-09-29T08:00:00,2026-10-14T08:00:00,37115375000700-1-000046/2026,https://cnetmobile.estaleiro.serpro.gov.br/comprasnet-web/public/compras/acompanhamento-compra?compra=44302005001792026,False,Aberto,37115375000700
6,Pregão - Eletrônico,Divulgada no PNCP,F,,160322,HOSPITAL CENTRAL DO EXERCITO/RJ,RJ,Rio de Janeiro,Aquisição de material de consumo e OPME para as clínicas de radio. interv. e hemodinâmica do HCE.,271911.4,2026-10-01T08:00:00,2026-10-14T08:00:00,00394452000103-1-020808/2026,https://cnetmobile.estaleiro.serpro.gov.br/comprasnet-web/public/compras/acompanhamento-compra?compra=16032205000682026,True,Aberto-Fechado,00394452000103
6,Pregão - Eletrônico,Divulgada no PNCP,M,,2025,Piraí,RJ,Piraí,Registro de Preços para Aquisição de implante subdérmico para garantir o acesso à métodos contraceptivos contribuindo para a qualificação da assistência ao planejamento reprodutivo.,270789.0,2026-09-29T08:00:00,2026-10-14T08:00:00,29141322000132-1-000244/2026,,True,Aberto,29141322000132
6,Pregão - Eletrônico,Divulgada no PNCP,F,,160329,BATALHÃO CENTRAL DE MANUTENÇÃO E SUPRIMENTO,RJ,Rio de Janeiro,"Aquisição de Peças, Suprimentos ou Acessórios genuínos em proveito ao Batalhão Central de Manutenção e Suprimento (BCMS) e demais Unidades Participantes, com critério de julgamento Maior Desconto sobre o valor das peças com base nas tabelas das montadoras/fabricantes, com opção de utilizar o software de orçamento eletrônico Cilia, Audatex ou outro software similar.",4260000.0,2026-10-01T08:00:00,2026-10-14T08:00:00,00394452000103-1-021338/2026,https://cnetmobile.estaleiro.serpro.gov.br/comprasnet-web/public/compras/acompanhamento-compra?compra=16032905000172026,True,Aberto-Fechado,00394452000103
7,Pregão - Presencial,Divulgada no PNCP,M,,985919,PREFEITURA MUNICIPAL DE TRES RIOS - RJ,RJ,Três Rios,"CONTRATAÇÃO DE INSTITUIÇÃO FINANCEIRA PARA PRESTAÇÃO DE SERVIÇOS, DE FORMA EXCLUSIVA, REFERENTES À CENTRALIZAÇÃO E AO PROCESSAMENTO DE 100% (CEM POR CENTO) DE CRÉDITOS PROVENIENTES DA FOLHA DE PAGAMENTO DOS SERVIDORES ATIVOS, INATIVOS, APOSENTADOS E PENSIONISTAS, GERADA PELA PREFEITURA MUNICIPAL DE TRÊS RIOS; PAGAMENTO DOS FORNECEDORES, BENS, SERVIÇOS E INSUMOS; CONCESSÃO DE EMPRÉSTIMO CONSIGNADO (CRÉDITO DIRETO E CRÉDITO PARA AQUISIÇÃO DE BENS MÓVEIS E IMÓVEIS) E ETC.",7594200.0,2026-09-28T08:00:00,2026-10-14T08:00:00,29138377000193-1-000109/2026,,False,Aberto,29138377000193
8,Dispensa de Licitação,Divulgada no PNCP,F,,153138,MEC-FACULDADE DE MEDICINA DA UF/RJ,RJ,Rio de Janeiro,"Serviço de dedetização, desratização, descupinização e despulguização nas dependências da Faculdade de Odontologia, Faculdade de Medicina e do ICES – Instituto do Coração Edson Saad todos da UFRJ",4613.56,2026-10-02T16:54:00,2026-10-14T08:00:00,33663683000116-1-000486/2026,https://cnetmobile.estaleiro.serpro.gov.br/comprasnet-web/public/compras/acompanhamento-compra?compra=15313806000022026,False,Dispensa Com Disputa,33663683000116
8,Dispensa de Licitação,Divulgada no PNCP,F,,153138,MEC-FACULDADE DE MEDICINA DA UF/RJ,RJ,Rio de Janeiro,"Aquisição de café, açúcar, adoçante e biscoitos.",13198.6,2026-10-08T08:00:00,2026-10-14T08:00:00,33663683000116-1-000488/2026,https://cnetmobile.estaleiro.serpro.gov.br/comprasnet-web/public/compras/acompanhamento-compra?compra=15313806000552026,False,Dispensa Com Disputa,33663683000116
8,Dispensa de Licitação,Divulgada no PNCP,F,,154034,MEC-UNIRIO-FUND.UNIVERS.DO RIO DE JANEIRO/RJ,RJ,Rio de Janeiro,Aquisição de material (Pasta porta-diploma) para atender às necessidades do Cerimonial da Coordenadoria de Comunicação Social.,2254.0,2026-10-06T08:00:00,2026-10-14T08:00:00,34023077000107-1-000076/2026,https://cnetmobile.estaleiro.serpro.gov.br/comprasnet-web/public/compras/acompanhamento-compra?compra=15403406002162026,False,Dispensa Com Disputa,34023077000107
8,Dispensa de Licitação,Divulgada no PNCP,M,,7779,SECRETARIA MUNICIPAL DE EDUCAÇÃO,RJ,Conceição de Macabu,"[Portal de Compras Públicas] - Contratação de empresa especializada em manutenção preventiva e corretiva de veículos, para o veículo: Van Mercedes Benz modelo sprinter – Placa SRL-1C51, incluindo o fornecimento de peças, visando atender as demandas da Secretaria Municipal de Educação de Conceição de Macabu.",7488.01,2026-10-07T08:00:00,2026-10-14T08:00:00,29115466000114-1-000151/2026,https://www.portaldecompraspublicas.com.br/processos/RJ/Prefeitura-Municipal-de-Conceicao-de-Macabu-2900/DE-065-2026-2026-516297,False,Dispensa Com Disputa,29115466000114
8,Dispensa de Licitação,Divulgada no PNCP,F,,772100,CENTRO DE INST.E ADEST.ALMIRANTE NEWTON BRAGA,RJ,Rio de Janeiro,"A presente contratação justifica-se pela necessidade de aquisição de premiações a serem concedidas aos primeiros colocados no Curso de Aperfeiçoamento Avançado de Intendência para Oficiais (C-ApA-IM 2026), previstas na DGPM-102 e Ordem Interna 10-07D.",20674.32,2026-10-07T08:00:00,2026-10-14T08:00:00,00394502000144-1-013045/2026,https://cnetmobile.estaleiro.serpro.gov.br/comprasnet-web/public/compras/acompanhamento-compra?compra=77210006000712026,False,Dispensa Com Disputa,00394502000144
6,Pregão - Eletrônico,Divulgada no PNCP,F,,114601,IBGE-FUN.INST.BRAS.GEOGRAFIA E ESTATISTICA,RJ,Rio de Janeiro,"Prestação de serviços técnicos especializados em Tecnologia da Informação e Comunicação (TIC) para suporte ao ambiente computacional da Diretoria de Tecnologia da Informação do IBGE, para atendimento de 3º Nível, por 24 meses podendo ser prorrogado até o limite legal, com pagamento fixo mensal, por demanda, vinculado exclusivamente ao atendimento de níveis mínimos de serviços previamente estabelecidos.",17951103.84,2026-09-29T08:00:00,2026-10-14T08:30:00,33787094000140-1-000316/2026,https://cnetmobile.estaleiro.serpro.gov.br/comprasnet-web/public/compras/acompanhamento-compra?compra=11460105000662026,False,Aberto-Fechado,33787094000140
6,Pregão - Eletrônico,Divulgada no PNCP,F,,160068,DEPARTAMENTO DE EDUCACAO E CULTURA EXERCITO,RJ,Rio de Janeiro,"Aquisição de Scanner de Microfilmes para conversão, digitalização e processamento de imagens a partir de mídias analógicas (microfilmes e microfichas)",103875.0,2026-10-01T08:30:00,2026-10-14T08:30:00,00394452000103-1-021348/2026,https://cnetmobile.estaleiro.serpro.gov.br/comprasnet-web/public/compras/acompanhamento-compra?compra=16006805000522026,False,Aberto-Fechado,00394452000103
6,Pregão - Eletrônico,Divulgada no PNCP,M,,5268,FUNDO MUNICIPAL DE SAUDE DE PINHEIRAL,RJ,Pinheiral,"EQUIPAMENTOS PERMANENTES DESTINADOS À CLÍNICA MUNICIPAL DE FISIOTERAPIA CARMEN VERGETTI LEITE FRANCO, VISANDO À MANUTENÇÃO, AMPLIAÇÃO E QUALIFICAÇÃO DOS ATENDIMENTOS PRESTADOS AOS USUÁRIOS.",340064.18,2026-09-22T17:30:00,2026-10-14T08:55:00,01648573000199-1-000078/2026,,True,Aberto,01648573000199
6,Pregão - Eletrônico,Divulgada no PNCP,M,,5268,FUNDO MUNICIPAL DE SAUDE DE PINHEIRAL,RJ,Pinheiral,MATERIAL DE CONSUMO PARA INFORMÁTICA,269688.48,2026-09-22T17:30:00,2026-10-14T08:55:00,01648573000199-1-000081/2026,,True,Aberto,01648573000199
6,Pregão - Eletrônico,Divulgada no PNCP,F,,250052,INSTITUTO NACIONAL DO CANCER - RJ,RJ,Rio de Janeiro,"CONTRATAÇÃO DE DE PRESTAÇÃO DE SERVIÇOS DE CONTROLE MICROBIOLÓGICO PARA O MONITORAMENTO DE PONTOS CRÍTICOS, VALIDAÇÃO E REVALIDAÇÃO DE PROCESSOS DE PRODUÇÃO DE MEDICAMENTOS, NUTRIÇÃO ENTERAL E PARENTERAL, CENTRAL DE ESTERILIZAÇÃO DE MATERIAIS E UNIDADE DE TERAPIA INTENSIVA NAS UNIDADES ASSISTENCIAIS DO INSTITUTO NACIONAL DE CÂNCER - INCA.",3081720.0,2026-09-28T09:00:00,2026-10-14T08:59:00,00394544000185-1-001354/2026,https://cnetmobile.estaleiro.serpro.gov.br/comprasnet-web/public/compras/acompanhamento-compra?compra=25005205004992026,False,Aberto,00394544000185
6,Pregão - Eletrônico,Divulgada no PNCP,F,,250052,INSTITUTO NACIONAL DO CANCER - RJ,RJ,Rio de Janeiro,Contratação de empresa para serviço de locação com manutenção preventiva e corretiva de 4 analisadores microbiológicos para a realização dos exames de Identificação e antibiograma de microorganismos nas unidades hospitalares do Instituto Nacional do Câncer.,3024000.0,2026-09-23T09:00:00,2026-10-14T08:59:00,00394544000185-1-001504/2026,https://cnetmobile.estaleiro.serpro.gov.br/comprasnet-web/public/compras/acompanhamento-compra?compra=25005205004982026,False,Aberto,00394544000185
6,Pregão - Eletrônico,Divulgada no PNCP,M,,982921,MRJ-PREFEITURA MUNICIPAL DE RIO DAS OSTRAS,RJ,Rio das Ostras,"AQUISIÇÃO DE APARELHOS DE FOTOTERAPIA NEONATAL COM TECNOLOGIA LED, DESTINADOS AO HOSPITAL MUNICIPAL NAELMA MONTEIRO DA SILVA.",44662.88,2026-09-29T08:00:00,2026-10-14T08:59:00,39223581000166-1-000105/2026,https://cnetmobile.estaleiro.serpro.gov.br/comprasnet-web/public/compras/acompanhamento-compra?compra=98292105007032026,False,Aberto-Fechado,39223581000166
6,Pregão - Eletrônico,Divulgada no PNCP,M,,7749,FUNDO MUNICIPAL DE SAÚDE,RJ,Quissamã,"[Portal de Compras Públicas] - Registro de Preços para contratação de empresa para fornecimento de refeições prontas do tipo quentinhas, destinadas ao atendimento dos usuários acompanhados pelo Centro de Atenção Psicossocial (CAPS).",441196.8,2026-09-29T10:30:00,2026-10-14T08:59:00,31505027000160-1-000091/2026,https://www.portaldecompraspublicas.com.br/processos/RJ/Prefeitura-Municipal-de-Quissama-3047/RPE-039-2026-2026-514659,True,Aberto,31505027000160
5,Concorrência - Presencial,Divulgada no PNCP,M,,930552,CAMARA MUNICIPAL DE MACAE - RJ,RJ,Macaé,"Contratação de serviços de comunicação digital com gestão estratégica de redes digitais, monitoramento e relacionamento digital, gestão de tráfego pago e impulsionamento de conteúdo; produção e adequação de conteúdo com especificidade para as redes digitais da Câmara Municipal de Macaé, conforme parâmetros e elementos descritivos no Projeto Básico de Gestão Estratégica de Redes Digitais, para atender às necessidades desta Casa Legislativa.",839115.0,2026-09-08T08:00:00,2026-10-14T09:00:00,29893617000165-1-000013/2026,,False,Aberto,29893617000165
6,Pregão - Eletrônico,Divulgada no PNCP,F,,120195,CENTRO DE AQUISIÇÕES ESPECIFICAS,RJ,Rio de Janeiro,"Aquisição de Equipamentos Médico-Hospitalares referente a área de Imagem e Neurologia,  pela Diretoria de Saúde da Aeronáutica (DIRSA)",16863724.72,2026-10-01T08:00:00,2026-10-14T09:00:00,00394429000100-1-000483/2025,https://cnetmobile.estaleiro.serpro.gov.br/comprasnet-web/public/landing?destino=acompanhamento-compra&compra=12019505900292025,True,Aberto-Fechado,00394429000100
6,Pregão - Eletrônico,Divulgada no PNCP,M,,982921,MRJ-PREFEITURA MUNICIPAL DE RIO DAS OSTRAS,RJ,Rio das Ostras,"Contratação de empresa especializada em fornecimento de material pirotécnico e mão de obra para montagem e execução dos serviços de pirotecnia (show piromusical) incluindo locação de balsas e serviços de reboque e fundeio, para uma das principais celebrações do município de Rio das Ostras, que é a virada do ano 2026/2027 – Réveillon. ",1820241.12,2026-09-24T09:00:00,2026-10-14T09:00:00,39223581000166-1-000096/2026,https://cnetmobile.estaleiro.serpro.gov.br/comprasnet-web/public/compras/acompanhamento-compra?compra=98292105003592026,False,Aberto-Fechado,39223581000166
6,Pregão - Eletrônico,Divulgada no PNCP,F,,765741,LABORATORIO FARMACEUTICO DA MARINHA/RJ,RJ,Rio de Janeiro,"Aquisição de material de embalagem farmacêutica, destinados ao acondicionamento dos medicamentos",7976980.15,2026-09-30T08:00:00,2026-10-14T09:00:00,00394502000144-1-011512/2026,https://cnetmobile.estaleiro.serpro.gov.br/comprasnet-web/public/compras/acompanhamento-compra?compra=76574105000732026,True,Aberto-Fechado,00394502000144
6,Pregão - Eletrônico,Divulgada no PNCP,M,,1527,MUNICÍPIO DE PORCIÚNCULA/RJ,RJ,Porciúncula,"[LICITANET] - AQUISIÇÃO DE EQUIPAMENTOS E MATERIAIS PERMANENTES, DESTINADOS AO DISPENSÁRIO PADRE JOSÉ MARIA FERNANDES COLLAÇO, PARA ATENDER ÀS NECESSIDADES DA SECRETARIA MUNICIPAL DE DESENVOLVIMENTO SOCIAL DO MUNICÍPIO DE PORCIÚNCULA/RJ",136902.93,2026-09-11T13:46:44,2026-10-14T09:00:00,28920999000106-1-000032/2026,https://licitanet.com.br/sessao/201047,False,Aberto,28920999000106
6,Pregão - Eletrônico,Divulgada no PNCP,M,,450068,PREFEITURA MUNICIPAL DE VOLTA REDONDA-RJ,RJ,Volta Redonda,Aquisição de Troféus Com vistas a atender as necessidades da Secretaria Municipal de Esporte e Lazer,513083.0,2026-09-29T08:00:00,2026-10-14T09:00:00,32512501000143-1-000394/2026,https://cnetmobile.estaleiro.serpro.gov.br/comprasnet-web/public/compras/acompanhamento-compra?compra=45006805002452026,True,Aberto-Fechado,32512501000143
6,Pregão - Eletrônico,Divulgada no PNCP,M,,1195,FMS Barra Mansa,RJ,Barra Mansa,CONTRATAÇÃO DE EMPRESA ESPECIALIZADA EM SERVIÇOS DE LAVANDERIA HOSPITALAR.,414180.0,2026-09-28T17:30:00,2026-10-14T09:00:00,36507127000149-1-000204/2026,,False,Aberto,36507127000149
6,Pregão - Eletrônico,Divulgada no PNCP,F,,910847,ELETROBRAS TERMONUCLEAR S/A,RJ,Rio de Janeiro,Fornecimento de Resina Catiônica Grau Nuclear.,0.0,2026-10-01T08:00:00,2026-10-14T09:00:00,23274194000119-1-000104/2026,https://cnetmobile.estaleiro.serpro.gov.br/comprasnet-web/public/compras/acompanhamento-compra?compra=91084705000322026,False,Aberto,23274194000119
6,Pregão - Eletrônico,Divulgada no PNCP,M,,450068,PREFEITURA MUNICIPAL DE VOLTA REDONDA-RJ,RJ,Volta Redonda,Aquisição de Escadas com vistas a Atender as Necessidades do Departamento de Iluminação Pública da Secretaria Municipal de Serviços Públicos,38445.56,2026-09-29T08:00:00,2026-10-14T09:00:00,32512501000143-1-000401/2026,https://cnetmobile.estaleiro.serpro.gov.br/comprasnet-web/public/compras/acompanhamento-compra?compra=45006805002582026,True,Aberto-Fechado,32512501000143
6,Pregão - Eletrônico,Divulgada no PNCP,F,,910847,ELETROBRAS TERMONUCLEAR S/A,RJ,Rio de Janeiro,Fornecimento de cabo elétrico potência.,0.0,2026-10-01T08:00:00,2026-10-14T09:00:00,23274194000119-1-000106/2026,https://cnetmobile.estaleiro.serpro.gov.br/comprasnet-web/public/compras/acompanhamento-compra?compra=91084705000442026,False,Aberto,23274194000119
6,Pregão - Eletrônico,Divulgada no PNCP,M,,985811,PREFEITURA MUNICIPAL BOM JESUS DO ITABAPOANA,RJ,Bom Jesus do Itabapoana,"AQUISIÇÃO DE 01 (UM) VEÍCULO AUTOMOTOR TIPO VAN, ZERO QUILÔMETRO, SEM ACESSIBILIDADE DESTINADO À SECRETARIA MUNICIPAL DE ASSISTÊNCIA SOCIAL E HABITAÇÃO DO MUNICÍPIO DE BOM JESUS DO ITABAPOANA/RJ",347633.33,2026-09-28T16:59:00,2026-10-14T09:00:00,29112760000172-1-000275/2026,https://cnetmobile.estaleiro.serpro.gov.br/comprasnet-web/public/compras/acompanhamento-compra?compra=98581105002402026,False,Aberto,29112760000172
6,Pregão - Eletrônico,Divulgada no PNCP,M,,1,PREFEITURA MUNICIPAL DE PARACAMBI,RJ,Paracambi,"CONTRATAÇÃO DE EMPRESA ESPECIALIZADA EM SERVIÇOS TÉCNICOS PROFISSIONAIS PARA REGULARIZAÇÃO FUNDIÁRIA REURB, CONFORME ESPECIFICADO NO TERMO DE REFERÊNCIA.",606000.0,2026-09-29T09:00:00,2026-10-14T09:00:00,29138294000102-1-000811/2026,https://bllcompras.com/Process/ProcessView?param1=[gkz]ouIqdzPco06bbUbLl5wtimjM9SeiJYqcGRA5o97wnIf7WVhVwqZI4mn2eKL2jH/MybuAubcbeDNpa1INt3fJ_qXFv4Rcs7gAxu/w6Erck4c=,False,Aberto-Fechado,29138294000102
6,Pregão - Eletrônico,Divulgada no PNCP,M,,3403,MUNICIPÍO DE MIRACEMA/RJ,RJ,Miracema,[LICITANET] - AQUISIÇÃO DE COMBUSTÍVEIS,0.0,2026-09-29T09:38:24,2026-10-14T09:00:00,29114121000146-1-000046/2026,https://licitanet.com.br/sessao/203038,False,Aberto,29114121000146
6,Pregão - Eletrônico,Divulgada no PNCP,M,,867,FUNDO MUNICIPAL DE ASSISTÊNCIA SOCIAL DE SUMIDOURO/RJ,RJ,Sumidouro,[LICITANET] - EVENTUAL AQUISIÇÃO DE GÊNEROS ALIMENTÍCIOS - SRP,1158015.4,2026-09-30T10:01:25,2026-10-14T09:00:00,14226731000164-1-000018/2026,https://licitanet.com.br/sessao/203287,True,Aberto,14226731000164
6,Pregão - Eletrônico,Divulgada no PNCP,F,,250052,INSTITUTO NACIONAL DO CANCER - RJ,RJ,Rio de Janeiro,Aquisição de Material de expediente - Etiquetas,21018.65,2026-10-05T09:00:00,2026-10-14T09:00:00,00394544000185-1-002171/2026,https://cnetmobile.estaleiro.serpro.gov.br/comprasnet-web/public/compras/acompanhamento-compra?compra=25005205008132026,False,Aberto,00394544000185
6,Pregão - Eletrônico,Divulgada no PNCP,F,,254446,INSTITUTO DE TECNOLOGIA EM FARMACOS,RJ,Rio de Janeiro,Aquisição de CABERGOLINA,0.0,2026-10-06T08:00:00,2026-10-14T09:00:00,33781055000135-1-001715/2026,https://cnetmobile.estaleiro.serpro.gov.br/comprasnet-web/public/compras/acompanhamento-compra?compra=25444605008882026,False,Aberto-Fechado,33781055000135
8,Dispensa de Licitação,Divulgada no PNCP,M,,927761,SERVIÇO AUTONOMO HOSPITALAR DE VOLTA REDONDA,RJ,Volta Redonda,AQUISIÇÃO DE INSUMOS PARA CIRURGIA (ORTOPEDIA),14750.0,2026-10-06T09:00:00,2026-10-14T09:00:00,29063294000182-1-000313/2026,https://cnetmobile.estaleiro.serpro.gov.br/comprasnet-web/public/compras/acompanhamento-compra?compra=92776106002712026,False,Dispensa Com Disputa,29063294000182
6,Pregão - Eletrônico,Divulgada no PNCP,M,,3403,MUNICIPÍO DE MIRACEMA/RJ,RJ,Miracema,[LICITANET] - Registro de preços para eventual aquisição de material odontológico,1284380.33,2026-09-23T16:31:19,2026-10-14T09:01:00,29114121000146-1-000045/2026,https://licitanet.com.br/sessao/202357,True,Aberto,29114121000146
4,Concorrência - Eletrônica,Divulgada no PNCP,F,,791800,BASE NAVAL DO RIO DE JANEIRO/RJ,RJ,Niterói,Contratação de serviços técnicos de engenharia civil para atendimento de necessidades de infraestrutura da Base Naval do Rio de Janeiro (BNRJ),1784136.16,2026-09-29T08:00:00,2026-10-14T09:30:00,00394502000144-1-009773/2026,https://cnetmobile.estaleiro.serpro.gov.br/comprasnet-web/public/compras/acompanhamento-compra?compra=79180003000192026,True,Aberto,00394502000144
6,Pregão - Eletrônico,Divulgada no PNCP,M,,2678,MUNICIPIO DE SÃO SEBASTIÃO DO ALTO/RJ,RJ,São Sebastião do Alto,"[LICITANET] - Contratação de instituição financeira para processar e gerir créditos provenientes da folha de pagamento da Administração Direta, Indireta, Fundacional e Autárquica do Município de São Sebastião do Alto.

",1884492.08,2026-09-17T10:17:36,2026-10-14T09:30:00,28645786000113-1-000087/2026,https://licitanet.com.br/sessao/201804,False,Aberto,28645786000113
6,Pregão - Eletrônico,Divulgada no PNCP,M,,2678,MUNICIPIO DE SÃO SEBASTIÃO DO ALTO/RJ,RJ,São Sebastião do Alto,"[LICITANET] - Aquisição de veículos de transporte sanitário, zero km, com capacidade mínima de 15 passageiros, com dispositivo de poltrona móvel para veículo acessível e 1(um) assento para motorista, para transporte de pacientes, com recursos oriundos da emenda parlamentar número 50410007, proposta nº 11174211000125005.",358070.44,2026-09-23T12:57:52,2026-10-14T09:30:00,28645786000113-1-000088/2026,https://licitanet.com.br/sessao/202532,False,Aberto,28645786000113
6,Pregão - Eletrônico,Divulgada no PNCP,M,,1,PREFEITURA MUNICIPAL DE SÃO JOSÉ DO VALE DO RIO PRETO - RJ,RJ,São José do Vale do Rio Preto,FUTURA E EVENTUAL AQUISIÇÃO DE ARTEFATOS DE CIMENTO,2543521.6,2026-09-25T15:00:00,2026-10-14T09:30:00,32001836000105-1-000223/2026,https://bllcompras.com/Process/ProcessView?param1=[gkz]Ds3jAX4AfNn7g5ahighhOaUaEZ0O16AOC45oIz3aQdh3sy8npyoOtYWlSI5y2lBq2Frrxcd5YAiGqUQKkfedlmM1mkqCSLKZh5IArT7q6Zc=,True,Aberto,32001836000105
6,Pregão - Eletrônico,Divulgada no PNCP,F,,254501,INSTITUTO DE CIÊNCIA E TEC. EM BIOMODELOS,RJ,Rio de Janeiro,Medicamento Veterinário - Grupo 04: Vacinas,307759.01,2026-09-30T08:00:00,2026-10-14T09:30:00,33781055000135-1-001693/2026,https://cnetmobile.estaleiro.serpro.gov.br/comprasnet-web/public/compras/acompanhamento-compra?compra=25450105001792026,False,Aberto-Fechado,33781055000135
6,Pregão - Eletrônico,Divulgada no PNCP,M,,930220,SERVIÇO AUT.DE AGUA E ESGOTO DE TRÊS RIOS-RJ,RJ,Três Rios,REGISTRO DE PREÇOS PARA EVENTUAL AQUISIÇÃO DE CREPINAS E MATERIAIS FILTRANTES.,1454096.65,2026-09-30T09:30:00,2026-10-14T09:30:00,39754247000139-1-000038/2026,https://cnetmobile.estaleiro.serpro.gov.br/comprasnet-web/public/compras/acompanhamento-compra?compra=93022005000212026,True,Aberto-Fechado,39754247000139
6,Pregão - Eletrônico,Divulgada no PNCP,F,,160328,LABORATORIO QUIMICO FARMACEUTICO DO EXERCITO,RJ,Rio de Janeiro,Aquisição de insumos farmacêuticos (matéria-prima e excipientes) para produção anual de medicamentos,5097333.85,2026-10-01T08:00:00,2026-10-14T09:30:00,00394452000103-1-021357/2026,https://cnetmobile.estaleiro.serpro.gov.br/comprasnet-web/public/compras/acompanhamento-compra?compra=16032805001012026,True,Aberto,00394452000103
4,Concorrência - Eletrônica,Divulgada no PNCP,M,,2449,FME-FUNDO MUNICIPAL DE EDUCAÇÃO DE BOM JARDIM/RJ,RJ,Bom Jardim,"[LICITANET] - Contratação de empresa especializada visando a Ampliação da Creche Municipal Leila Erthal, situada à Rua Crésio Coelho Caetano, Alto de São José, 2º Distrito de Bom Jardim / RJ.",442522.96,2026-09-25T14:36:17,2026-10-14T09:32:00,44848243000150-1-000005/2026,https://licitanet.com.br/sessao/202853,False,Aberto,44848243000150
6,Pregão - Eletrônico,Divulgada no PNCP,E,,137200,CENTRAIS DE ABASTECIMENTO DO ESTADO DO RJ,RJ,Rio de Janeiro,"SERVIÇOS DE MANUTENÇÃO EM APARELHO
CONDICIONADOR AR, DESCRIÇÃO: contratação de empresa
especializada na prestação de serviços de manutenção preventiva
e/ou corretiva de equipamwentos de ar condicionado, com reposição de peças.",0.0,2026-09-23T10:00:00,2026-10-14T09:59:00,42498600000171-1-003941/2026,https://www.compras.rj.gov.br/EditaisLicitacoes/detalhar.action?idLic=37425,False,Aberto,42498600000171
6,Pregão - Eletrônico,Divulgada no PNCP,M,,1,PREFEITURA MUNICIPAL DE SÃO FRANCISCO DE ITABAPOANA,RJ,São Francisco de Itabapoana,"REGISTRO DE PREÇOS, VISANDO A FUTURA CONTRATAÇÃO DE EMPRESA, PARA FORNECIMENTO DE MATERIAL DE LIMPEZA E DESCARTÁVEIS ",0.0,2026-09-17T16:30:00,2026-10-14T09:59:00,01623783000122-1-000085/2026,https://bnccompras.com/Process/ProcessView?param1=[gkz]rEc9fLIjerGvotCNve9sQY_LZKqbrHZLyoLRdJxV6fi2RFbwUnfgqqIokZ6Dt3edV2ueRgGpP8vWXU04fdO43atIchry1toUvqrO9wvOISA=,True,Aberto,01623783000122
6,Pregão - Eletrônico,Divulgada no PNCP,E,,266500,FUNDO ESP. POLÍCIA MILITAR RJ,RJ,Rio de Janeiro,AQUISIÇÃO DE MEDICAMENTOS DO SUBGRUPO ANTI-INFECCIOSOS GERAIS PARA USO SISTÊMICO PARTE I,3106177.61,2026-09-25T10:00:00,2026-10-14T09:59:00,42498600000171-1-004043/2026,https://www.compras.rj.gov.br/EditaisLicitacoes/detalhar.action?idLic=37473,True,Aberto,42498600000171
6,Pregão - Eletrônico,Divulgada no PNCP,M,,985825,Prefeitura municipal de Casimiro de Abreu,RJ,Casimiro de Abreu,"Prestação do serviço de desenvolvimento, suporte técnico e locação de software de gestão tributária para prestar o serviço de locação de software com migração, treinamento e tratamento de dados para atender as demandas da Secretaria Municípal de Fazenda.",946430.18,2026-09-25T17:00:00,2026-10-14T09:59:00,29115458000178-1-000002/2027,https://cnetmobile.estaleiro.serpro.gov.br/comprasnet-web/public/compras/acompanhamento-compra?compra=98582505003262027,False,Aberto,29115458000178
12,Credenciamento,Divulgada no PNCP,M,,926946,PREFEITURA MUNICIPAL DE SÃO GONÇALO-RJ,RJ,São Gonçalo,"CREDENCIAMENTO DE EMPRESAS E/OU INSTITUIÇÕES FINANCEIRAS
INTERESSADAS EM OFERECER EMPRÉSTIMOS, FINANCIAMENTOS, CARTÃO
DE CRÉDITO, CARTÃO BENEFÍCIO, PLANOS DE SAÚDE, PLANOS
ODONTOLÓGICOS, CLUBE DE BENEFÍCIOS, PRODUTOS FINANCEIROS,
PROGRAMAS DE DESCONTOS (FINANCEIROS, EDUCACIONAIS E
AMBULATORIAIS) E SEGUROS, MEDIANTE CONSIGNAÇÃO EM FOLHA DE
PAGAMENTO",0.0,2024-10-16T17:00:00,2026-10-14T09:59:00,28636579000100-1-000002/2025,,False,Não se aplica,28636579000100
4,Concorrência - Eletrônica,Divulgada no PNCP,M,,1,MUNICIPIO DE PETROPOLIS,RJ,Petrópolis,"CONTRATAÇÃO DE EMPRESA PARA A EXECUÇÃO DE OBRAS DE CONTENÇÃO NA RUA ONOFRE DOS SANTOS, INDEPENDÊNCIA, PETRÓPOLIS/RJ.",141577.2,2026-08-21T12:00:00,2026-10-14T10:00:00,29138344000143-1-000263/2026,https://bllcompras.com/Process/ProcessView?param1=[gkz]AvGTPuRRD_dgMazxkxkQqdN/Q4h6oSuHO_ToMis20QF88kFv6hbqfjJciWo5vhvAJkMKlkf4TNGihuXtJt/uxK63ETSfwn5AivfNKVDu/L0=,False,Aberto,29138344000143
4,Concorrência - Eletrônica,Divulgada no PNCP,F,,200043,PROCURADORIA DA REPUBLICA NO RIO DE JANEIRO,RJ,Rio de Janeiro,"Contratação de empresa especializada em engenharia consultiva para elaboração de laudo técnico diagnóstico, anteprojetos, projetos básicos e executivos, incluindo peças técnicas, orçamentárias e documentais necessárias à futura licitação de obra destinada à recuperação das fachadas, cobertura, impermeabilização, elementos estruturais externos e vedações do prédio-sede da PRM Niterói.",108257.48,2026-09-08T10:00:00,2026-10-14T10:00:00,26989715000102-1-001367/2026,https://cnetmobile.estaleiro.serpro.gov.br/comprasnet-web/public/compras/acompanhamento-compra?compra=20004303000302026,False,Aberto-Fechado,26989715000102
4,Concorrência - Eletrônica,Divulgada no PNCP,M,,196,MUNICÍPIO DE ARRAIAL DO CABO/RJ,RJ,Arraial do Cabo,"[LICITANET] - CONTRATAÇÃO DE EMPRESA ESPECIALIZADA EM ENGENHARIA CIVIL PARA EXECUÇÃO DE OBRAS DE DRENAGEM E PAVIMENTAÇÃO EM VIAS DO BAIRRO NOVO ARRAIAL, NO MUNICÍPIO DE ARRAIAL DO CABO – RJ.",32683356.8,2026-09-29T16:42:05,2026-10-14T10:00:00,27792373000107-1-000225/2026,https://licitanet.com.br/sessao/203149,False,Aberto,27792373000107
5,Concorrência - Presencial,Suspensa,M,,985801,PREFEITURA MUNICIPAL DE ANGRA DOS REIS - RJ,RJ,Angra dos Reis,"Contratação de Empresa Especializada para Serviços de Engenharia para Execução de Pavimentação Asfáltica e Implantação de Sistema de Abastecimento de Água com a Construção de Rede Adutora de 300 mm, interligando a captação do Vitinho na Caputera ao reservatório do Morro do Vai Quem Quer na Monsuaba – Sistema Caputera/Monsuaba – Angra dos Reis – RJ, incluindo o fornecimento de todos os equipamentos, materiais, mão-de-obra e quaisquer insumos necessários à sua perfeita execução",47328271.02,2026-09-29T09:00:00,2026-10-14T10:00:00,29172467000109-1-000133/2027,,False,Aberto,29172467000109
6,Pregão - Eletrônico,Divulgada no PNCP,F,,150182,PRÓ-REITORIA DE ADMINISTRAÇÃO,RJ,Niterói,Aquisição de Softwares ,2661486.01,2026-10-01T10:00:00,2026-10-14T10:00:00,28523215000106-1-000020/2026,https://cnetmobile.estaleiro.serpro.gov.br/comprasnet-web/public/landing?destino=acompanhamento-compra&compra=15018205900102026,True,Aberto,28523215000106
6,Pregão - Eletrônico,Divulgada no PNCP,F,,179083,CASA DA MOEDA DO BRASIL/MF,RJ,Rio de Janeiro,AQUISIÇÃO DE LAMPADAS UV,0.0,2026-09-30T10:00:00,2026-10-14T10:00:00,34164319000174-1-000184/2026,https://cnetmobile.estaleiro.serpro.gov.br/comprasnet-web/public/compras/acompanhamento-compra?compra=17908305001442026,False,Aberto,34164319000174
6,Pregão - Eletrônico,Divulgada no PNCP,F,,343030,CENTRO NACIONAL DE CULTURA POPULAR,RJ,Rio de Janeiro,"Contratação de empresa especializada em serviço de higienização mecânica para o acervo bibliográfico da
Biblioteca Amadeu Amaral (BAA),  incluindo a retirada e substituição das etiquetas de lombada e a
reacomodação/organização do acervo nas estantes, com fornecimento de mão de obra especializada,
equipamentos, ferramentas e materiais necessários à execução dos serviços, nos termos da tabela abaixo,
conforme condições e exigências estabelecidas neste instrumento[A1] .",105944.23,2026-09-29T08:00:00,2026-10-14T10:00:00,26474056000171-1-000256/2026,https://cnetmobile.estaleiro.serpro.gov.br/comprasnet-web/public/compras/acompanhamento-compra?compra=34303005000362026,False,Aberto,26474056000171
6,Pregão - Eletrônico,Divulgada no PNCP,F,,795180,BASE DE FUZILEIROS NAVAIS ILHA DO GOVERN./RJ,RJ,Rio de Janeiro,"O objeto da presente licitação é eventual contratação, futura e parcelada, de empresa(s) especializada(s) no fornecimento de materiais diversos para pintura de Viaturas Operativas Leves tipo Land Rover, Agrale Marruá, Mitsubichi L200 e SsangYong, para esta Base de Fuzileiros Navais da Ilha do Governador e suas Organizações Militares Apoiadas.",73736.0,2026-09-25T10:00:00,2026-10-14T10:00:00,00394502000144-1-000250/2027,https://cnetmobile.estaleiro.serpro.gov.br/comprasnet-web/public/compras/acompanhamento-compra?compra=79518005000142027,True,Aberto-Fechado,00394502000144
6,Pregão - Eletrônico,Divulgada no PNCP,M,,5478,Fundo Municipal de Saude,RJ,Conceição de Macabu,"[Portal de Compras Públicas] - Contratação de empresa para a prestação de serviços locação e instalação dos Equipamentos Geradores de Gases Medicinais, com o fornecimento de oxigênio através de (Gerador por PSA e Cilindros), Ar Comprido Medicinal através de (Compressores) e vácuo clínico através de (Bombas) pelo período de 12 meses.",264084.0,2026-09-28T10:00:00,2026-10-14T10:00:00,29115466000114-1-000148/2026,https://www.portaldecompraspublicas.com.br/processos/RJ/Prefeitura-Municipal-de-Conceicao-de-Macabu-2900/PE-040-2026-2026-514238,False,Aberto,29115466000114
6,Pregão - Eletrônico,Divulgada no PNCP,M,,986001,MRJ-PREFEITURA MUNICIPAL DO RIO DE JANEIRO,RJ,Rio de Janeiro,"Contratação de empresa especializada na prestação de serviços de medicina do trabalho, saúde ocupacional e segurança do trabalho, conforme este Edital e seus anexos.",0.0,2026-09-29T08:00:00,2026-10-14T10:00:00,42498733000148-1-001957/2026,https://cnetmobile.estaleiro.serpro.gov.br/comprasnet-web/public/compras/acompanhamento-compra?compra=98600105016952026,False,Aberto-Fechado,42498733000148
6,Pregão - Eletrônico,Divulgada no PNCP,M,,3499,MUNICÍPIO DE SAQUAREMA/RJ,RJ,Saquarema,"[LICITANET] - CONTRATAÇÃO DE EMPRESA ESPECIALIZADA NA LOCAÇÃO DE LICENÇA DE USO DE TALONÁRIO ELETRÔNICO, EQUIPAMENTOS, SOFTWARE DE GESTÃO E APOIO TÉCNICO/MANUTENÇÃO",343071.6,2026-09-28T11:18:31,2026-10-14T10:00:00,32147670000121-1-000165/2026,https://licitanet.com.br/sessao/202990,False,Aberto,32147670000121
6,Pregão - Eletrônico,Divulgada no PNCP,M,,646,FUNDO MUNICIPAL DE ASSISTÊNCIA SOCIAL DE CAMPOS DOS GOYTACAZES/RJ,RJ,Campos dos Goytacazes,"[LICITANET] - Registro de preços para futura e eventual contratação de empresa especializada na contratação de empresa especializada na confecção e fornecimento de uniformes, destinados ao atendimento das demandas da Secretaria Municipal de Assistência Social e Cidadania – SMASC, pelo período de 1 (um) ano.",0.0,2026-09-28T15:13:20,2026-10-14T10:00:00,01197548000136-1-000008/2026,https://licitanet.com.br/sessao/203017,True,Aberto,01197548000136
6,Pregão - Eletrônico,Divulgada no PNCP,M,,986001,MRJ-PREFEITURA MUNICIPAL DO RIO DE JANEIRO,RJ,Rio de Janeiro,"Registro de Preços para Aquisição de Equipamentos de Proteção Individual – Epi - B - Para os Empregados da Mobi-Rio, para fins de atendimento ao disposto na NR 06 do Ministério do Trabalho e Previdência, conforme descrito, caracterizado e especificado neste Termo de Referência",0.0,2026-09-29T08:00:00,2026-10-14T10:00:00,42498733000148-1-001965/2026,https://cnetmobile.estaleiro.serpro.gov.br/comprasnet-web/public/compras/acompanhamento-compra?compra=98600105017012026,True,Aberto-Fechado,42498733000148
6,Pregão - Eletrônico,Divulgada no PNCP,F,,925159,CONSELHO REGIONAL DE PSICOLOGIA 5ª - RJ,RJ,Rio de Janeiro,"Contratação de empresa especializada na prestação de serviços contínuos de controle de pragas urbanas, compreendendo dedetização, desratização e descupinização, devidamente licenciada pelos órgãos competentes, para a execução de tratamentos preventivos e corretivos nas dependências da Sede e das Subsedes do Conselho Regional de Psicologia da 5ª Região – CRP-RJ, sem dedicação exclusiva de mão de obra, em conformidade com as condições, especificações técnicas, quantitativos, periodicidade, requisitos de execução e demais exigências estabelecidas no Edital e seus anexos.",21692.57,2026-09-29T08:00:00,2026-10-14T10:00:00,37115458000104-1-000035/2026,https://cnetmobile.estaleiro.serpro.gov.br/comprasnet-web/public/compras/acompanhamento-compra?compra=92515905000262026,False,Aberto-Fechado,37115458000104
6,Pregão - Eletrônico,Divulgada no PNCP,M,,986001,MRJ-PREFEITURA MUNICIPAL DO RIO DE JANEIRO,RJ,Rio de Janeiro,"Registro de Preços para Aquisição de Materiais de Obras Civis - B, para manutenção rotineira das unidades físicas da MOBI-Rio, conforme descrito, caracterizado e especificado no Termo de Referência.",0.0,2026-09-29T08:00:00,2026-10-14T10:00:00,42498733000148-1-001967/2026,https://cnetmobile.estaleiro.serpro.gov.br/comprasnet-web/public/compras/acompanhamento-compra?compra=98600105017142026,True,Aberto-Fechado,42498733000148
6,Pregão - Eletrônico,Divulgada no PNCP,F,,323031,AGENCIA NACIONAL DO PETROLEO - ANP - RJ,RJ,Rio de Janeiro,"Contratação de serviços de manutenção preventiva com emissão de certificado de calibração RBC e serviços de manutenção corretiva de 4 (quatro) equipamentos da marca ""CANNON"" instalados no CPT - Centro de Pesquisas e Análises Tecnológicas da ANP, mais aquisição de peças passíveis de substituição durante as manutenções dos equipamentos e periféricos, a serem executados sem regime de dedicação exclusiva de mão de obra.",1177210.28,2026-09-29T08:00:00,2026-10-14T10:00:00,02313673000127-1-000111/2026,https://cnetmobile.estaleiro.serpro.gov.br/comprasnet-web/public/compras/acompanhamento-compra?compra=32303105002122026,False,Aberto,02313673000127
6,Pregão - Eletrônico,Divulgada no PNCP,F,,343015,MUSEU IMPERIAL DE PETROPOLIS/RJ,RJ,Petrópolis,"Serviços de operação de equipamentos de automação, iluminação, sonorização e projeção a fim de atender às
apresentações regulares do espetáculo Som e Luz/Museu Imperial",113250.0,2026-09-29T10:00:00,2026-10-14T10:00:00,10898596000142-1-000048/2026,https://cnetmobile.estaleiro.serpro.gov.br/comprasnet-web/public/compras/acompanhamento-compra?compra=34301505000532026,True,Aberto,10898596000142
6,Pregão - Eletrônico,Divulgada no PNCP,F,,173030,MF-CVM-COMISSAO DE VALORES MOBILIARIOS/RJ,RJ,Rio de Janeiro,"Contratação de serviços de integrador de nuvens públicas (cloud broker), para atendimento das demandas de computação em nuvem da CVM.",19727915.92,2026-09-29T09:00:00,2026-10-14T10:00:00,29507878000108-1-000026/2026,https://cnetmobile.estaleiro.serpro.gov.br/comprasnet-web/public/compras/acompanhamento-compra?compra=17303005001102026,False,Aberto,29507878000108
6,Pregão - Eletrônico,Divulgada no PNCP,M,,1,FUNDO MUNICIPAL DE EDUCAÇÃO DE ITATIAIA,RJ,Itatiaia,"CONTRATAÇÃO DE EMPRESA ESPECIALIZADA PARA PRESTAÇÃO DE SERVIÇO DE LOCAÇÃO DE VEÍCULOS DE CARGA (SEM CONDUTOR, SEM COMBUSTÍVEL E COM QUILOMETRAGEM LIVRE, DESTINADOS AO ATENDIMENTO DAS NECESSIDADES DA SECRETARIA MUNICIPAL DE EDUCAÇÃO, PELO PERÍODO DE 12 (DOZE) MESES.",290173.68,2026-09-30T08:00:00,2026-10-14T10:00:00,53970845000176-1-000020/2026,https://bnccompras.com/Process/ProcessView?param1=[gkz]DYVddArUH3Le7beh1_K8Bi/7Vybp1_zBvTftXKSZ4k29E4UALSfO32fsy5PHNB4ebAJqf0tinTUuf/eC3BdauQwNMSDbBp4bCM3iJP/KUuE=,False,Aberto,53970845000176
6,Pregão - Eletrônico,Divulgada no PNCP,M,,986001,MRJ-PREFEITURA MUNICIPAL DO RIO DE JANEIRO,RJ,Rio de Janeiro,"Registro de Preços para aquisição de Peças e Acessórios, novos e originais, para carroceria do fabricante Marcopolo, modelos Torino e Viale Express – G, para serviços de manutenção preventiva e corretiva da Frota de Articulados Operados pela Companhia Municipal de Transportes Coletivos – CMTC - (MOBIRio), conforme descrito, caracterizado e especificado neste Termo de Referência. ",0.0,2026-10-01T08:00:00,2026-10-14T10:00:00,42498733000148-1-001991/2026,https://cnetmobile.estaleiro.serpro.gov.br/comprasnet-web/public/compras/acompanhamento-compra?compra=98600105017062026,True,Aberto-Fechado,42498733000148
6,Pregão - Eletrônico,Divulgada no PNCP,M,,1467,MUNICÍPIO DE SÃO JOÃO DA BARRA/RJ,RJ,São João da Barra,[LICITANET] - AQUISIÇÃO DE COMPUTADORES E NOBREAKS PARA ESCOLA MODELO DE ATAFONA DA SECRETARIA MUNICIPAL DE EDUCAÇÃO DE SÃO JOÃO DA BARRA/RJ.,0.0,2026-09-30T16:26:37,2026-10-14T10:00:00,29116902000170-1-000050/2026,https://licitanet.com.br/sessao/203407,False,Aberto,29116902000170
6,Pregão - Eletrônico,Divulgada no PNCP,M,,418,FUNDAÇÃO MUNICIPAL DE SAÚDE CAMPOS DOS GOYTACAZES/RJ,RJ,Campos dos Goytacazes,"[LICITANET] -  Registro de preços para a futura e eventual aquisição de saco impermeável para óbito, visando atender a demanda da Fundação Municipal de Saúde.",0.0,2026-09-30T16:47:26,2026-10-14T10:00:00,31506306000148-1-000007/2026,https://licitanet.com.br/sessao/203412,True,Aberto,31506306000148
6,Pregão - Eletrônico,Divulgada no PNCP,F,,153010,MEC-CEFET-CENT.FED.ED.TEC.CELSO S.FONSECA/RJ,RJ,Rio de Janeiro,"Aquisição de armários de aço, do tipo roupeiro, para os alunos da Uned Maria da Graça.  Em caso de divergência entre a descrição do Termo de Referência e do CATMAT, prevalecerá a descrição que consta no Termo de Referência.
",15760.78,2026-10-01T10:00:00,2026-10-14T10:00:00,42441758000105-1-000166/2026,https://cnetmobile.estaleiro.serpro.gov.br/comprasnet-web/public/compras/acompanhamento-compra?compra=15301005002102026,False,Aberto,42441758000105
6,Pregão - Eletrônico,Divulgada no PNCP,F,,120039,MAER-GRUPAMENTO DE APOIO/RJ,RJ,Rio de Janeiro,"Aquisição de materiais de cama, mesa e banho.",576812.15,2026-10-01T10:10:00,2026-10-14T10:00:00,00394429000100-1-002529/2026,https://cnetmobile.estaleiro.serpro.gov.br/comprasnet-web/public/compras/acompanhamento-compra?compra=12003905001912026,True,Aberto-Fechado,00394429000100
6,Pregão - Eletrônico,Divulgada no PNCP,F,,150182,PRÓ-REITORIA DE ADMINISTRAÇÃO,RJ,Niterói,"Aquisição de gêneros alimentícios diversos, compreendendo itens estocáveis, condimentos, doces, pães, frios (laticínios), carnes e polpas de frutas.",16862844.92,2026-10-01T08:00:00,2026-10-14T10:00:00,28523215000106-1-000327/2026,https://cnetmobile.estaleiro.serpro.gov.br/comprasnet-web/public/compras/acompanhamento-compra?compra=15018205001102026,False,Aberto,28523215000106
8,Dispensa de Licitação,Revogada,F,,343015,MUSEU IMPERIAL DE PETROPOLIS/RJ,RJ,Petrópolis,"Contratação  de serviços não continuados de descupinização na sede do Museu Imperial, incluindo toda a mão de obra, materiais e ferramentas
necessários",0.0,2026-10-07T09:00:00,2026-10-14T10:00:00,10898596000142-1-000041/2026,https://cnetmobile.estaleiro.serpro.gov.br/comprasnet-web/public/compras/acompanhamento-compra?compra=34301506000262026,False,Dispensa Com Disputa,10898596000142
4,Concorrência - Eletrônica,Divulgada no PNCP,M,,986001,MRJ-PREFEITURA MUNICIPAL DO RIO DE JANEIRO,RJ,Rio de Janeiro,Prestação de serviços de cobertura de quadra nas unidades da Secretaria Municipal de Educação (SME) do Rio de Janeiro.,21754261.12,2026-09-25T08:00:00,2026-10-14T11:00:00,42498733000148-1-001943/2026,https://cnetmobile.estaleiro.serpro.gov.br/comprasnet-web/public/compras/acompanhamento-compra?compra=98600103016772026,True,Aberto-Fechado,42498733000148
6,Pregão - Eletrônico,Divulgada no PNCP,F,,154034,MEC-UNIRIO-FUND.UNIVERS.DO RIO DE JANEIRO/RJ,RJ,Rio de Janeiro,"Contratação de empresa especializada na prestação de serviços gráficos para eventos da Universidade Federal do Estado do Rio de Janeiro (UNIRIO), incluindo o fornecimento do material e a respectiva instalação/aplicação no local indicada pela contratante para itens específicos. ",563164.46,2026-09-29T08:00:00,2026-10-14T11:00:00,34023077000107-1-000073/2026,https://cnetmobile.estaleiro.serpro.gov.br/comprasnet-web/public/compras/acompanhamento-compra?compra=15403405001322026,False,Aberto,34023077000107
6,Pregão - Eletrônico,Divulgada no PNCP,M,,985821,PREFEITURA MUNICIPAL DE CANTAGALO - RJ,RJ,Cantagalo,"Contratação de empresa especializada em elaboração e aplicação de concurso público, para provimento de cargos do quadro efetivo e formação de cadastro de reserva de vagas para servidores da Prefeitura Municipal de Cantagalo-RJ.",256000.0,2026-09-28T08:00:00,2026-10-14T13:00:00,28645794000160-1-000059/2026,https://cnetmobile.estaleiro.serpro.gov.br/comprasnet-web/public/compras/acompanhamento-compra?compra=98582105000092026,True,Aberto,28645794000160
6,Pregão - Eletrônico,Divulgada no PNCP,M,,1405,FUNDO MUNICIPAL DE SAÚDE DE RESENDE - SUS,RJ,Resende,"RSD-020116/008380/2026-REGISTRO DE PREÇOS PARA AQUISIÇÃO DE MEDICAMENTOS, PELO PERÍODO DE 12 MESES, ATRAVÉS DA SECRETARIA MUNICIPAL DE SAÚDE – FMS.",2509992.36,2026-10-01T08:00:00,2026-10-14T13:00:00,11800731000138-1-000217/2026,https://bnccompras.com/Process/ProcessView?param1=[gkz]xvCiIfO/kXl7UPyIcQ54iyEV18kILRnQNPi55v9pqcdVcDyqf6uan9hKuob2NYs1D9b9BcbcCZB1WL8ebrzdBxlkJOKeu0M3ScBnA8IUEuc=,True,Aberto,11800731000138
6,Pregão - Eletrônico,Divulgada no PNCP,F,,250059,INSTITUTO NACIONAL DE CARDIOLOGIA,RJ,Rio de Janeiro,Aquisição de Material Permanente: Equipamentos de mobilidade e mobiliário de repouso,277715.78,2026-10-01T08:00:00,2026-10-14T13:00:00,00394544000185-1-002142/2026,https://cnetmobile.estaleiro.serpro.gov.br/comprasnet-web/public/compras/acompanhamento-compra?compra=25005905003532026,True,Aberto,00394544000185
5,Concorrência - Presencial,Suspensa,F,,928092,CONSELHO REGIONAL DOS TECNICOS INDUSTRIAIS-RJ,RJ,Rio de Janeiro,Contratação de empresa prestadora de serviços de comunicação institucional. ,5334305.73,2026-08-17T08:00:00,2026-10-14T14:00:00,33618698000162-1-000010/2026,,False,Fechado,33618698000162
6,Pregão - Eletrônico,Divulgada no PNCP,F,,153010,MEC-CEFET-CENT.FED.ED.TEC.CELSO S.FONSECA/RJ,RJ,Rio de Janeiro,"Aquisição de equipamentos de medição, ferramentas de precisão e insumos laboratoriais para atender às atividades de ensino, pesquisa e extensão das Coordenações de Disciplinas Básicas, Engenharia Elétrica, Engenharia Mecânica e Engenharia Metalúrgica da UnED Angra dos Reis.

",18782.06,2026-10-01T08:00:00,2026-10-14T14:00:00,42441758000105-1-000136/2026,https://cnetmobile.estaleiro.serpro.gov.br/comprasnet-web/public/compras/acompanhamento-compra?compra=15301005001102026,False,Aberto,42441758000105
6,Pregão - Eletrônico,Divulgada no PNCP,M,,1405,FUNDO MUNICIPAL DE SAÚDE DE RESENDE - SUS,RJ,Resende,"RSD-020116/007791/2026-REGISTRO DE PREÇOS PARA AQUISIÇÃO DE EPIs, ATRAVÉS DA SECRETARIA MUNICIPAL DE SAÚDE.",923500.0,2026-10-01T08:00:00,2026-10-14T14:00:00,11800731000138-1-000218/2026,https://bnccompras.com/Process/ProcessView?param1=[gkz]yzcAgTnGsnJQqbv54UXOzN5PI2PEYHgGkotTyLre651m1ODNmVlL7ugxR4GFKeE0fgr_JvStxmPBRJSQDognLcg7WnbTgA8t4PvfrXcImI4=,True,Aberto,11800731000138
6,Pregão - Eletrônico,Divulgada no PNCP,E,,215100,IMPRENSA OFICIAL DO ESTADO DO RIO DE JANEIRO,RJ,Rio de Janeiro,"Contratação de serviços de natureza continuada de empresa especializada para prestação de serviços técnicos de manutenção preventiva, corretiva e assistência técnica – com fornecimento de peças – dos aparelhos de ar condicionado centrais, splits, K7, de janela e cortinas de ar; instalados na sede e suas filiais, da Imprensa Oficial do Estado do Rio de Janeiro, pelo período de 12 (doze) meses, conforme especificado e quantificado no Termo de Referência.",678282.0,2026-09-21T08:00:00,2026-10-14T16:00:00,42498600000171-1-003973/2026,https://www.compras.rj.gov.br/EditaisLicitacoes/detalhar.action?idLic=37441,False,Aberto,42498600000171
12,Credenciamento,Divulgada no PNCP,M,,1,GERAL,RJ,Mangaratiba,"Credenciamento para a PERMISSÃO REMUNERADA DE USO DE ESPAÇOS PÚBLICOS, destinados à exploração de atividades comerciais durante a realização da EXPO MANGARATIBA 2026, no período de 11 a 15 de novembro de 2026, no Parque de Exposições Roberto Monsores , área integrante do Centro Municipal de Eventos e Lazer de Mangaratiba/RJ.",0.0,2026-09-22T12:00:00,2026-10-14T16:00:00,29138310000159-1-000221/2026,https://licitamaisbrasil.com.br/detalhes-do-edital/UndN019f2Fymiufk,False,Não se aplica,29138310000159
6,Pregão - Eletrônico,Divulgada no PNCP,F,,765720,HOSPITAL NAVAL MARCILIO DIAS - MM,RJ,Rio de Janeiro,Aquisição de insumos laboratoriais,966543.83,2026-10-01T08:00:00,2026-10-15T08:00:00,00394502000144-1-012798/2026,https://cnetmobile.estaleiro.serpro.gov.br/comprasnet-web/public/compras/acompanhamento-compra?compra=76572005002562026,True,Aberto-Fechado,00394502000144
8,Dispensa de Licitação,Divulgada no PNCP,F,,771000,DIRETORIA DE ABASTECIMENTO DA MARINHA,RJ,Rio de Janeiro,Aquisição de materiais eletrônicos,55008.48,2026-10-06T10:00:00,2026-10-15T08:00:00,00394502000144-1-012553/2026,https://cnetmobile.estaleiro.serpro.gov.br/comprasnet-web/public/compras/acompanhamento-compra?compra=77100006001552026,False,Dispensa Com Disputa,00394502000144
8,Dispensa de Licitação,Divulgada no PNCP,M,,9250,SECRETARIA MUNICIPAL DE MEIO AMBIENTE,RJ,Conceição de Macabu,"[Portal de Compras Públicas] - Aquisição de equipamentos e materiais destinados à contenção, manejo e transporte de animais silvestres, visando atender às necessidades operacionais da Secretaria Municipal de Meio Ambiente (SEMMA), nas atividades de monitoramento, fiscalização ambiental, resgate de fauna e manejo nas Unidades de Conservação do Município..",4359.56,2026-10-07T08:00:00,2026-10-15T08:00:00,29115466000114-1-000152/2026,https://www.portaldecompraspublicas.com.br/processos/RJ/Prefeitura-Municipal-de-Conceicao-de-Macabu-2900/DE-059-2026-2026-516457,False,Dispensa Com Disputa,29115466000114
8,Dispensa de Licitação,Divulgada no PNCP,E,,925153,ERJ-MINISTÉRIO PUBLICO ESTADO RIO DE JANEIRO,RJ,Rio de Janeiro,"CONTRATAÇÃO DE SOCIEDADE EMPRESÁRIA PARA FORNECIMENTO E INSTALAÇÃO DE LETREIRO NA FACHADA DA SEDE DO MINISTÉRIO PÚBLICO DO ESTADO DO RIO DE JANEIRO, LOCALIZADA NA AVENIDA MARECHAL CÂMARA, Nº 370 - CENTRO, RIO DE JANEIRO - RJ",52980.0,2026-09-30T16:30:00,2026-10-15T08:30:00,28305936000140-1-000348/2026,https://cnetmobile.estaleiro.serpro.gov.br/comprasnet-web/public/compras/acompanhamento-compra?compra=92515306002632026,False,Dispensa Com Disputa,28305936000140
6,Pregão - Eletrônico,Divulgada no PNCP,F,,250052,INSTITUTO NACIONAL DO CANCER - RJ,RJ,Rio de Janeiro,AQUISIÇÃO DE MEDICAMENTOS GERAIS.,113369.84,2026-09-28T09:00:00,2026-10-15T08:59:00,00394544000185-1-002098/2026,https://cnetmobile.estaleiro.serpro.gov.br/comprasnet-web/public/compras/acompanhamento-compra?compra=25005205008812026,True,Aberto,00394544000185
6,Pregão - Eletrônico,Divulgada no PNCP,F,,250052,INSTITUTO NACIONAL DO CANCER - RJ,RJ,Rio de Janeiro,Contratação de empresa para serviço de locação com manutenção preventiva e corretiva de 4 equipamentos automatizados para realização de exames de hemocultura nas unidades hospitalares do Instituto Nacional do Câncer. A contratação deve comtemplar também o fornecimento de reagentes e de todos os materiais necessários para a correta realização dos exames.,1297043.04,2026-10-01T09:00:00,2026-10-15T08:59:00,00394544000185-1-002144/2026,https://cnetmobile.estaleiro.serpro.gov.br/comprasnet-web/public/compras/acompanhamento-compra?compra=25005205008522026,False,Aberto,00394544000185
8,Dispensa de Licitação,Divulgada no PNCP,E,,137200,CENTRAIS DE ABASTECIMENTO DO ESTADO DO RJ,RJ,Rio de Janeiro,"ASPIRADOR DE PO,MATERIAL: CORPO EM ACO INOX COM PARTES
PLASTICAS, COR: N/D, CAPACIDADE: 70 L, COMPOSICAO: ACESSÓRIOS
PARA LIMPEZA AUTOMOTIVA(RODO PARA CARPETES, BOCAL ESTREITO,
ESCOVA PARA ESTOFAMENTO, TUBOS PROLONGADORES, MANGUEIRA
FLEXIVEL, POTENCIA: 2400 W, TENSAO: 127 / 220 V, APLICACAO:
AUTOMOTIVO.",7130.67,2026-10-01T12:00:00,2026-10-15T08:59:00,42498600000171-1-004231/2026,https://www.compras.rj.gov.br/EditaisLicitacoes/detalhar.action?idLic=37531,False,Dispensa Com Disputa,42498600000171
4,Concorrência - Eletrônica,Divulgada no PNCP,M,,982921,MRJ-PREFEITURA MUNICIPAL DE RIO DAS OSTRAS,RJ,Rio das Ostras,"O objeto da presente licitação é a Contratação de empresa especializada para execução de obra de urbanização de área de ponto de apoio para motorhome, situada na Praia do Abricó, Loteamento Jardim Campomar – Município de Rio das Ostras/ RJ.",724037.88,2026-09-29T13:00:00,2026-10-15T09:00:00,39223581000166-1-000106/2026,https://cnetmobile.estaleiro.serpro.gov.br/comprasnet-web/public/compras/acompanhamento-compra?compra=98292103004172026,False,Aberto-Fechado,39223581000166
6,Pregão - Eletrônico,Divulgada no PNCP,M,,985833,PREFEITURA MUNICIPAL DE DUQUE DE CAXIAS -RJ,RJ,Duque de Caxias,"REGISTRO DE PREÇOS PARA FUTURA E EVENTUAL CONTRATAÇÃO DE EMPRESA ESPECIALIZADA EM LOCAÇÃO DE CAMA HOSPITALAR, MACAS DE TRANSPORTE E BERÇOS, conforme especificações e quantidades estabelecidas no Termo de Referência no Edital e seus Anexos.",20591700.0,2026-09-25T08:00:00,2026-10-15T09:00:00,29138328000150-1-000073/2026,https://cnetmobile.estaleiro.serpro.gov.br/comprasnet-web/public/compras/acompanhamento-compra?compra=98583305000452026,True,Aberto,29138328000150
6,Pregão - Eletrônico,Divulgada no PNCP,F,,120645,GRUPAMENTO DE APOIO DO GALEÃO,RJ,Rio de Janeiro,Contratação de serviço de manutenção de mobiliário,12398797.0,2026-09-30T09:00:00,2026-10-15T09:00:00,00394429000100-1-001949/2026,https://cnetmobile.estaleiro.serpro.gov.br/comprasnet-web/public/compras/acompanhamento-compra?compra=12064505002152026,True,Aberto-Fechado,00394429000100
6,Pregão - Eletrônico,Divulgada no PNCP,M,,450068,PREFEITURA MUNICIPAL DE VOLTA REDONDA-RJ,RJ,Volta Redonda,Aquisição de Micro Ônibus e Micro Ônibus Adaptado Para Atender às Necessidades da SMAS.,822264.05,2026-09-29T08:00:00,2026-10-15T09:00:00,32512501000143-1-000348/2026,https://cnetmobile.estaleiro.serpro.gov.br/comprasnet-web/public/compras/acompanhamento-compra?compra=45006805001952026,False,Aberto-Fechado,32512501000143
6,Pregão - Eletrônico,Divulgada no PNCP,M,,1,FIOTEC - FUNDACAO PARA O DESENVOLVIMENTO CIENTIFICO E TECNOLOGICO EM SAUDE,RJ,Rio de Janeiro,"Seleção pública para contratação de serviço de engenharia
visando à contratação de empresa especializada para
execução de serviços de recuperação do barramento blindado
(BUSWAY), com capacidade nominal de condução de 4000 A,
instalado entre a sala de painéis de baixa tensão da edificação
ETG-27 e o Centro Henrique Penna (CHP), no parque fabril de
Bio-Manguinhos/Fiocruz-RJ, conforme instrumento
convocatório e seus anexos.",0.0,2026-09-24T12:00:00,2026-10-15T09:00:00,02385669000174-1-001274/2026,https://bllcompras.com/Process/ProcessView?param1=[gkz]GRYzExiGRV7xFgnaCmLJSAOz3uw4rqNyoBQJNUHsaxWe8iV8GPuOVuZEShTzLk5QVBAwnzRaaINycOVmCgg_dmNZamdJWU5xYNHeYZ83koM=,False,Aberto,02385669000174
6,Pregão - Eletrônico,Divulgada no PNCP,M,,985847,PREFEITURA MUNICIPAL DE MACAE - RJ,RJ,Macaé,"Contratação de serviço de patrulhamento aéreo e terrestre de segurança pública, não tripulado, com operação inclusa, mediante a disponibilização, em regime de locação de aeronaves remotamente pilotadas (drones) de diferentes categorias, bases móveis terrestres e sala de monitoramento equipada, abrangendo todos os insumos, softwares, infraestrutura, manutenção preventiva e corretiva, seguros, suporte técnico, atualizações e demais recursos necessários",12474614.76,2026-09-25T13:20:00,2026-10-15T09:00:00,29115474000160-1-000645/2026,https://cnetmobile.estaleiro.serpro.gov.br/comprasnet-web/public/compras/acompanhamento-compra?compra=98584705006422026,True,Aberto,29115474000160
6,Pregão - Eletrônico,Divulgada no PNCP,M,,1195,FMS Barra Mansa,RJ,Barra Mansa,"REGISTRO DE PREÇOS PARA EVENTUAL CONTRATAÇÃO DE EMPRESA ESPECIALIZADA EM FORNECIMENTO, INSTALAÇÃO E CONFIGURAÇÃO DE CÂMERAS DE VIDEOMONITORAMENTO COM INTELIGÊNCIA ARTIFICIAL, CÂMERAS CONVENCIONAIS E CATRACAS DE CONTROLE DE ACESSO, INCLUINDO EQUIPAMENTOS, SOFTWARES E LICENÇAS",2426064.0,2026-09-29T17:30:00,2026-10-15T09:00:00,36507127000149-1-000205/2026,,True,Aberto,36507127000149
6,Pregão - Eletrônico,Divulgada no PNCP,F,,254420,FUNDACAO OSWALDO CRUZ/RJ,RJ,Rio de Janeiro," O objeto da presente licitação é a aquisição (SISPP) de equipamentos de produção, conforme condições, quantidades e exigências audiovisual para o Canal Saúde da Fiocruz estabelecidas neste Edital e seus anexos.",624695.25,2026-09-28T08:00:00,2026-10-15T09:00:00,33781055000135-1-001678/2026,https://cnetmobile.estaleiro.serpro.gov.br/comprasnet-web/public/compras/acompanhamento-compra?compra=25442005004762026,False,Aberto,33781055000135
6,Pregão - Eletrônico,Divulgada no PNCP,M,,926687,SERVICO AUTON DE AGUA E ESG DE VOLTA REDONDA,RJ,Volta Redonda,"O objeto da presente licitação é o RETESTE DE CILINDROS DE CLORO GÁS, conforme condições, quantidades e especificações contidas no Termo de Referência – ANEXO I deste edital.",14557.89,2026-09-29T08:00:00,2026-10-15T09:00:00,32504706000187-1-000107/2026,https://cnetmobile.estaleiro.serpro.gov.br/comprasnet-web/public/compras/acompanhamento-compra?compra=92668705002172026,False,Aberto-Fechado,32504706000187
6,Pregão - Eletrônico,Divulgada no PNCP,F,,910847,ELETROBRAS TERMONUCLEAR S/A,RJ,Rio de Janeiro,"BARRA REDONDA
",0.0,2026-10-02T08:00:00,2026-10-15T09:00:00,23274194000119-1-000108/2026,https://cnetmobile.estaleiro.serpro.gov.br/comprasnet-web/public/compras/acompanhamento-compra?compra=91084705000462026,False,Aberto,23274194000119
6,Pregão - Eletrônico,Divulgada no PNCP,M,,927761,SERVIÇO AUTONOMO HOSPITALAR DE VOLTA REDONDA,RJ,Volta Redonda,"O objeto da presente licitação é para a aquisição de fraldas e absorvente higiênico conforme condições, quantidades e exigências estabelecidas neste Edital e seus anexos. ",494096.0,2026-10-01T09:00:00,2026-10-15T09:00:00,29063294000182-1-000308/2026,https://cnetmobile.estaleiro.serpro.gov.br/comprasnet-web/public/compras/acompanhamento-compra?compra=92776105002592026,True,Aberto-Fechado,29063294000182
6,Pregão - Eletrônico,Divulgada no PNCP,M,,918,Barra Mansa,RJ,Barra Mansa,REGISTRO DE PREÇOS PARA EVENTUAL CONTRATAÇÃO DE EMPRESA ESPECIALIZADA EM SERVIÇOS DE LOCAÇÃO DE VEÍCULOS AUTOMOTORES SEM CONDUTOR E LOCAÇÃO DE VEÍCULOS COM POSTOS DEDICADOS DE MOTORISTAS.,11866983.84,2026-09-29T17:30:00,2026-10-15T09:00:00,28695658000184-1-000120/2026,,True,Aberto,28695658000184
6,Pregão - Eletrônico,Divulgada no PNCP,M,,926687,SERVICO AUTON DE AGUA E ESG DE VOLTA REDONDA,RJ,Volta Redonda,AQUISIÇÃO DE LEITE INTEGRAL UHT,240353.28,2026-10-01T08:00:00,2026-10-15T09:00:00,32504706000187-1-000109/2026,https://cnetmobile.estaleiro.serpro.gov.br/comprasnet-web/public/compras/acompanhamento-compra?compra=92668705002202026,False,Aberto-Fechado,32504706000187
6,Pregão - Eletrônico,Divulgada no PNCP,M,,982921,MRJ-PREFEITURA MUNICIPAL DE RIO DAS OSTRAS,RJ,Rio das Ostras,"A aquisição de quadros para as salas de aula das Unidades Escolares é uma medida necessária e urgente para garantir condições adequadas de ensino e aprendizagem. Muitos dos quadros atualmente disponíveis nas salas de aula encontram-se em estado de deterioração, com superfícies desgastadas, manchas permanentes, dificuldade de apagamento e estrutura comprometida, o que prejudica significativamente a visualização dos conteúdos pelos alunos e o desempenho dos professores em sala.",1629900.81,2026-09-30T13:00:00,2026-10-15T09:00:00,39223581000166-1-000110/2026,https://cnetmobile.estaleiro.serpro.gov.br/comprasnet-web/public/compras/acompanhamento-compra?compra=98292105006532026,True,Aberto-Fechado,39223581000166
6,Pregão - Eletrônico,Divulgada no PNCP,M,,450068,PREFEITURA MUNICIPAL DE VOLTA REDONDA-RJ,RJ,Volta Redonda,Aquisição de Veículos Utilitários,477256.25,2026-10-01T08:00:00,2026-10-15T09:00:00,32512501000143-1-000407/2026,https://cnetmobile.estaleiro.serpro.gov.br/comprasnet-web/public/compras/acompanhamento-compra?compra=45006805002592026,True,Aberto-Fechado,32512501000143
6,Pregão - Eletrônico,Divulgada no PNCP,M,,926850,FUNDO MUNICIPAL DE SAÚDE DE VOLTA REDONDA-RJ,RJ,Volta Redonda,1.1.	Aquisição de BOTTON MIC-KEY (Botão gástrico com balão).,12960.0,2026-09-30T16:00:00,2026-10-15T09:00:00,39563911000162-1-000201/2026,https://cnetmobile.estaleiro.serpro.gov.br/comprasnet-web/public/compras/acompanhamento-compra?compra=92685005001342026,False,Aberto-Fechado,39563911000162
6,Pregão - Eletrônico,Divulgada no PNCP,F,,765741,LABORATORIO FARMACEUTICO DA MARINHA/RJ,RJ,Rio de Janeiro,Aquisição de material permanente TIC para o Laboratório Farmacêutico da Marinha,409021.24,2026-10-01T08:00:00,2026-10-15T09:00:00,00394502000144-1-012797/2026,https://cnetmobile.estaleiro.serpro.gov.br/comprasnet-web/public/compras/acompanhamento-compra?compra=76574105000642026,True,Aberto-Fechado,00394502000144
6,Pregão - Eletrônico,Divulgada no PNCP,M,,926850,FUNDO MUNICIPAL DE SAÚDE DE VOLTA REDONDA-RJ,RJ,Volta Redonda,"Registro de preços para futura e eventual aquisição de produtos para saúde, para suprir as necessidades da Secretaria Municipal de Saúde/PMVR no atendimento de determinação judicial.",417704.04,2026-10-02T08:00:00,2026-10-15T09:00:00,39563911000162-1-000202/2026,https://cnetmobile.estaleiro.serpro.gov.br/comprasnet-web/public/compras/acompanhamento-compra?compra=92685005001332026,True,Aberto-Fechado,39563911000162
6,Pregão - Eletrônico,Divulgada no PNCP,M,,927492,FUNDO MUN DE SAUDE DE VASSOURAS - RJ,RJ,Vassouras,AQUISIÇÃO DE TESTES RÁPIDO PARA DETECÇÃO QUALITATIVA ESPECÍFICA DE ANTÍGENOS DE SARS-COV-2,0.0,2026-10-02T08:00:00,2026-10-15T09:00:00,11216262000104-1-000014/2026,https://cnetmobile.estaleiro.serpro.gov.br/comprasnet-web/public/compras/acompanhamento-compra?compra=92749205000082026,True,Aberto-Fechado,11216262000104
6,Pregão - Eletrônico,Divulgada no PNCP,M,,986001,MRJ-PREFEITURA MUNICIPAL DO RIO DE JANEIRO,RJ,Rio de Janeiro,"Registro de Preços aquisição de ferramentas automotivas linha pesada – A, novas e originais, para serviços de manutenção preventiva e corretiva da Frota de Articulados Operados pela Companhia Municipal de Transportes Coletivos - CMTC - (MOBI-Rio), devidamente descritos, caracterizados e especificados neste Edital e/ou no Termo de Referência, na forma da lei. ",0.0,2026-10-02T08:00:00,2026-10-15T09:00:00,42498733000148-1-002002/2026,https://cnetmobile.estaleiro.serpro.gov.br/comprasnet-web/public/compras/acompanhamento-compra?compra=98600105017472026,True,Aberto-Fechado,42498733000148
6,Pregão - Eletrônico,Divulgada no PNCP,F,,120195,CENTRO DE AQUISIÇÕES ESPECIFICAS,RJ,Rio de Janeiro,"Aquisição de materiais permanentes, via Ata de Registro de Preços, para apoio à manutenção dos sistemas de grupos-geradores (gruger), instalações elétricas e Uninterruptible Power Supply(UPS) do Prime",447269.39,2026-10-02T09:00:00,2026-10-15T09:00:00,00394429000100-1-000018/2027,https://cnetmobile.estaleiro.serpro.gov.br/comprasnet-web/public/compras/acompanhamento-compra?compra=12019505002702027,True,Aberto-Fechado,00394429000100
6,Pregão - Eletrônico,Divulgada no PNCP,E,,296100,FUNDO ESTADUAL DE SAÚDE,RJ,Rio de Janeiro,"1.1. O presente termo de referência tem por objetivo estabelecer as condições para fornecimento do(s) medicamento(s) MELILOTUS OFFICINALIS LAM. 22,25 MG COMPRIMIDO REVESTIDO, MELILOTUS OFFICINALIS LAM. 26,70 MG COMPRIMIDO REVESTIDO, MELILOTUS OFFICINALIS LAM. + AESCULUS HIPPOCASTANUM GEL FRASCO 150 G, BORAGO OFFICINALIS 900 MG CÁPSULA, GINKGO BILOBA L. 40 MG COMPRIMIDO REVESTIDO, GINKGO BILOBA L. 80 MG COMPRIMIDO REVESTIDO, GINKGO BILOBA L. 120 MG COMPRIMIDO REVESTIDO, BACOPA MONNIERI (EXTRATO SECO) 225 MG COMPRIMIDO REVESTIDO através do Pregão Eletrônico para Registro de Preços, visando suprir as necessidades da Assessoria de Mandados Judiciais da Secretaria de Estado de Saúde do Rio de Janeiro, de acordo com as condições e especificações constantes neste Termo de Referência e no Edital, sob a égide da Lei n° 14.133/2021.",0.0,2026-10-02T09:45:00,2026-10-15T09:00:00,42498600000171-1-004251/2026,https://www.compras.rj.gov.br/EditaisLicitacoes/detalhar.action?idLic=37536,True,Aberto,42498600000171
7,Pregão - Presencial,Divulgada no PNCP,M,,450068,PREFEITURA MUNICIPAL DE VOLTA REDONDA-RJ,RJ,Volta Redonda,Contratação de Empresa Especializada para o Fornecimento de Sistema Integrado de Videomonitoramento e Alarme Para Vias e Espaços Públicos no Município de Volta Redonda/RJ,390649.2,2026-09-29T08:00:00,2026-10-15T09:00:00,32512501000143-1-000405/2026,,True,Aberto-Fechado,32512501000143
6,Pregão - Eletrônico,Divulgada no PNCP,F,,254446,INSTITUTO DE TECNOLOGIA EM FARMACOS,RJ,Rio de Janeiro,Aquisição de Colunas Cromatográficas e Reagentes.,0.0,2026-09-10T08:00:00,2026-10-15T09:30:00,33781055000135-1-001540/2026,https://cnetmobile.estaleiro.serpro.gov.br/comprasnet-web/public/compras/acompanhamento-compra?compra=25444605008792026,False,Aberto-Fechado,33781055000135
6,Pregão - Eletrônico,Divulgada no PNCP,F,,740014,CENTRO LOGISTICO DO MATERIAL DA MARINHA,RJ,Rio de Janeiro,"Aquisição de appliances de firewall de próxima geração (NGFW), solução de gerenciamento centralizado, appliance de segurança industrial, licenças de funcionalidades de segurança para firewall, licenças de suporte e garantia do fabricante para novos equipamentos e para a base instalada, bem como subscrições de atualização e suporte para solução de prevenção de intrusões, destinados à manutenção, atualização e ampliação da infraestrutura de segurança da Rede de Comunicações Integrada da Marinha.",8399116.69,2026-10-02T09:30:00,2026-10-15T09:30:00,00394502000144-1-011868/2026,https://cnetmobile.estaleiro.serpro.gov.br/comprasnet-web/public/compras/acompanhamento-compra?compra=74001405001842026,True,Aberto-Fechado,00394502000144
6,Pregão - Eletrônico,Divulgada no PNCP,F,,765720,HOSPITAL NAVAL MARCILIO DIAS - MM,RJ,Rio de Janeiro,"Contratação serviço de enqenharia de readequação e modernização da infraestrutura principal da rede de ás natural do HOSPITAL NAVAL MARCÍLIO DIAS HNMD 
",453265.32,2026-09-25T08:00:00,2026-10-15T09:30:00,00394502000144-1-012437/2026,https://cnetmobile.estaleiro.serpro.gov.br/comprasnet-web/public/compras/acompanhamento-compra?compra=76572005001952026,False,Aberto-Fechado,00394502000144
6,Pregão - Eletrônico,Divulgada no PNCP,M,,1,PREFEITURA MUNICIPAL DE SÃO FRANCISCO DE ITABAPOANA,RJ,São Francisco de Itabapoana,"REGISTRO DE PREÇOS, VISANDO A FUTURA E EVENTUAL CONTRATAÇÃO DE EMPRESA, PARA SERVIÇOS DE RETÍFICA E PNEUMÁTICOS EM VEÍCULOS",0.0,2026-09-18T10:00:00,2026-10-15T09:59:00,01623783000122-1-000086/2026,https://bnccompras.com/Process/ProcessView?param1=[gkz]aRc6ZeaWDDmTJx53IQqWy42HBmqHgHObLu/WUdvOq_5eOk7leIrD3WaRZaETDgU3_ss4TsFKSEoPQVH9TS334PX0nY577JQD7vFj_udMxvU=,True,Aberto,01623783000122
4,Concorrência - Eletrônica,Divulgada no PNCP,M,,1,MUNICIPIO DE PETROPOLIS,RJ,Petrópolis,"Contratação de empresa especializada para execução de contenção em cortina atirantada na Rua Oliveira Bulhões - Roseiral - Petrópolis/RJ, conforme Lei 14.133/2021.",866515.68,2026-08-24T15:00:00,2026-10-15T10:00:00,29138344000143-1-000267/2026,https://bllcompras.com/Process/ProcessView?param1=[gkz]j5eR04ceEi8L2uIKKzYEyeOOzc0A/_kocOOJOYglYTcwE2yXrMquaSGC/tCuq4KYvPRQagFl/oq6aGyi_GcKGlNmgpLCjrmeggNZrzceqds=,False,Aberto,29138344000143
4,Concorrência - Eletrônica,Divulgada no PNCP,M,,311,MUNICÍPIO DE SAPUCAIA/RJ,RJ,Sapucaia,"[LICITANET] - Contratação de empresa especializada para a execução de obra de Construção da Creche de Educação Infantil, com nome de Creche do Pião, Sapucaia/RJ – FNDE – para a Creche Tipo 2, à Rua Jovino Gonçalves Corguinha, s/n - Vila do Pião, 5º Distrito de Sapucaia/RJ.",4695136.84,2026-09-29T10:13:17,2026-10-15T10:00:00,29138393000186-1-000043/2026,https://licitanet.com.br/sessao/203121,False,Aberto,29138393000186
6,Pregão - Eletrônico,Divulgada no PNCP,M,,3499,MUNICÍPIO DE SAQUAREMA/RJ,RJ,Saquarema,"[LICITANET] - Registro de Preços para eventual e futura contratação sob demanda de empresa especializada na prestação de serviços de locação de trios elétricos de pequeno, médio e grande porte, para atender as demandas da Secretaria Municipal de Esporte, Lazer e Turismo, do Município de Saquarema/RJ, em eventos a serem
realizados ao longo de 12 (doze) meses",969986.76,2026-09-29T09:41:22,2026-10-15T10:00:00,32147670000121-1-000049/2026,https://licitanet.com.br/sessao/177708,True,Aberto,32147670000121
6,Pregão - Eletrônico,Divulgada no PNCP,F,,179083,CASA DA MOEDA DO BRASIL/MF,RJ,Rio de Janeiro,AQUISIÇAO DE PAPEL OFFSET COLORIDO,0.0,2026-10-01T15:35:00,2026-10-15T10:00:00,34164319000174-1-000178/2026,https://cnetmobile.estaleiro.serpro.gov.br/comprasnet-web/public/compras/acompanhamento-compra?compra=17908305001372026,False,Aberto,34164319000174
6,Pregão - Eletrônico,Divulgada no PNCP,F,,399008,PORTOSRIO AUTORIDADE PORTUÁRIA,RJ,Rio de Janeiro,Prestação dos serviços de controle populacional de pombos para o Porto do Rio de Janeiro e áreas administrativas do seu entorno (Sede da Guarda Portuária) e o Porto de Itaguaí,555840.0,2026-09-23T08:00:00,2026-10-15T10:00:00,49582441000138-1-000036/2026,https://cnetmobile.estaleiro.serpro.gov.br/comprasnet-web/public/compras/acompanhamento-compra?compra=39900805000262026,False,Aberto,49582441000138
6,Pregão - Eletrônico,Divulgada no PNCP,M,,7779,SECRETARIA MUNICIPAL DE EDUCAÇÃO,RJ,Conceição de Macabu,[Portal de Compras Públicas] - Futura e eventual aquisição de Materiais de higiene infantil para atender as necessidades das unidades escolares pertencentes a Secretaria Municipal de Educação.,601286.85,2026-09-24T10:00:00,2026-10-15T10:00:00,29115466000114-1-000145/2026,https://www.portaldecompraspublicas.com.br/processos/RJ/Prefeitura-Municipal-de-Conceicao-de-Macabu-2900/RPE-054-2026-2026-505496,True,Aberto,29115466000114
6,Pregão - Eletrônico,Divulgada no PNCP,F,,389177,CONSELHO REGIONAL DE MEDICINA ES.R.DE JANEIRO,RJ,Rio de Janeiro,"Contratação de empresa especializada para a prestação continuada de serviços de plano de assistência odontológica, com cobertura, rede de atendimento e demais condições estabelecidas no Termo de Referência, destinado aos funcionários, jovens aprendizes e estagiários do CREMERJ, bem como aos seus dependentes e agregados, observadas as regras de elegibilidade e adesão, conforme Edital",76938.6,2026-09-28T08:00:00,2026-10-15T10:00:00,31027527000133-1-000054/2026,https://cnetmobile.estaleiro.serpro.gov.br/comprasnet-web/public/compras/acompanhamento-compra?compra=38917705000422026,False,Aberto,31027527000133
6,Pregão - Eletrônico,Divulgada no PNCP,M,,985867,PREFEITURA MUNICIPAL DE NOVA FRIBURGO - RJ,RJ,Nova Friburgo,"CONTRATAÇÃO de empresa especializada em LOCAÇÃO DE VEÍCULOS, para atender as necessidades da Secretaria de Desenvolvimento Social e Direitos Humanos, pelo período de 02 (dois) anos.",1606126.32,2026-09-29T08:00:00,2026-10-15T10:00:00,28606630000123-1-000124/2026,https://cnetmobile.estaleiro.serpro.gov.br/comprasnet-web/public/compras/acompanhamento-compra?compra=98586705000782026,False,Aberto-Fechado,28606630000123
6,Pregão - Eletrônico,Divulgada no PNCP,M,,926946,PREFEITURA MUNICIPAL DE SÃO GONÇALO-RJ,RJ,São Gonçalo,Aquisição de uniformes (grupos 08 e 09) e kits de material escolar (grupos 01 a 07)  para atender a demanda nas unidades escolares de ensino da rede do município de São Gonçalo – RJ.,72829551.61,2026-10-01T09:00:00,2026-10-15T10:00:00,28636579000100-1-000042/2026,https://cnetmobile.estaleiro.serpro.gov.br/comprasnet-web/public/compras/acompanhamento-compra?compra=92694605000222026,True,Aberto,28636579000100
6,Pregão - Eletrônico,Divulgada no PNCP,M,,986001,MRJ-PREFEITURA MUNICIPAL DO RIO DE JANEIRO,RJ,Rio de Janeiro,"Registro de preços para prestação de serviços de conserto, reparo e recondicionamento de Tubo Sanfonado do Escape para veículos Mercedes Benz, modelo O500 Euros 5 e 6, para manutenção preventiva e corretiva da Frota de Articulados Operados pela MOBI-Rio, conforme descrito, caracterizado e especificado neste Edital e/ou no Termo de Referência.",0.0,2026-09-30T08:00:00,2026-10-15T10:00:00,42498733000148-1-001970/2026,https://cnetmobile.estaleiro.serpro.gov.br/comprasnet-web/public/compras/acompanhamento-compra?compra=98600105017182026,True,Aberto-Fechado,42498733000148
6,Pregão - Eletrônico,Divulgada no PNCP,M,,986001,MRJ-PREFEITURA MUNICIPAL DO RIO DE JANEIRO,RJ,Rio de Janeiro,"Prestação de Serviços de retirada e transporte de resíduos dos sistemas de fossas sépticas das garagens, estações e terminais da MOBI-Rio, sob demanda, pelo período de 12 (doze) meses, conforme descrito, caracterizado e especificado neste Termo de Referência.",0.0,2026-09-30T08:00:00,2026-10-15T10:00:00,42498733000148-1-001973/2026,https://cnetmobile.estaleiro.serpro.gov.br/comprasnet-web/public/compras/acompanhamento-compra?compra=98600105017022026,False,Aberto-Fechado,42498733000148
6,Pregão - Eletrônico,Divulgada no PNCP,M,,460961,FUNDO MUNICIPAL DE SAUDE DE NOVA IGUAÇU - RJ,RJ,Nova Iguaçu,"Registro de preços para contratação de empresa especializada para a aquisição de Resmas de Papel A4, para atender as necessidades da Secretaria Municipal de Saúde de Nova Iguaçu, pelo período de 12 meses, conforme descrito e especificado no Termo de Referência, anexo do Edital.",269880.0,2026-09-30T08:00:00,2026-10-15T10:00:00,10497795000149-1-000019/2026,https://cnetmobile.estaleiro.serpro.gov.br/comprasnet-web/public/compras/acompanhamento-compra?compra=46096105000062026,True,Aberto,10497795000149
6,Pregão - Eletrônico,Divulgada no PNCP,M,,2881,MUNICIPIO DE ARARUAMA - RJ ,RJ,Araruama,"[LICITANET] - Aquisição de 01 (um) caminhão toco novo, zero quilômetro assim entendido como veículo novo, sem registro e sem licenciamento anterior, observado o conceito adotado pela legislação de trânsito vigente, equipado com carroceria tipo baú fechada, destinado ao transporte de materiais pedagógicos, mobiliários, equipamentos, gêneros alimentícios, produtos de limpeza e demais insumos utilizados no abastecimento das unidades escolares da rede municipal de ensino, visando atender às necessidades da Secretaria Municipal de Educação do Município de Araruama.",473059.66,2026-09-30T13:55:19,2026-10-15T10:00:00,28531762000133-1-000098/2026,https://licitanet.com.br/sessao/203357,False,Aberto,28531762000133
6,Pregão - Eletrônico,Divulgada no PNCP,M,,927152,FUNDO MUNICIPAL DE SAUDE DE MACAE - RJ,RJ,Macaé,"Aquisição de materiais específicos para uso em procedimentos cirúrgicos de traumatologia bucomaxilofacial, com locação de caixa de instrumentação com profissional instrumentador, visando atender as necessidades dos pacientes atendidos pelo Serviço Bucomaxilofacial, do Hospital Público Municipal Dr. Fernando Pereira da Silva- HPM, vinculado à Secretaria Executiva de Alta e Média Complexidade - SEAMC.",465291.33,2026-10-01T08:00:00,2026-10-15T10:00:00,11308894000106-1-000124/2026,https://cnetmobile.estaleiro.serpro.gov.br/comprasnet-web/public/compras/acompanhamento-compra?compra=92715205000792026,False,Aberto,11308894000106
6,Pregão - Eletrônico,Divulgada no PNCP,M,,985867,PREFEITURA MUNICIPAL DE NOVA FRIBURGO - RJ,RJ,Nova Friburgo,"REGISTRO DE PREÇOS para futura e eventual aquisição, sob demanda, de MATERIAIS/INSUMOS PARA COMPOR O SERVIÇO DE UROLOGIA DO HOSPITAL MUNICIPAL RAUL SERTÃ, pelo período de 01 (um) ano.",1823379.82,2026-10-01T08:00:00,2026-10-15T10:00:00,28606630000123-1-000126/2026,https://cnetmobile.estaleiro.serpro.gov.br/comprasnet-web/public/compras/acompanhamento-compra?compra=98586705000752026,True,Aberto-Fechado,28606630000123
6,Pregão - Eletrônico,Divulgada no PNCP,F,,153010,MEC-CEFET-CENT.FED.ED.TEC.CELSO S.FONSECA/RJ,RJ,Rio de Janeiro,"Aquisição de materiais de consumo de laboratórios visando atender às necessidades das diversas disciplinas experimentais das aulas de graduação, ligadas a Coordenação de Disciplinas Básicas e Gerais, e dos laboratórios dos Cursos de Engenharia Elétrica e de Engenharia Mecânica, do Campus Angra dos Reis do CEFET/RJ.",40186.83,2026-10-01T08:00:00,2026-10-15T10:00:00,42441758000105-1-000165/2026,https://cnetmobile.estaleiro.serpro.gov.br/comprasnet-web/public/compras/acompanhamento-compra?compra=15301005001082026,False,Aberto,42441758000105
6,Pregão - Eletrônico,Divulgada no PNCP,F,,120669,BASE AéREA DE SANTA CRUZ,RJ,Rio de Janeiro,Aquisição de materiais permanentes para o GSD-SC,269329.3,2026-10-02T10:00:00,2026-10-15T10:00:00,00394429000100-1-002526/2026,https://cnetmobile.estaleiro.serpro.gov.br/comprasnet-web/public/compras/acompanhamento-compra?compra=12066905000822026,True,Aberto-Fechado,00394429000100
6,Pregão - Eletrônico,Divulgada no PNCP,F,,771300,CENTRO DE OBTENCAO DA MARINHA/RJ,RJ,Rio de Janeiro,AQUISIÇÃO DE COMBUSTÍVEIS AUTOMOTIVO PARA TODOS OS CAMs,62262850.0,2026-10-01T08:00:00,2026-10-15T10:00:00,00394502000144-1-012796/2026,https://cnetmobile.estaleiro.serpro.gov.br/comprasnet-web/public/compras/acompanhamento-compra?compra=77130005000362026,False,Aberto,00394502000144
6,Pregão - Eletrônico,Divulgada no PNCP,M,,986001,MRJ-PREFEITURA MUNICIPAL DO RIO DE JANEIRO,RJ,Rio de Janeiro,"REGISTRO DE PREÇOS para aquisição de Medicamentos do Grupo IV - Sistema Esquelético, Sistema Respiratório, Analgésicos, Anti-inflamatórios, Corticoides, Antipiréticos e Relaxante Muscular, devidamente descritos, caracterizados e especificados neste Edital e/ou no Termo de Referência, na forma da lei",4462241.0,2026-10-02T08:00:00,2026-10-15T10:00:00,42498733000148-1-001999/2026,https://cnetmobile.estaleiro.serpro.gov.br/comprasnet-web/public/compras/acompanhamento-compra?compra=98600105017432026,False,Aberto,42498733000148
6,Pregão - Eletrônico,Divulgada no PNCP,M,,986001,MRJ-PREFEITURA MUNICIPAL DO RIO DE JANEIRO,RJ,Rio de Janeiro,"REGISTRO DE PREÇOS para aquisição de Longarinas com montagem de peças, devidamente descritos, caracterizados e especificados neste Edital e/ou no Termo de Referência, na forma da lei.",782238.0,2026-10-02T08:00:00,2026-10-15T10:00:00,42498733000148-1-002001/2026,https://cnetmobile.estaleiro.serpro.gov.br/comprasnet-web/public/compras/acompanhamento-compra?compra=98600105017442026,False,Aberto,42498733000148
6,Pregão - Eletrônico,Divulgada no PNCP,M,,296,Fundo Municipal de Saúde de Itatiaia - RJ,RJ,Itatiaia,"REGISTRO DE PREÇOS PARA AQUISIÇÃO E INSTALAÇÃO DE CORTINAS HOSPITALARES NOVAS, DESTINADAS A ATENDER ÀS NECESSIDADES DO HOSPITAL MUNICIPAL DR. MANOEL MARTINS DE BARROS, POR MEIO DA SECRETARIA MUNICIPAL DE SAÚDE, PELO PERÍODO DE 12 (DOZE) MESES",97576.77,2026-10-02T08:00:00,2026-10-15T10:00:00,10476365000140-1-000038/2026,https://bnccompras.com/Process/ProcessView?param1=[gkz]kGMbyqdneDLAnlW/ht5p1b9TZCvzntL1tQknzbASs2a1bERxt/JG0SE2TBMOgVB0iXe4J_U1dSCUUESxKgwpl_w05DPdy2iiNeGr3o_vYjY=,True,Aberto,10476365000140
6,Pregão - Eletrônico,Divulgada no PNCP,M,,982909,MRJ-PREFEITURA MUNICIPAL DE BELFORD ROXO,RJ,Belford Roxo,"EVENTUAL E FUTURA AQUISIÇÃO DE CONJUNTOS DIDÁTICOS INTEGRADOS PARA A EDUCAÇÃO INFANTIL, COMPOSTO POR LIVROS DESTINADOS AOS ALUNOS E PROFESSORES, BEM COMO EDUCAÇÃO CONTINUADA PARA DOCENTES E GESTORES ESCOLARES DA REDE PÚBLICA MUNICIPAL DE ENSINO DE BELFORD ROXO.",5252146.29,2026-10-02T08:00:00,2026-10-15T10:00:00,39485438000142-1-000051/2026,https://cnetmobile.estaleiro.serpro.gov.br/comprasnet-web/public/compras/acompanhamento-compra?compra=98290905000322026,True,Aberto,39485438000142
6,Pregão - Eletrônico,Divulgada no PNCP,F,,771300,CENTRO DE OBTENCAO DA MARINHA/RJ,RJ,Rio de Janeiro,Aquisição de Viaturas para a Marinha do Brasil ,156063703.0,2026-10-02T08:00:00,2026-10-15T10:00:00,00394502000144-1-012915/2026,https://cnetmobile.estaleiro.serpro.gov.br/comprasnet-web/public/compras/acompanhamento-compra?compra=77130005000252026,True,Aberto-Fechado,00394502000144
6,Pregão - Eletrônico,Divulgada no PNCP,F,,250103,HOSPITAL GERAL DE IPANEMA,RJ,Rio de Janeiro,"Desinfetante químico de Alto nível em estado líquido pronto pra uso,composição de peróxido de hidrogênio a 2%,destinado para utilização por profissionais de saude para dispositivos médicos semicríticos por imersão.",420792.0,2026-10-02T08:00:00,2026-10-15T10:00:00,00394544000185-1-002157/2026,https://cnetmobile.estaleiro.serpro.gov.br/comprasnet-web/public/compras/acompanhamento-compra?compra=25010305004472026,True,Aberto-Fechado,00394544000185
6,Pregão - Eletrônico,Divulgada no PNCP,F,,771300,CENTRO DE OBTENCAO DA MARINHA/RJ,RJ,Rio de Janeiro,Aquisição de gêneros secos PE 90036/2026,90240898.78,2026-10-02T08:00:00,2026-10-15T10:00:00,00394502000144-1-012916/2026,https://cnetmobile.estaleiro.serpro.gov.br/comprasnet-web/public/compras/acompanhamento-compra?compra=77130005000182026,True,Aberto-Fechado,00394502000144
6,Pregão - Eletrônico,Divulgada no PNCP,F,,771300,CENTRO DE OBTENCAO DA MARINHA/RJ,RJ,Rio de Janeiro,Processo_90103_2026_Itens de Marinharia,11514488.76,2026-10-02T08:00:00,2026-10-15T10:00:00,00394502000144-1-012917/2026,https://cnetmobile.estaleiro.serpro.gov.br/comprasnet-web/public/compras/acompanhamento-compra?compra=77130005000292026,True,Aberto-Fechado,00394502000144
6,Pregão - Eletrônico,Divulgada no PNCP,F,,114637,CENTRO DE DOCUMENTAçãO E DISSEMINAçãO DE INF,RJ,Rio de Janeiro,"Registro de preços para aquisição de calças conversíveis em bermudas e bonés do tipo legionário (estilo touca árabe) a serem utilizados pelos agentes censitários na operação do 12º Censo Agropecuário, Florestal e Aquícola - CAFA.",14089400.0,2026-10-02T08:00:00,2026-10-15T10:00:00,33787094000140-1-000454/2026,https://cnetmobile.estaleiro.serpro.gov.br/comprasnet-web/public/compras/acompanhamento-compra?compra=11463705000692026,True,Aberto,33787094000140
6,Pregão - Eletrônico,Divulgada no PNCP,F,,764200,SERVICO DE VETERANOS E PENSIONISTAS DA MARINH,RJ,Rio de Janeiro,"Aquisição de equipamentos de refrigeração, ferramentas específicas, materiais elétricos e hidraulicos, visando atender o Serviço de Veteranos e Pensionistas da Marinha (SVPM), nos termos da tabela abaixo, conforme condições e exigências estabelecidas neste instrumento.",543996.6,2026-10-02T10:00:00,2026-10-15T10:00:00,00394502000144-1-012919/2026,https://cnetmobile.estaleiro.serpro.gov.br/comprasnet-web/public/compras/acompanhamento-compra?compra=76420005000732026,True,Aberto-Fechado,00394502000144
6,Pregão - Eletrônico,Divulgada no PNCP,E,,296100,FUNDO ESTADUAL DE SAÚDE,RJ,Rio de Janeiro,"O presente termo de referência tem por objetivo estabelecer as condições para fornecimento do(s) medicamento(s): SULFATO DE GLICOSAMINA 500 MG + SULFATO DE CONDROITINA 400 MG CÁPSULA através do Pregão Eletrônico para Registro de Preços, visando suprir as necessidades da Assessoria de Mandados Judiciais da Secretaria de Estado de Saúde do Rio de Janeiro, de acordo com as condições e especificações constantes neste Termo de Referência e no Edital, sob a égide da Lei n° 14.133/2021.",0.0,2026-10-02T09:39:00,2026-10-15T10:00:00,42498600000171-1-004250/2026,https://www.compras.rj.gov.br/EditaisLicitacoes/detalhar.action?idLic=37535,True,Aberto,42498600000171
6,Pregão - Eletrônico,Divulgada no PNCP,E,,296100,FUNDO ESTADUAL DE SAÚDE,RJ,Rio de Janeiro,"O presente termo de referência tem por objetivo estabelecer as condições para fornecimento do(s) medicamento(s): FAMPRIDINA 10 MG COMPRIMIDO REVESTIDO LIBERAÇÃO PROLONGADA através do Pregão Eletrônico para Registro de Preços, visando suprir as necessidades da Assessoria de Mandados Judiciais da Secretaria de Estado de Saúde do Rio de Janeiro, de acordo com as condições e especificações constantes neste Termo de Referência e no Edital, sob a égide da Lei n° 14.133/2021.",0.0,2026-10-02T09:58:00,2026-10-15T10:00:00,42498600000171-1-004252/2026,https://www.compras.rj.gov.br/EditaisLicitacoes/detalhar.action?idLic=37537,True,Aberto,42498600000171
6,Pregão - Eletrônico,Divulgada no PNCP,E,,296100,FUNDO ESTADUAL DE SAÚDE,RJ,Rio de Janeiro,"O presente termo de referência tem por objetivo estabelecer as condições para fornecimento do(s) medicamento(s): MAVACANTENO 5 MG CÁPSULA DURA através do Pregão Eletrônico para Registro de Preços, visando suprir as necessidades da Assessoria de Mandados Judiciais da Secretaria de Estado de Saúde do Rio de Janeiro, de acordo com as condições e especificações constantes neste Termo de Referência e no Edital, sob a égide da Lei n° 14.133/2021.",0.0,2026-10-02T10:15:00,2026-10-15T10:00:00,42498600000171-1-004254/2026,https://www.compras.rj.gov.br/EditaisLicitacoes/detalhar.action?idLic=37539,True,Aberto,42498600000171
6,Pregão - Eletrônico,Divulgada no PNCP,F,,250105,HOSPITAL FEDERAL DA LAGOA - RJ,RJ,Rio de Janeiro,"O objeto da presente licitação é a escolha de proposta mais vantajosa para a aquisição de Medicamentos Sob Demanda, totalizando 43 (quarenta e três) itens, para atender as demandas do Hospital Federal da Lagoa (gerenciador) e Hospital Federal de Ipanema (participante), conforme condições, quantidades e exigências estabelecidas neste Edital e seus anexos.",9285562.64,2026-10-05T10:00:00,2026-10-15T10:00:00,00394544000185-1-002170/2026,https://cnetmobile.estaleiro.serpro.gov.br/comprasnet-web/public/compras/acompanhamento-compra?compra=25010505002232026,True,Aberto,00394544000185
6,Pregão - Eletrônico,Divulgada no PNCP,M,,986001,MRJ-PREFEITURA MUNICIPAL DO RIO DE JANEIRO,RJ,Rio de Janeiro,"REGISTRO DE PREÇOS PARA AQUISIÇÃO DE COMPONENTES DE INFORMÁTICA, FERRAMENTAS E EQUIPAMENTOS - B, conforme descrito, caracterizado e especificado neste Termo de Referência.
",0.0,2026-10-01T08:00:00,2026-10-15T10:01:00,42498733000148-1-001992/2026,https://cnetmobile.estaleiro.serpro.gov.br/comprasnet-web/public/compras/acompanhamento-compra?compra=98600105017072026,True,Aberto-Fechado,42498733000148
4,Concorrência - Eletrônica,Divulgada no PNCP,M,,986001,MRJ-PREFEITURA MUNICIPAL DO RIO DE JANEIRO,RJ,Rio de Janeiro,"Intervenções urgentes e pontuais nas AP-3.3, 3.5 e 3.6, localizadas na Coordenação de Obras e Conservação Norte/Oeste",4497742.25,2026-08-27T10:00:00,2026-10-15T10:30:00,42498733000148-1-001757/2026,https://cnetmobile.estaleiro.serpro.gov.br/comprasnet-web/public/compras/acompanhamento-compra?compra=98600103013652026,False,Aberto-Fechado,42498733000148
6,Pregão - Eletrônico,Divulgada no PNCP,F,,203003,AGENCIA NACIONAL DO CINEMA - PR,RJ,Rio de Janeiro,"Contratação de solução de tecnologia da informação e comunicação de fornecimento de subscrição de licenças de uso de softwares do tipo suíte de escritório, serviços de computação em nuvem Microsoft Azure e de aplicações diversas, sob o modelo de licenciamento Enterprise Agreement Subscription (EAS), pelo período de 36 (trinta e seis) meses, conforme o Catálogo de Soluções de TIC com Condições Padronizadas (Microsoft, versão 6.0.0).",5924641.02,2026-09-30T10:00:00,2026-10-15T10:40:00,04884574000120-1-000042/2026,https://cnetmobile.estaleiro.serpro.gov.br/comprasnet-web/public/compras/acompanhamento-compra?compra=20300305000722026,False,Aberto,04884574000120
6,Pregão - Eletrônico,Divulgada no PNCP,E,,240100,SEC DE EST DO AMBIENT E SUSTENTABILIDADE,RJ,Rio de Janeiro,"Contratação de serviços de confecção, fornecimento e administração de 227 (duzentos e vinte e sete) cartões de vale alimentação/refeição e/ou flex, com tecnologia de chip, incluindo cargas e recargas na modalidade online.",2856568.0,2026-10-01T08:00:00,2026-10-15T10:50:00,42498600000171-1-004220/2026,https://www.compras.rj.gov.br/EditaisLicitacoes/detalhar.action?idLic=37520,False,Aberto,42498600000171
4,Concorrência - Eletrônica,Divulgada no PNCP,M,,982913,PREFEITURA MUNICIPAL DE JAPERI - RJ,RJ,Japeri,"O objeto da presente licitação é a Contratação de firma especializada no ramo de
construção civil para obras de Reforma e Ampliação em Quadras Poliesportivas dos
COLÉGIOS MUNICIPAIS, PASTOR ARISTIDES, PASTOR TARSO, TÂNIA MARA,
DARCILIO AYRES localizadas no
Município de Japeri - RJ.",1636627.43,2026-09-21T17:00:00,2026-10-15T10:59:00,39485396000140-1-000053/2026,https://cnetmobile.estaleiro.serpro.gov.br/comprasnet-web/public/compras/acompanhamento-compra?compra=98291303000292026,False,Aberto,39485396000140
6,Pregão - Eletrônico,Divulgada no PNCP,M,,928417,FUNDO MUNICIPAL DE SAUDE DE JAPERI - RJ,RJ,Japeri,"CONTRATAÇÃO DE EMPRESA ESPECIALIZADA PARA FORNECIMENTO DE EQUIPAMENTOS E MATERIAIS PERMANENTES, POR MEIO DA EMENDA PARLAMENTAR Nº 50410003 e EMENDA PARLAMENTAR Nº 43110004, DESTINADOS AO ATENDIMENTO DAS NECESSIDADES DA SECRETARIA MUNICIPAL DE SAÚDE DE JAPERI",477829.49,2026-09-25T17:30:00,2026-10-15T10:59:00,11294684000106-1-000018/2026,https://cnetmobile.estaleiro.serpro.gov.br/comprasnet-web/public/compras/acompanhamento-compra?compra=92841705000172026,False,Aberto,11294684000106
6,Pregão - Eletrônico,Divulgada no PNCP,M,,927827,FUNDAÇAO ESTATAL DE SAÚDE DE NITERÓI - RJ,RJ,Niterói,"Aquisição, por meio do Sistema de Registro de Preços, de insumos odontológicos, para atender a demanda institucional da Fundação Estatal de Saúde de Niterói (FeSaúde)",286254.35,2026-09-30T17:00:00,2026-10-15T10:59:00,34906284000100-1-000046/2026,https://cnetmobile.estaleiro.serpro.gov.br/comprasnet-web/public/compras/acompanhamento-compra?compra=92782705000332026,True,Aberto,34906284000100
6,Pregão - Eletrônico,Divulgada no PNCP,E,,925464,TRIBUNAL DE CONTAS DO ESTADO DO R. DE JANEIRO,RJ,Rio de Janeiro,"Prestação de serviço de seguro patrimonial multirrisco, com coberturas, Limites Máximos de Indenização - LMI e franquias definidas dos bens imóveis e móveis incorporados às edificações que compõem a estrutura administrativa e operacional do Tribunal de Contas do Estado do Rio de Janeiro – TCE-RJ (exceto veículos), conforme condições, quantidades e especificações contidas no TERMO DE REFERÊNCIA – ANEXO I do edital.",91645.97,2026-09-30T09:00:00,2026-10-15T11:00:00,30051023000196-1-000164/2026,https://cnetmobile.estaleiro.serpro.gov.br/comprasnet-web/public/compras/acompanhamento-compra?compra=92546405001502026,False,Aberto-Fechado,30051023000196
6,Pregão - Eletrônico,Divulgada no PNCP,F,,070017,TRIBUNAL REGIONAL ELEITORAL DO RIO DE JANEIRO,RJ,Rio de Janeiro,"Prestação de serviço de acesso à internet com o fornecimento de todos os insumos físicos e lógicos (“hardwares” e “softwares”), necessários à instalação, operação e manutenção, serviço de gerenciamento proativo contra falhas, e serviços de proteção contra ataques distribuídos de negação de serviços (DDoS), pelo prazo de 30 meses.",240000.0,2026-09-29T11:00:00,2026-10-15T11:00:00,06170517000105-1-000132/2026,https://cnetmobile.estaleiro.serpro.gov.br/comprasnet-web/public/compras/acompanhamento-compra?compra=07001705002352026,False,Aberto,06170517000105
6,Pregão - Eletrônico,Divulgada no PNCP,F,,070017,TRIBUNAL REGIONAL ELEITORAL DO RIO DE JANEIRO,RJ,Rio de Janeiro,"Aquisição de materiais de consumo do catálogo da Seção de Almoxarifado. Demais especificações e exigências constam no Termo de Referência - Anexo I do Edital.
",714484.26,2026-09-30T08:00:00,2026-10-15T11:00:00,06170517000105-1-000133/2026,https://cnetmobile.estaleiro.serpro.gov.br/comprasnet-web/public/compras/acompanhamento-compra?compra=07001705002362026,False,Aberto-Fechado,06170517000105
6,Pregão - Eletrônico,Divulgada no PNCP,M,,986001,MRJ-PREFEITURA MUNICIPAL DO RIO DE JANEIRO,RJ,Rio de Janeiro,"Contratação de empresa especializada para a locação continuada de 01 (um) carrinho elétrico, novo com capacidade para 02 (dois) ocupantes e caçamba de carga, sem condutor, pelo prazo de 24 (vinte e quatro) meses, incluindo entrega, retirada ao término, treinamento operacional, manutenção preventiva e corretiva, assistência técnica, peças, componentes, baterias, carregador, pneus, transporte, seguros e todos os demais insumos necessários à disponibilidade integral do veículo, conforme condições d",93600.0,2026-09-30T12:00:00,2026-10-15T11:00:00,42498733000148-1-001989/2026,https://cnetmobile.estaleiro.serpro.gov.br/comprasnet-web/public/compras/acompanhamento-compra?compra=98600105016562026,False,Aberto-Fechado,42498733000148
6,Pregão - Eletrônico,Divulgada no PNCP,M,,2881,MUNICIPIO DE ARARUAMA - RJ ,RJ,Araruama,"[LICITANET] - Aquisição de 01 (uma) embarcação motorizada própria, em casco de fibra de vidro e pronta para uso institucional, acompanhada de 01 (uma) carreta rodoviária compatível, destinada ao transporte seguro do bem",68745.29,2026-09-30T16:35:23,2026-10-15T11:00:00,28531762000133-1-000099/2026,https://licitanet.com.br/sessao/203411,False,Aberto,28531762000133
6,Pregão - Eletrônico,Divulgada no PNCP,F,,250059,INSTITUTO NACIONAL DE CARDIOLOGIA,RJ,Rio de Janeiro,Aquisição de Selante Cirúrgico Sintético.,339303.2,2026-10-02T08:00:00,2026-10-15T11:00:00,00394544000185-1-000031/2027,https://cnetmobile.estaleiro.serpro.gov.br/comprasnet-web/public/compras/acompanhamento-compra?compra=25005905001962027,False,Aberto,00394544000185
6,Pregão - Eletrônico,Divulgada no PNCP,E,,296100,FUNDO ESTADUAL DE SAÚDE,RJ,Rio de Janeiro,AQUISIÇÃO DE MEDICAMENTOS.,0.0,2026-10-02T10:10:00,2026-10-15T11:00:00,42498600000171-1-004253/2026,https://www.compras.rj.gov.br/EditaisLicitacoes/detalhar.action?idLic=37538,True,Aberto,42498600000171
6,Pregão - Eletrônico,Divulgada no PNCP,E,,296100,FUNDO ESTADUAL DE SAÚDE,RJ,Rio de Janeiro,"O presente termo de referência tem por objetivo estabelecer as condições para fornecimento do(s) medicamento(s) PASSIFLORA INCARNATA 360 MG COMPRIMIDO REVESTIDO, PASSIFLORA INCARNATA 857 MG COMPRIMIDO REVESTIDO, PASSIFLORA INCARNATA 600 MG COMPRIMIDO REVESTIDO, PASSIFLORA INCARNATA 260 MG COMPRIMIDO REVESTIDO, PASSIFLORA INCARNATA 100 MG + CRATAEGUS OXYACANTHA 30 MG + SALIX ALBA 100 MG COMPRIMIDO REVESTIDO e PASSIFLORA INCARNATA 37,84 MG/ML SOLUÇÃO ORAL através do Pregão Eletrônico para Registro de Preços, visando suprir as necessidades da Assessoria de Mandados Judiciais da Secretaria de Estado de Saúde do Rio de Janeiro, de acordo com as condições e especificações constantes neste Termo de Referência e no Edital, sob a égide da Lei n° 14.133/2021.",0.0,2026-10-02T10:21:00,2026-10-15T11:00:00,42498600000171-1-004255/2026,https://www.compras.rj.gov.br/EditaisLicitacoes/detalhar.action?idLic=37540,True,Aberto,42498600000171
6,Pregão - Eletrônico,Divulgada no PNCP,F,,090028,TRIBUNAL REGIONAL FEDERAL DA 2A. REGIAO,RJ,Rio de Janeiro,"Contratação de licença anual de plataforma digital para publicação, hospedagem e disponibilização de conteúdo institucional em formato de revista digital interativa, destinada à veiculação da newsletter ‘Vitral Cultural’ e demais publicações institucionais do Centro Cultural Justiça Federal - CCJF",7044.96,2026-09-30T08:00:00,2026-10-15T13:00:00,32243347000151-1-000166/2026,https://cnetmobile.estaleiro.serpro.gov.br/comprasnet-web/public/compras/acompanhamento-compra?compra=09002805001092026,False,Aberto,32243347000151
6,Pregão - Eletrônico,Divulgada no PNCP,F,,090016,JUSTICA FEDERAL DE 1A. INSTANCIA - RJ,RJ,Rio de Janeiro,"Registro de preços, válido por 1 (um) ano, prorrogável por igual período, para 
aquisição de materiais de marcenaria (cadeado de latão, placas madeira em MDF 
laminado e fita borda em MDF laminado, conforme Anexo I (Termo de Referência).",52457.85,2026-09-30T12:00:00,2026-10-15T13:00:00,05424540000116-1-000071/2026,https://cnetmobile.estaleiro.serpro.gov.br/comprasnet-web/public/compras/acompanhamento-compra?compra=09001605004052026,True,Aberto,05424540000116
6,Pregão - Eletrônico,Divulgada no PNCP,F,,250059,INSTITUTO NACIONAL DE CARDIOLOGIA,RJ,Rio de Janeiro,Aquisição de Equipamentos Hospitalares (Eletrocardiógrafos e Marca-passos) ,274935.0,2026-10-02T08:00:00,2026-10-15T14:00:00,00394544000185-1-003205/2025,https://cnetmobile.estaleiro.serpro.gov.br/comprasnet-web/public/compras/acompanhamento-compra?compra=25005905003362025,True,Aberto,00394544000185
6,Pregão - Eletrônico,Divulgada no PNCP,M,,2881,MUNICIPIO DE ARARUAMA - RJ ,RJ,Araruama,"[LICITANET] - Aquisição de lixeiras, contentores, coletores de resíduos e materiais complementares destinados à implantação, ampliação, substituição e manutenção da infraestrutura de acondicionamento e descarte de resíduos sólidos em vias públicas, praças, orlas, áreas de lazer, equipamentos públicos e demais espaços de interesse do Município de Araruama.",3698481.58,2026-09-30T15:18:50,2026-10-15T14:00:00,28531762000133-1-000083/2026,https://licitanet.com.br/sessao/199585,True,Aberto,28531762000133
6,Pregão - Eletrônico,Divulgada no PNCP,E,,925153,ERJ-MINISTÉRIO PUBLICO ESTADO RIO DE JANEIRO,RJ,Rio de Janeiro,"Contratação de pessoa jurídica para prestação de serviços continuados de mensuração de tamanho funcional de software, incluindo mensuração de soluções de software, validação de mensurações realizadas por terceiros e apoio ao registro, controle, classificação e geração de relatórios de métricas, pelo período de 36 (trinta e seis) meses, conforme condições, quantidades e exigências estabelecidas no anexo I do Edital da Licitação.",344088.0,2026-09-30T08:00:00,2026-10-15T14:00:00,28305936000140-1-000344/2026,https://cnetmobile.estaleiro.serpro.gov.br/comprasnet-web/public/compras/acompanhamento-compra?compra=92515305002672026,False,Aberto-Fechado,28305936000140
6,Pregão - Eletrônico,Divulgada no PNCP,M,,926369,PMRJ-CAMARA MUNICIPAL DO RIO DE JANEIRO - RJ,RJ,Rio de Janeiro,Formalização de Ata de Registro de Preços para eventuais e futuras  aquisições de eletrodomésticos para atender às necessidades da Câmara Municipal do Rio de Janeiro,654199.84,2026-10-01T08:00:00,2026-10-15T14:00:00,30467039000184-1-000043/2026,https://cnetmobile.estaleiro.serpro.gov.br/comprasnet-web/public/compras/acompanhamento-compra?compra=92636905000352026,True,Aberto,30467039000184
12,Credenciamento,Divulgada no PNCP,F,,927320,CONSELHO REGIONAL DE CORRETORES DE IMÓVEIS-RJ,RJ,Rio de Janeiro,"Credenciamento de pessoas físicas ou jurídicas para a celebração de convênios com o Conselho Regional de Corretores de Imóveis - 1ª Região-RJ, com fins de ofertar e divulgar descontos e benefícios, bem como eventual disponibilização de cashback, aos profissionais corretores de imóveis inscritos, em situação regular perante o CRECI-RJ e com as anuidades adimplidas, podendo ser estendido aos seus dependentes, e ainda, aos colaboradores do CRECI-RJ, sem ônus para o referido Conselho Profissional. ",0.0,2025-10-15T10:00:00,2026-10-15T18:00:00,33345109000110-1-000019/2025,,False,Não se aplica,33345109000110
6,Pregão - Eletrônico,Divulgada no PNCP,F,,762400,ESCOLA NAVAL,RJ,Rio de Janeiro, Aquisição de materiais comuns instrucionais e matérias primas para salas de aula e laboratórios,74903.01,2026-10-05T08:00:00,2026-10-16T08:00:00,00394502000144-1-011967/2026,https://cnetmobile.estaleiro.serpro.gov.br/comprasnet-web/public/compras/acompanhamento-compra?compra=76240005000752026,True,Aberto,00394502000144
6,Pregão - Eletrônico,Divulgada no PNCP,F,,765720,HOSPITAL NAVAL MARCILIO DIAS - MM,RJ,Rio de Janeiro,"Aquisição de materiais de carpintaria, ferramentas e EPI",409595.42,2026-10-05T08:00:00,2026-10-16T08:00:00,00394502000144-1-012350/2026,https://cnetmobile.estaleiro.serpro.gov.br/comprasnet-web/public/compras/acompanhamento-compra?compra=76572005002792026,True,Aberto-Fechado,00394502000144
6,Pregão - Eletrônico,Divulgada no PNCP,M,,928088,CAMARA MUNICIPAL DE DUQUE DE CAXIAS - RJ,RJ,Duque de Caxias,"Contratação de empresa especializada na prestação de serviços continuados de limpeza, conservação e de apoio administrativo, com fornecimento de mão de obra e materiais, nas dependências da Câmara Municipal de Duque de Caxias, de acordo com as condições estabelecidas neste Edital, seus Anexos e no Processo nº. 2775/2025.",4166620.92,2026-09-28T08:00:00,2026-10-16T08:00:00,30381552000158-1-000016/2026,https://cnetmobile.estaleiro.serpro.gov.br/comprasnet-web/public/compras/acompanhamento-compra?compra=92808805000192026,False,Aberto,30381552000158
6,Pregão - Eletrônico,Divulgada no PNCP,F,,160246,DEPOSITO CENTRAL DE MUNICAO/RJ,RJ,Paracambi, CONTRATAÇÃO DE SERVIÇOS DE MANUTENÇÃO DE SCANNER RAIO-X E DETECTOR DE METAIS ,72630.0,2026-10-01T08:00:00,2026-10-16T08:00:00,00394452000103-1-021334/2026,https://cnetmobile.estaleiro.serpro.gov.br/comprasnet-web/public/compras/acompanhamento-compra?compra=16024605000582026,False,Aberto-Fechado,00394452000103
6,Pregão - Eletrônico,Divulgada no PNCP,M,,926850,FUNDO MUNICIPAL DE SAÚDE DE VOLTA REDONDA-RJ,RJ,Volta Redonda,Registro de preços para futura e eventual aquisição de peças para manutenção de equipamento médico hospitalar,3228305.59,2026-10-02T16:00:00,2026-10-16T08:00:00,39563911000162-1-000205/2026,https://cnetmobile.estaleiro.serpro.gov.br/comprasnet-web/public/compras/acompanhamento-compra?compra=92685005001372026,False,Aberto-Fechado,39563911000162
8,Dispensa de Licitação,Divulgada no PNCP,E,,925153,ERJ-MINISTÉRIO PUBLICO ESTADO RIO DE JANEIRO,RJ,Rio de Janeiro,AQUISIÇÃO DE MAPOTECAS EM AÇO ATRAVÉS DE LOTE ÚNICO COMPOSTO POR 02 ITENS,22000.0,2026-10-02T14:30:00,2026-10-16T08:30:00,28305936000140-1-000365/2026,https://cnetmobile.estaleiro.serpro.gov.br/comprasnet-web/public/compras/acompanhamento-compra?compra=92515306003232026,False,Dispensa Com Disputa,28305936000140
4,Concorrência - Eletrônica,Divulgada no PNCP,M,,450068,PREFEITURA MUNICIPAL DE VOLTA REDONDA-RJ,RJ,Volta Redonda,"Execução de obra de reforma geral do Centro de Educação Infantil Vera Lúcia Silveira Braga, localizada no endereço: Rua 1.023-A, s/nº, bairro Volta Grande III, Volta Redonda - RJ.",1159557.63,2026-10-01T08:00:00,2026-10-16T09:00:00,32512501000143-1-000400/2026,https://cnetmobile.estaleiro.serpro.gov.br/comprasnet-web/public/compras/acompanhamento-compra?compra=45006803002492026,False,Aberto-Fechado,32512501000143
6,Pregão - Eletrônico,Divulgada no PNCP,M,,985847,PREFEITURA MUNICIPAL DE MACAE - RJ,RJ,Macaé,"Contratação de empresa especializada para realização do show Aquático das Águas Dançantes de Natal, sincronizado por timecode, na Lagoa de Imboassica, com a locação de equipamentos e materiais para os serviços necessários de decoração, iluminação, instalação, montagem e desmontagem, o evento com jatos de águas dançantes, projeção de filmes com temas Natalinos em 2 painéis de Led, efeitos pirotécnicos, iluminação, laser e efeitos de fogo, com uma frente de 200 metros",12964936.12,2026-09-29T17:50:00,2026-10-16T09:00:00,29115474000160-1-000650/2026,https://cnetmobile.estaleiro.serpro.gov.br/comprasnet-web/public/compras/acompanhamento-compra?compra=98584705006462026,False,Aberto,29115474000160
6,Pregão - Eletrônico,Divulgada no PNCP,M,,926850,FUNDO MUNICIPAL DE SAÚDE DE VOLTA REDONDA-RJ,RJ,Volta Redonda,"Aquisição de Equipamentos Oftalmológicos, com recurso financeiro proveniente da emenda parlamentar cadastrada sob o nº 39563.911000/1240-02 do Ministério da Saúde.",188246.0,2026-10-02T09:00:00,2026-10-16T09:00:00,39563911000162-1-000197/2026,https://cnetmobile.estaleiro.serpro.gov.br/comprasnet-web/public/compras/acompanhamento-compra?compra=92685005001272026,False,Aberto-Fechado,39563911000162
6,Pregão - Eletrônico,Divulgada no PNCP,M,,1037,SEBRAE/RJ,RJ,Rio de Janeiro,"O objeto da presente licitação é o fornecimento e montagem de mobiliário planejado,  conforme especificações e quantidades detalhadas no item 3 do Anexo I - Termo de  Referência e em anexo, destinado ao atendimento das necessidades do Escritório  Regional Baixada II do Sebrae/RJ, localizado na Av. Governador Leonel de Moura Brizola,  1777, 5º andar, Centro, Duque de Caxias - RJ. O fornecimento visa garantir a entrega e  a instalação dos móveis planejados, de acordo com as condições e exigências  estabelecidas no Anexo I - Termo de Referência, assegurando a adequação dos  ambientes de trabalho e atendimento do Escritório Regional Baixada II.  O fornecimento ocorrerá por preço global, devendo a PROPONENTE ofertar preço para  todos os itens solicitados, conforme as especificações técnicas e quantitativos definidos,  em atendimento às demandas do Sebrae/RJ. ",114107.82,2026-09-30T16:00:00,2026-10-16T09:00:00,29737103000110-1-000024/2026,,False,Aberto-Fechado,29737103000110
6,Pregão - Eletrônico,Divulgada no PNCP,M,,980772,MRJ-PREFEITURA MUNICIPAL DE CARAPEBUS,RJ,Carapebus,"Aquisição de tratores agrícolas para atender às demandas da SEMAAB do Município de Carapebus/RJ, por meio do Pregão Eletrônico nº 004/2026 (CDL nº 039/2026), com sessão pública prevista para 16/10/2026. Valor estimado da contratação: R$ 568.685,42, conforme especificações técnicas, quantitativos e condições estabelecidos no Termo de Referência.",568685.42,2026-10-01T08:00:00,2026-10-16T09:00:00,01609497000102-1-000019/2026,https://cnetmobile.estaleiro.serpro.gov.br/comprasnet-web/public/compras/acompanhamento-compra?compra=98077205000042026,False,Aberto,01609497000102
6,Pregão - Eletrônico,Divulgada no PNCP,F,,254446,INSTITUTO DE TECNOLOGIA EM FARMACOS,RJ,Rio de Janeiro,Aquisição de Insumo Farmacêutico Ativo Pramipexol - Marca: NORTEC,0.0,2026-10-02T08:00:00,2026-10-16T09:00:00,33781055000135-1-001697/2026,https://cnetmobile.estaleiro.serpro.gov.br/comprasnet-web/public/compras/acompanhamento-compra?compra=25444605008772026,False,Aberto-Fechado,33781055000135
6,Pregão - Eletrônico,Divulgada no PNCP,F,,254420,FUNDACAO OSWALDO CRUZ/RJ,RJ,Rio de Janeiro,"Registro de preços para eventual aquisição de equipamentos de laboratório, incluindo instalação, montagem, conforme condições, quantidades e exigências estabelecidas neste Edital e seus anexos.",13030845.96,2026-10-02T08:00:00,2026-10-16T09:00:00,33781055000135-1-001698/2026,https://cnetmobile.estaleiro.serpro.gov.br/comprasnet-web/public/compras/acompanhamento-compra?compra=25442005000072026,True,Aberto,33781055000135
6,Pregão - Eletrônico,Divulgada no PNCP,F,,120195,CENTRO DE AQUISIÇÕES ESPECIFICAS,RJ,Rio de Janeiro,"Contratação de empresa especializada no serviço de limpeza de radome de radar, selagem de possíveis pontos de infiltração, revisão e correção de todos os torques de apertos dos parafusos de fixação do radome, dos radares de rota instalados no Destacamento de Controle do Espaço Aéreo de Barra do Garças-MT (DTCEA-BW), Destacamento de Controle do Espaço Aéreo do Gama (DTCEA-GA), Destacamento de Controle do Espaço Aéreo de Chapada dos Guimarães (DTCEA-GI), Destacamento de Controle do Espaço Aéreo do Pico do Couto (DTCEA-PCO), Destacamento de Controle
do Espaço Aéreo de São Roque (DTCEA-SRO), Destacamento de Controle do Espaço Aéreo de Santa Teresa (DTCEA-STA), Destacamento de Controle do Espaço Aéreo de Tanabi-SP (DTCEA-TNB), Destacamento de Controle do Espaço Aéreo de Três Marias (DTCEA-TRM) e Estação de Controle do Espaço Aéreo de Palmas-TO (EACEA-PLM),",1710000.0,2026-10-01T09:00:00,2026-10-16T09:00:00,00394429000100-1-004181/2025,https://cnetmobile.estaleiro.serpro.gov.br/comprasnet-web/public/compras/acompanhamento-compra?compra=12019505006202025,False,Aberto-Fechado,00394429000100
6,Pregão - Eletrônico,Divulgada no PNCP,M,,461773,FUNDO MUN.DE SAUDE DE SANTO ANTONIO DE PADUA,RJ,Santo Antônio de Pádua,Registro de preços para eventual aquisição de alimento completo seco (ração).,146529.0,2026-10-02T08:00:00,2026-10-16T09:00:00,04249257000132-1-000005/2026,https://cnetmobile.estaleiro.serpro.gov.br/comprasnet-web/public/compras/acompanhamento-compra?compra=46177305000022026,True,Aberto,04249257000132
6,Pregão - Eletrônico,Divulgada no PNCP,M,,985855,PREFEITURA MUNICIPAL DE MENDES - RJ,RJ,Mendes,"Aquisição de mobiliários de sala de aula (mesas e cadeiras modelos CJA-03, CJA-04, CJA-05 E modelo MA-02), sob a Emenda Parlamentar nº 202641520005, mediante Assistência Financeira do FNDE/MEC através do Plano de Ações Articuladas-PAR, para uso nas Unidades de Ensino do Município,",224009.98,2026-10-05T09:00:00,2026-10-16T09:00:00,28580694000100-1-000007/2026,https://cnetmobile.estaleiro.serpro.gov.br/comprasnet-web/public/compras/acompanhamento-compra?compra=98585505000042026,False,Aberto,28580694000100
6,Pregão - Eletrônico,Divulgada no PNCP,M,,926850,FUNDO MUNICIPAL DE SAÚDE DE VOLTA REDONDA-RJ,RJ,Volta Redonda,"Aquisição de Enxoval Hospitalar, para atender as necessidades do Setor de Hotelaria do HMMR - Hospital Municipal Dr. Munir Rafful.",10308.48,2026-10-05T09:00:00,2026-10-16T09:00:00,39563911000162-1-000204/2026,https://cnetmobile.estaleiro.serpro.gov.br/comprasnet-web/public/compras/acompanhamento-compra?compra=92685005001382026,False,Aberto-Fechado,39563911000162
6,Pregão - Eletrônico,Divulgada no PNCP,M,,3535,FME-FUNDO MUNICIPAL DE EDUCAÇÃO DE ITAOCARA/RJ,RJ,Itaocara,"[LICITANET] - REGISTRO DE PREÇOS PARA EVENTUAL(IS) E FUTURA(S) AQUISIÇÃO(ÕES) PARCELADA(S) DE GÊNEROS ALIMENTÍCIOS para suprir as necessidades do Fundo Municipal de Educação, Secretaria Municipal de Obras, Fundo Municipal de Assistência e Desenvolvimento Social, Secretaria Municipal de Turismo e Cultura, Secretaria Municipal de Administração, Secretaria Municipal de Agricultura, Fundo Municipal de Conservação e Proteção Ambiental e Secretaria Municipal de Indústria, Comércio e Serviços da Prefeitura Municipal de Itaocara/RJ.",0.0,2026-10-03T09:06:30,2026-10-16T09:00:00,61939438000124-1-000021/2026,https://licitanet.com.br/sessao/199686,True,Aberto,61939438000124
8,Dispensa de Licitação,Divulgada no PNCP,F,,153010,MEC-CEFET-CENT.FED.ED.TEC.CELSO S.FONSECA/RJ,RJ,Rio de Janeiro,"Aquisição de materiais para cerimonial para o campus Nova Friburgo
",4699.29,2026-10-13T08:00:00,2026-10-16T09:00:00,42441758000105-1-000170/2026,https://cnetmobile.estaleiro.serpro.gov.br/comprasnet-web/public/compras/acompanhamento-compra?compra=15301006002362026,False,Dispensa Com Disputa,42441758000105
12,Credenciamento,Divulgada no PNCP,M,,929887,MRJ-CAMARA MUNICIPAL DE ARARUAMA,RJ,Araruama,"Contratação de serviços de administração, gerenciamento, emissão e fornecimento de cartões refeição no formato de cartão eletrônico com chip de segurança pelo período de 48 (quarenta e oito) meses e sem taxa de administração, conforme condições, quantidades e exigências estabelecidas neste Edital e seus anexos.",25500.0,2025-10-17T09:00:00,2026-10-16T09:00:00,30173207000129-1-000001/2026,,False,Não se aplica,30173207000129
6,Pregão - Eletrônico,Divulgada no PNCP,E,,166100,FUNDO ESPECIAL DO CORPO DE BOMBEIROS,RJ,Rio de Janeiro,AQUISIÇÃO DE EMBARCAÇÃO PARA PRONTO ATENDIMENTO DE EMERGÊNCIAS MÉDICAS (AMBULANCHA),2523100.0,2026-10-02T09:00:00,2026-10-16T09:29:00,42498600000171-1-004228/2026,https://www.compras.rj.gov.br/EditaisLicitacoes/detalhar.action?idLic=37526,False,Aberto,42498600000171
6,Pregão - Eletrônico,Divulgada no PNCP,F,,254446,INSTITUTO DE TECNOLOGIA EM FARMACOS,RJ,Rio de Janeiro,Eletrodomésticos e eletroportáteis.,0.0,2026-09-29T08:00:00,2026-10-16T09:30:00,33781055000135-1-001680/2026,https://cnetmobile.estaleiro.serpro.gov.br/comprasnet-web/public/compras/acompanhamento-compra?compra=25444605007552026,False,Aberto-Fechado,33781055000135
6,Pregão - Eletrônico,Divulgada no PNCP,M,,930220,SERVIÇO AUT.DE AGUA E ESGOTO DE TRÊS RIOS-RJ,RJ,Três Rios,"Contratação de empresa especializada na prestação de serviço de locação de veículos automotores, sem motorista, para atendimento as demandas operacionais da Autarquia.",328132.33,2026-09-30T09:30:00,2026-10-16T09:30:00,39754247000139-1-000039/2026,https://cnetmobile.estaleiro.serpro.gov.br/comprasnet-web/public/compras/acompanhamento-compra?compra=93022005000232026,True,Aberto-Fechado,39754247000139
6,Pregão - Eletrônico,Divulgada no PNCP,F,,160298,COMANDO DA 1 REGIAO MILITAR/RJ,RJ,Rio de Janeiro,Contratação de serviço de engenharia referente a revitalização da fachada externa da Ala Marcílio Dias do Palácio Duque de Caxias,1710698.1,2026-10-01T09:30:00,2026-10-16T09:30:00,00394452000103-1-021342/2026,https://cnetmobile.estaleiro.serpro.gov.br/comprasnet-web/public/compras/acompanhamento-compra?compra=16029805001192026,True,Aberto-Fechado,00394452000103
6,Pregão - Eletrônico,Divulgada no PNCP,F,,113206,INDUSTRIAS NUCLEARES DO BRASIL S/A,RJ,Rio de Janeiro,"Fornecimento de refletores, posto CIF nas Indústrias Nucleares do Brasil S/A - INB, localizada no município de Caetité/BA, conforme condições, quantidades e características estabelecidas no Termo de Referência.
O Edital e suplementos referentes a esta licitação estarão disponíveis no site da INB (www.inb.gov.br/licitacoes).",0.0,2026-10-01T10:10:00,2026-10-16T09:59:00,37115383000153-1-000118/2026,https://cnetmobile.estaleiro.serpro.gov.br/comprasnet-web/public/compras/acompanhamento-compra?compra=11320605000332026,False,Aberto,37115383000153
6,Pregão - Eletrônico,Divulgada no PNCP,M,,654,Prefeitura Municipal de Porto Real - RJ,RJ,Porto Real,Contratação de serviços de corte e poda de exemplares arbóreos presentes nas vias públicas,594052.52,2026-09-23T09:59:00,2026-10-16T09:59:00,01612355000102-1-000060/2026,,False,Aberto,01612355000102
6,Pregão - Eletrônico,Divulgada no PNCP,M,,986001,MRJ-PREFEITURA MUNICIPAL DO RIO DE JANEIRO,RJ,Rio de Janeiro,"Contratação de Plano de Saúde dos empregados da COMLURB e seus dependentes, estendendo-se esta prestação de serviços à RIOTUR, RIOLUZ, RIOFILME, IMPRENSA DA CIDADE, MULTIRIO, CET-RIO,
IPLANRIO, RIO-URBE, RIOSAUDE RIOEVENTOS E MOBI-RIO, nas condições definidas no Termo de Referência que será acostado a este após a captação de demanda.",624602624.64,2026-09-24T09:00:00,2026-10-16T09:59:00,42498733000148-1-001932/2026,https://cnetmobile.estaleiro.serpro.gov.br/comprasnet-web/public/compras/acompanhamento-compra?compra=98600105016632026,True,Aberto,42498733000148
6,Pregão - Eletrônico,Divulgada no PNCP,M,,985801,PREFEITURA MUNICIPAL DE ANGRA DOS REIS - RJ,RJ,Angra dos Reis,"Registro de Preços para Aquisição de Materiais de Cama, Mesa e Banho para atender as necessidades das Secretarias e Autarquias do Município de Angra dos Reis.",0.0,2026-10-05T08:00:00,2026-10-16T09:59:00,29172467000109-1-000583/2026,https://cnetmobile.estaleiro.serpro.gov.br/comprasnet-web/public/compras/acompanhamento-compra?compra=98580105005522026,True,Aberto,29172467000109
6,Pregão - Eletrônico,Divulgada no PNCP,F,,080009,TRIBUNAL REGIONAL DO TRABALHO DA 1A.REGIAO,RJ,Rio de Janeiro,"Serviço de manutenção preventiva, corretiva e preditiva do parque de nobreaks responsáveis pela alimentação elétrica das salas de telecomunicações do Tribunal, incluindo o fornecimento e substituição de peças, componentes, módulos e baterias.",1446744.0,2026-09-30T08:00:00,2026-10-16T10:00:00,00509968000148-1-003200/2026,https://cnetmobile.estaleiro.serpro.gov.br/comprasnet-web/public/compras/acompanhamento-compra?compra=08000905000862026,False,Aberto,00509968000148
6,Pregão - Eletrônico,Divulgada no PNCP,F,,764200,SERVICO DE VETERANOS E PENSIONISTAS DA MARINH,RJ,Rio de Janeiro,"Registro de Preços para eventuais contratações de empresas especializadas na execução de serviços, visando manutenções corretivas e preventivas das instalações do Serviço de Veteranos e Pensionistas da Marinha, conforme descritos na tabela abaixo, conforme condições e exigências estabelecidas neste instrumento.",455955.0,2026-10-01T10:00:00,2026-10-16T10:00:00,00394502000144-1-012352/2026,https://cnetmobile.estaleiro.serpro.gov.br/comprasnet-web/public/compras/acompanhamento-compra?compra=76420005000752026,True,Aberto-Fechado,00394502000144
6,Pregão - Eletrônico,Divulgada no PNCP,M,,982911,MRJ-PREFEITURA MUNICIPAL DE QUEIMADOS,RJ,Queimados,CONTRATAÇÃO DE PESSOA JURÍDICA ESPECIALIZADA NA PRESTAÇÃO DE SERVIÇOS  DE  ENGENHARIA  PARA  A  ELABORAÇÃO  DO  PLANO  DE MOBILIDADE URBANA DO MUNICÍPIO DE QUEIMADOS – RIO DE JANEIRO,825465.2,2026-09-29T08:00:00,2026-10-16T10:00:00,39485412000102-1-000050/2026,https://cnetmobile.estaleiro.serpro.gov.br/comprasnet-web/public/compras/acompanhamento-compra?compra=98291105000202026,False,Aberto,39485412000102
6,Pregão - Eletrônico,Divulgada no PNCP,M,,986001,MRJ-PREFEITURA MUNICIPAL DO RIO DE JANEIRO,RJ,Rio de Janeiro,"Registro de preços para prestação de serviços de remoção, remanufatura e instalação de motores COMPLETOS para veículos de chassi VOLKSWAGEN 17.260OD, 22.280OD e 22.260S, Modelo D08 , EUROS 5 e 6 (06 cilindros), com peças novas e genuínas e mão de obra especializada para remoção e reinstalação, para manutenção preventiva e corretiva da Frota de ônibus Operados pela Companhia Municipal de Transportes Coletivos – CMTC - MOBI-Rio, conforme descrito, caracterizado e especificado neste Termo de Refere",0.0,2026-09-30T08:00:00,2026-10-16T10:00:00,42498733000148-1-001975/2026,https://cnetmobile.estaleiro.serpro.gov.br/comprasnet-web/public/compras/acompanhamento-compra?compra=98600105017032026,True,Aberto-Fechado,42498733000148
6,Pregão - Eletrônico,Divulgada no PNCP,M,,985837,PREFEITURA MUNICIPAL DE ITABORAI - RJ,RJ,Itaboraí,AQUISIÇÃO DE VEÍCULO TIPO VAN COM ACESSIBILIDADE,300734.08,2026-10-01T08:00:00,2026-10-16T10:00:00,28741080000155-1-000111/2026,https://cnetmobile.estaleiro.serpro.gov.br/comprasnet-web/public/compras/acompanhamento-compra?compra=98583705001182026,False,Aberto,28741080000155
6,Pregão - Eletrônico,Divulgada no PNCP,M,,985853,MRJ-PREFEITURA MUNICIPAL DE MARICA,RJ,Maricá,"Registro de preço para a contratação de empresa especializada para prestação de serviços de coleta, transporte, incineração e destinação final ambientalmente adequada de resíduos de exumação classificados como Classe I – Resíduos Perigosos (ossadas humanas, restos de caixões, urnas funerárias e materiais correlatos como roupas, mantas, flores, lápides, tijolos, e/ou outros resíduos contaminados pelo necrochorume) gerados na atividade cemiterial no Cemitério Municipal Campo Santo Cônego Batalha...",6518000.0,2026-10-01T10:00:00,2026-10-16T10:00:00,29131075000193-1-000429/2026,https://cnetmobile.estaleiro.serpro.gov.br/comprasnet-web/public/compras/acompanhamento-compra?compra=98585305004532026,True,Aberto,29131075000193
6,Pregão - Eletrônico,Divulgada no PNCP,M,,985853,MRJ-PREFEITURA MUNICIPAL DE MARICA,RJ,Maricá,"Contratação de empresa especializada na prestação de serviços visando a Execução e Aprovação dos Projetos e a Obtenção do CAA (Certificado de Aprovação Assistido) de Segurança Contra Incêndio e Pânico Junto ao CBMERJ, das escolas, seus anexos e prédios administrativos da rede educacional do município de Maricá-RJ.",1085644.5,2026-10-01T10:00:00,2026-10-16T10:00:00,29131075000193-1-000430/2026,https://cnetmobile.estaleiro.serpro.gov.br/comprasnet-web/public/compras/acompanhamento-compra?compra=98585305004542026,False,Aberto,29131075000193
6,Pregão - Eletrônico,Divulgada no PNCP,M,,2881,MUNICIPIO DE ARARUAMA - RJ ,RJ,Araruama,"[LICITANET] - Aquisição de materiais pedagógicos acessíveis, recursos de tecnologia assistiva, materiais de acessibilidade, jogos educativos inclusivos, recursos sensoriais, mobiliários e equipamentos destinados ao fortalecimento das ações de Educação Inclusiva da Rede Municipal de Ensino, visando ao atendimento dos estudantes público-alvo da Educação Especial, bem como ao suporte das atividades desenvolvidas pelas unidades escolares e pelos serviços de Atendimento Educacional Especializado (AEE).",1513902.77,2026-10-01T11:15:13,2026-10-16T10:00:00,28531762000133-1-000100/2026,https://licitanet.com.br/sessao/203460,False,Aberto,28531762000133
6,Pregão - Eletrônico,Divulgada no PNCP,M,,986001,MRJ-PREFEITURA MUNICIPAL DO RIO DE JANEIRO,RJ,Rio de Janeiro,"Registro de Preços para Aquisição de Equipamentos de Proteção Individual - EPI - E, para fins de atendimento ao disposto na NR 06 do Ministério do Trabalho e Previdência, conforme descrito, caracterizado e especificado neste Termo de Referência.",0.0,2026-10-02T08:00:00,2026-10-16T10:00:00,42498733000148-1-001998/2026,https://cnetmobile.estaleiro.serpro.gov.br/comprasnet-web/public/compras/acompanhamento-compra?compra=98600105017052026,True,Aberto-Fechado,42498733000148
6,Pregão - Eletrônico,Divulgada no PNCP,F,,254492,INSTITUTO DE PESQUISAS EVANDRO CHAGAS - IPEC,RJ,Rio de Janeiro,AQUISIÇÃO DE MATERIAL MÉDICO HOSPITALAR G2,0.0,2026-10-02T08:00:00,2026-10-16T10:00:00,33781055000135-1-001702/2026,https://cnetmobile.estaleiro.serpro.gov.br/comprasnet-web/public/compras/acompanhamento-compra?compra=25449205001512026,True,Aberto-Fechado,33781055000135
6,Pregão - Eletrônico,Divulgada no PNCP,F,,200356,SUPERINTENDENCIA REG.DEP.POLICIA FEDERAL - RJ,RJ,Rio de Janeiro,Aquisição do mobiliário (material permanente) para a Superintendência Regional e Descentralizadas.,10480466.5,2026-10-02T08:00:00,2026-10-16T10:00:00,00394494000136-1-001101/2026,https://cnetmobile.estaleiro.serpro.gov.br/comprasnet-web/public/compras/acompanhamento-compra?compra=20035605000322026,True,Aberto-Fechado,00394494000136
6,Pregão - Eletrônico,Divulgada no PNCP,M,,000000001,PREFEITURA MUNICIPAL DE ITATIAIA,RJ,Itatiaia,"AQUISIÇÃO DE 01 (UM) SULCADOR ADUBADOR LEVE E 01 (UM) ARADO FIXO COM TRÊS DISCOS, DESTINADOS AO ATENDIMENTO DAS DEMANDAS DO SETOR AGROPECUÁRIO DO MUNICÍPIO DE ITATIAIA/RJ, SOB RESPONSABILIDADE DA SECRETARIA MUNICIPAL DE HABITAÇÃO, REGULARIZAÇÃO FUNDIÁRIA E AGRICULTURA, COM ENTREGA INTEGRAL EM PARCELA ÚNICA, POR MEIO DO CONVÊNIO MAPA N° 958759/2024.",33785.83,2026-10-05T08:00:00,2026-10-16T10:00:00,31846892000170-1-000078/2026,https://bnccompras.com/Process/ProcessView?param1=[gkz]oz/ZfdcvLgq2iUXPNRf9H6nGyXYUvx7oiGm7qZBPlDCetCmy32cfrXqO3zUfX0wVjxBV_JsFUIVnOoosNX343X9USymmrMery9dcWVoceE0=,False,Aberto,31846892000170
6,Pregão - Eletrônico,Divulgada no PNCP,M,,927152,FUNDO MUNICIPAL DE SAUDE DE MACAE - RJ,RJ,Macaé,Aquisição de materiais para consumo hospitalar do tipo papel grau cirúrgico com disponibilização de seladora em regime de comodato.,259926.98,2026-10-05T08:00:00,2026-10-16T10:00:00,11308894000106-1-000125/2026,https://cnetmobile.estaleiro.serpro.gov.br/comprasnet-web/public/compras/acompanhamento-compra?compra=92715205000742026,False,Aberto,11308894000106
6,Pregão - Eletrônico,Divulgada no PNCP,F,,250057,INSTITUTO NACIONAL DE TRAUMATO-ORTOPEDIA,RJ,Rio de Janeiro,AQUISIÇÃO DE SISTEMA DE FILTRAÇÃO A VÁCUO,0.0,2026-10-05T10:00:00,2026-10-16T10:00:00,00394544000185-1-002174/2026,https://cnetmobile.estaleiro.serpro.gov.br/comprasnet-web/public/compras/acompanhamento-compra?compra=25005705002902026,True,Aberto-Fechado,00394544000185
6,Pregão - Eletrônico,Divulgada no PNCP,F,,250057,INSTITUTO NACIONAL DE TRAUMATO-ORTOPEDIA,RJ,Rio de Janeiro, AQUISIÇÃO DE IMPLANTES ORTOPÉDICOS EM REGIME DE CONSIGNAÇÃO (SISTEMA FIXAÇÃO COLUNA VERTEBRAL E OUTROS),0.0,2026-10-05T10:00:00,2026-10-16T10:00:00,00394544000185-1-000033/2027,https://cnetmobile.estaleiro.serpro.gov.br/comprasnet-web/public/compras/acompanhamento-compra?compra=25005705002182027,True,Aberto-Fechado,00394544000185
6,Pregão - Eletrônico,Divulgada no PNCP,F,,250057,INSTITUTO NACIONAL DE TRAUMATO-ORTOPEDIA,RJ,Rio de Janeiro,"Aquisição de Material (Ponteira de Ablação) em REGIME de CONSIGNAÇÃO com COMODATO,",0.0,2026-10-06T10:00:00,2026-10-16T10:00:00,00394544000185-1-002187/2026,https://cnetmobile.estaleiro.serpro.gov.br/comprasnet-web/public/compras/acompanhamento-compra?compra=25005705001672026,True,Aberto-Fechado,00394544000185
12,Credenciamento,Divulgada no PNCP,M,,985833,PREFEITURA MUNICIPAL DE DUQUE DE CAXIAS -RJ,RJ,Duque de Caxias,"Seleção de empresa do ramo da construção civil, com comprovada capacidade técnica, para indicação ao Agente Financeiro competente, visando à apresentação de proposta e eventual contratação para construção de empreendimento de habitação de interesse social, no âmbito do Programa Minha Casa, Minha Vida – MCMV, com recursos do Fundo de Arrendamento Residencial – FAR.",54150000.0,2026-10-16T09:00:00,2026-10-16T10:00:00,29138328000150-1-000092/2026,,False,Não se aplica,29138328000150
4,Concorrência - Eletrônica,Divulgada no PNCP,M,,6426,Prefeitura Municipal de Rio Bonito,RJ,Rio Bonito,"[Portal de Compras Públicas] - Outorga onerosa com a concessão de serviços de implantação, fiscalização e administração do sistema rotativo nas
vias e logradouros públicos do município de Rio Bonito.",5.55,2026-08-25T15:00:00,2026-10-16T10:59:00,28741072000109-1-000069/2026,https://www.portaldecompraspublicas.com.br/processos/RJ/Prefeitura-Municipal-de-Rio-Bonito-3644/CPTP-05-2026-2026-505436,False,Fechado,28741072000109
4,Concorrência - Eletrônica,Divulgada no PNCP,M,,986001,MRJ-PREFEITURA MUNICIPAL DO RIO DE JANEIRO,RJ,Rio de Janeiro,"Execução da obras de urbanização integrada na favela Isaac Zaidman / CPX Quitanda, bairro Costa Barros, RA XXV, AP 3",10867490.27,2026-09-10T09:00:00,2026-10-16T11:00:00,42498733000148-1-001830/2026,https://cnetmobile.estaleiro.serpro.gov.br/comprasnet-web/public/compras/acompanhamento-compra?compra=98600103015442026,False,Aberto,42498733000148
6,Pregão - Eletrônico,Divulgada no PNCP,M,,985829,PREFEITURA MUNICIPAL DE CORDEIRO - RJ,RJ,Cordeiro,"O objeto da presente licitação é a escolha da proposta mais vantajosa para contratação de empresa para serviços de varrição manual de ruas, roçada, capina, pintura e coleta de resíduos sólidos domiciliares do município de Cordeiro/RJ, conforme condições, quantidades e exigências estabelecidas neste Edital e seus anexos.",9401176.39,2026-09-30T08:00:00,2026-10-16T13:00:00,28614865000167-1-000064/2026,https://cnetmobile.estaleiro.serpro.gov.br/comprasnet-web/public/landing?destino=acompanhamento-compra&compra=98582905900142026,False,Aberto,28614865000167
6,Pregão - Eletrônico,Revogada,F,,090028,TRIBUNAL REGIONAL FEDERAL DA 2A. REGIAO,RJ,Rio de Janeiro,"Aquisição de insígnias de lapela (bottons), moedas comemorativas e estojos para acomodação das moedas, através do Sistema de Registro de Preços, conforme especificações estipuladas no Termo de Referência - Anexo I deste Edital.",0.0,2026-10-05T08:00:00,2026-10-16T13:00:00,32243347000151-1-000132/2026,https://cnetmobile.estaleiro.serpro.gov.br/comprasnet-web/public/compras/acompanhamento-compra?compra=09002805000732026,True,Aberto,32243347000151
6,Pregão - Eletrônico,Divulgada no PNCP,E,,520100,Secretaria de Estado de Policia Civil,RJ,Rio de Janeiro,"Aquisição e instalação de equipamentos das unidades extintoras portáteis e sobre rodas, de placas de identificação dos extintores, e de placas de sinalização de segurança para rotas de fuga e saídas de emergência, atendendo às necessidades da SEPOL.",1131781.21,2026-10-01T08:00:00,2026-10-16T13:00:00,42498600000171-1-004200/2026,https://www.compras.rj.gov.br/EditaisLicitacoes/detalhar.action?idLic=37521,True,Aberto-Fechado,42498600000171
6,Pregão - Eletrônico,Divulgada no PNCP,F,,090028,TRIBUNAL REGIONAL FEDERAL DA 2A. REGIAO,RJ,Rio de Janeiro,"Contratação de empresa para prestação de serviços de manutenção corretiva, por demanda, em conjuntos de portas de vidro temperado e portas deslizantes automáticas, com fornecimento de peças, nas instalações dos prédios do TRF2, conforme especificações estipuladas no Termo de Referência - Anexo I, do Edital.",285777.43,2026-10-01T08:00:00,2026-10-16T13:00:00,32243347000151-1-000168/2026,https://cnetmobile.estaleiro.serpro.gov.br/comprasnet-web/public/compras/acompanhamento-compra?compra=09002805001012026,False,Aberto,32243347000151
6,Pregão - Eletrônico,Divulgada no PNCP,E,,030100,TRIBUNAL DE JUSTICA DO ESTADO DO RJ,RJ,Rio de Janeiro,"Prestação de serviços técnicos de manutenção preventiva e corretiva em equipamentos gráficos instalados na Divisão de Produção Gráfica SGCON/DEDIF/DIGRA, com fornecimento de peças e/ou componentes, conforme especificado no Termo de Referência(Anexo I).",770486.4,2026-10-01T11:00:00,2026-10-16T14:00:00,28538734000148-1-000206/2026,https://cnetmobile.estaleiro.serpro.gov.br/comprasnet-web/public/compras/acompanhamento-compra?compra=03010005005432026,False,Aberto,28538734000148
6,Pregão - Eletrônico,Divulgada no PNCP,E,,030100,TRIBUNAL DE JUSTICA DO ESTADO DO RJ,RJ,Rio de Janeiro,"Registro de preços para eventual contratação de serviços gráficos de impressão de banners e painéis backdrop, incluindo, quando aplicável, os serviços de montagem e desmontagem, para divulgação de eventos e campanhas institucionais do Tribunal de Justiça do Estado do Rio de Janeiro, conforme especificado no Termo de Referência (Anexo I). ",66652.5,2026-09-30T11:00:00,2026-10-16T14:00:00,28538734000148-1-000231/2026,https://cnetmobile.estaleiro.serpro.gov.br/comprasnet-web/public/compras/acompanhamento-compra?compra=03010005004552026,True,Aberto,28538734000148
6,Pregão - Eletrônico,Divulgada no PNCP,E,,925153,ERJ-MINISTÉRIO PUBLICO ESTADO RIO DE JANEIRO,RJ,Rio de Janeiro,"Aquisição de solução de tecnologia da informação e comunicação redundante de nuvem privada Oracle Exadata Cloud at Customer (ExaCC), na versão X11M ou superior, incluindo Oracle PaaS e IaaS, Universal Credits por demanda e sem consumo mínimo, com suporte, Oracle Zero Data Loss Recovery Appliance (RA23), bem como os serviços necessários para ativação completa da solução, migração dos dados em regime ""hands on"" da solução, consultoria técnica especializada por demanda pelo período de 60 (sessenta) meses e treinamento para a equipe técnica, conforme condições, quantidades e exigências estabelecidas no Anexo I do Edital da Licitação.",37474501.19,2026-10-05T08:00:00,2026-10-16T14:00:00,28305936000140-1-000352/2026,https://cnetmobile.estaleiro.serpro.gov.br/comprasnet-web/public/compras/acompanhamento-compra?compra=92515305003132026,False,Aberto-Fechado,28305936000140
6,Pregão - Eletrônico,Divulgada no PNCP,E,,030100,TRIBUNAL DE JUSTICA DO ESTADO DO RJ,RJ,Rio de Janeiro,"Registro de preços, pelo prazo de 01(um) ano, para eventual compra de fragmentadoras, conforme especificado no Termo de Referência (Anexo I).",93312.0,2026-10-02T11:00:00,2026-10-16T15:00:00,28538734000148-1-000237/2026,https://cnetmobile.estaleiro.serpro.gov.br/comprasnet-web/public/compras/acompanhamento-compra?compra=03010005000852026,True,Aberto,28538734000148
12,Credenciamento,Divulgada no PNCP,M,,450068,PREFEITURA MUNICIPAL DE VOLTA REDONDA-RJ,RJ,Volta Redonda,Programa Sandbox 2026,0.0,2026-09-24T08:00:00,2026-10-16T17:00:00,32512501000143-1-000392/2026,,False,Não se aplica,32512501000143
12,Credenciamento,Divulgada no PNCP,F,,090028,TRIBUNAL REGIONAL FEDERAL DA 2A. REGIAO,RJ,Rio de Janeiro,"Credenciamento de profissionais da área de fisioterapia para o Núcleo de Qualidade de Vida no Trabalho - NQVT, que deverão ser especializados na(s) terapia(s) para a(s) qual(is) se candidatar - shiatsu, drenagem linfática, massoterapia, auriculoterapia, Reeducação Postural Global - RPG, acupuntura, pilates solo, ioga - , para atendimento a magistrados e servidores - ativos e inativos -, contratados, estagiários e terceirizados deste Tribunal Regional Federal da 2ª Região.
",0.0,2025-10-17T18:00:00,2026-10-16T18:00:00,32243347000151-1-000146/2025,,False,Não se aplica,32243347000151
12,Credenciamento,Divulgada no PNCP,M,,1467,MUNICÍPIO DE SÃO JOÃO DA BARRA/RJ,RJ,São João da Barra,"[LICITANET] - CREDENCIAMENTO de pessoas físicas e/ou jurídicas especializadas para a prestação de serviços de prospecção e captação de patrocínios, públicos ou privados, destinados à realização da EXPOBARRA 2026, em regime paralelo e não excludente, sem garantia de exclusividade, mediante condições padronizadas e remuneração vinculada exclusivamente ao êxito da captação, conforme as condições estabelecidas no Edital, no Termo de Referência e nos demais anexos",0.0,2026-09-18T00:00:00,2026-10-19T00:00:00,29116902000170-1-000044/2026,https://licitanet.com.br/sessao/202316,False,Não se aplica,29116902000170
6,Pregão - Eletrônico,Divulgada no PNCP,M,,985919,PREFEITURA MUNICIPAL DE TRES RIOS - RJ,RJ,Três Rios,"Aquisição de Medicamentos dos itens fracassados e/ou desertos no Processo Administrativo nº 15220/2025 e novamente desertos no Pregão Eletrônico nº 109/2026, para a Unidade de Pronto Atendimento - UPA 24h de Três Rios",739984.06,2026-10-02T17:00:00,2026-10-19T08:00:00,29138377000193-1-000141/2026,https://cnetmobile.estaleiro.serpro.gov.br/comprasnet-web/public/compras/acompanhamento-compra?compra=98591905001232026,True,Aberto,29138377000193
8,Dispensa de Licitação,Divulgada no PNCP,F,,154034,MEC-UNIRIO-FUND.UNIVERS.DO RIO DE JANEIRO/RJ,RJ,Rio de Janeiro,"As disciplinas dos cursos vinculados ao Centro de Ciências Biológicas e da Saúde (CCBS) necessitam de maior interação com as técnicas realizadas nos laboratórios de Biologia Molecular e Celular. Essa interação deve ocorrer não apenas de forma teórica, mas também no âmbito prático, por atividades em laboratórios de ensino.",61016.53,2026-10-13T08:00:00,2026-10-19T08:00:00,34023077000107-1-000072/2026,https://cnetmobile.estaleiro.serpro.gov.br/comprasnet-web/public/compras/acompanhamento-compra?compra=15403406001762026,False,Dispensa Com Disputa,34023077000107
8,Dispensa de Licitação,Divulgada no PNCP,F,,153010,MEC-CEFET-CENT.FED.ED.TEC.CELSO S.FONSECA/RJ,RJ,Rio de Janeiro," Aquisição de equipamentos, periféricos, acessórios e insumos para informática e impressão 3D para o campus Nova Friburgo",11055.8,2026-10-14T08:00:00,2026-10-19T08:00:00,42441758000105-1-000171/2026,https://cnetmobile.estaleiro.serpro.gov.br/comprasnet-web/public/compras/acompanhamento-compra?compra=15301006002352026,False,Dispensa Com Disputa,42441758000105
8,Dispensa de Licitação,Divulgada no PNCP,F,,170116,SUP.REGIONAL RECEITA FEDERAL 7A.RF/RJ,RJ,Rio de Janeiro,"Contratação de empresa para a prestação dos serviços para diagnóstico, conserto e manutenção corretiva das fragmentadoras de papel, incluindo todos os materiais necessários ao serviço.",0.0,2026-10-06T10:00:00,2026-10-19T08:00:00,00394460000141-1-000721/2026,https://cnetmobile.estaleiro.serpro.gov.br/comprasnet-web/public/compras/acompanhamento-compra?compra=17011606001442026,False,Dispensa Com Disputa,00394460000141
6,Pregão - Eletrônico,Divulgada no PNCP,M,,931348,MRJ-FUNDO MUNICIPAL DE EDUCAÇÃO DE QUEIMADOS,RJ,Queimados,"Contratação de Empresa(s) Especializada(s) para a prestação de serviços de transporte escolar, com fornecimento de veículos, combustível, seguros, motoristas, monitores e manutenção da frota, pelo critério de quilômetro rodado, de forma contínua, sem dedicação exclusiva de mão de obra, visando atender as necessidades da SEMED para o Transporte Escolar dos alunos da Rede Municipal de Educação e nas demais atividades da SEMED",6370786.56,2026-10-01T08:00:00,2026-10-19T08:59:00,52020762000153-1-000007/2026,https://cnetmobile.estaleiro.serpro.gov.br/comprasnet-web/public/compras/acompanhamento-compra?compra=93134805000022026,False,Aberto,52020762000153
8,Dispensa de Licitação,Divulgada no PNCP,M,,929019,FUNDO MUN.DE ASSIST.SOCIAL DO RIO DAS FLORES,RJ,Rio das Flores,Contratação de empresa para prestação de serviços gráficos para atender as demandas dos equipamentos da Assistência Social.,16394.23,2026-10-07T09:00:00,2026-10-19T08:59:00,13774491000170-1-000007/2026,https://cnetmobile.estaleiro.serpro.gov.br/comprasnet-web/public/compras/acompanhamento-compra?compra=92901906000082026,False,Dispensa Com Disputa,13774491000170
4,Concorrência - Eletrônica,Anulada,M,,918,Barra Mansa,RJ,Barra Mansa,"OBJETO: REGISTRO DE PREÇOS PARA EVENTUAL CONTRATAÇÃO DE EMPRESA ESPECIALIZADA EM MODERNIZAÇÃO E MANUTENÇÃO DA SINALIZAÇÃO VIÁRIA DO MUNICÍPIO, COMPREENDENDO SINALIZAÇÃO VERTICAL, SINALIZAÇÃO HORIZONTAL, SINALIZAÇÃO COM NOMES DE LOGRADOUROS, BAIRROS E SINALIZAÇÃO SEMAFÓRICA, COM FORNECIMENTO DE MATERIAIS E EQUIPAMENTOS.",0.0,2026-10-01T17:30:00,2026-10-19T09:00:00,28695658000184-1-000121/2026,,False,Aberto,28695658000184
6,Pregão - Eletrônico,Divulgada no PNCP,F,,173039,MF-SUSEP-SUPERINT.DE SEGUROS PRIVADOS/RJ,RJ,Rio de Janeiro,Contratação de serviços contínuos de outsourcing de almoxarifado virtual in company,477654.36,2026-10-01T08:00:00,2026-10-19T09:00:00,42354068000119-1-000067/2026,https://cnetmobile.estaleiro.serpro.gov.br/comprasnet-web/public/compras/acompanhamento-compra?compra=17303905000822026,False,Aberto-Fechado,42354068000119
6,Pregão - Eletrônico,Divulgada no PNCP,M,,985811,PREFEITURA MUNICIPAL BOM JESUS DO ITABAPOANA,RJ,Bom Jesus do Itabapoana,"CONTRATAÇÃO DE EMPRESA ESPECIALIZADA PARA PRESTAÇÃO DE SERVIÇOS CONTÍNUOS DE LIMPEZA URBANA, COMPREENDENDO A VARRIÇÃO MANUAL DE RUAS, AVENIDAS, PRAÇAS E DEMAIS LOGRADOUROS PÚBLICOS, A LIMPEZA DE MEIO-FIO E SARJETAS, CAPINA, ROÇADA, PODA DE ÁRVORES, CORTE DE GRAMA E MANUTENÇÃO DE ÁREAS AJARDINADAS, PINTURA DE MEIO-FIO, BEM COMO A COLETA E O TRANSPORTE DE RESÍDUOS SÓLIDOS URBANOS E DOS RESÍDUOS PROVENIENTES DOS SERVIÇOS DE PODA, INCLUINDO O FORNECIMENTO DE MÃO DE OBRA, VEÍCULOS, MÁQUINAS, EQUIPAME",11397065.52,2026-09-29T17:09:00,2026-10-19T09:00:00,29112760000172-1-000244/2026,https://cnetmobile.estaleiro.serpro.gov.br/comprasnet-web/public/compras/acompanhamento-compra?compra=98581105002092026,False,Aberto,29112760000172
6,Pregão - Eletrônico,Divulgada no PNCP,M,,867,FUNDO MUNICIPAL DE ASSISTÊNCIA SOCIAL DE SUMIDOURO/RJ,RJ,Sumidouro,"[LICITANET] - EVENTUAL AQUISIÇÃO DE MATERIAL DE COPA, HIGIENE E LIMPEZA - SRP",370436.15,2026-09-30T10:04:36,2026-10-19T09:00:00,14226731000164-1-000019/2026,https://licitanet.com.br/sessao/203288,True,Aberto,14226731000164
6,Pregão - Eletrônico,Divulgada no PNCP,M,,985833,PREFEITURA MUNICIPAL DE DUQUE DE CAXIAS -RJ,RJ,Duque de Caxias,"REGISTRO DE PREÇO PARA FUTURA E EVENTUAL AQUISIÇÃO DE DISPOSITIVOS E INSUMOS MÉDICOS PARA MANUTENÇÃO DOS PROCEDIMENTOS NO HOSPITAL DO OLHO JÚLIO DE CÂNDIDO BRITO, EM ATENDIMENTO ÀS NECESSIDADES DA SECRETARIA MUNICIPAL DE SÁUDE DE DUQUE DE CAXIAS, conforme especificações e quantidades estabelecidas no Termo de Referência no Edital e seus Anexos.",20913744.96,2026-10-02T08:00:00,2026-10-19T09:00:00,29138328000150-1-000091/2026,https://cnetmobile.estaleiro.serpro.gov.br/comprasnet-web/public/compras/acompanhamento-compra?compra=98583305000642026,True,Aberto,29138328000150
6,Pregão - Eletrônico,Divulgada no PNCP,M,,926850,FUNDO MUNICIPAL DE SAÚDE DE VOLTA REDONDA-RJ,RJ,Volta Redonda,"Aquisição de Equipamentos Médico Hospitalar, essa aquisição visa atender a proposta cadastrada sob o nº 39563911000125003, referente a recurso de emenda Parlamentar.",68936.0,2026-10-02T09:00:00,2026-10-19T09:00:00,39563911000162-1-000203/2026,https://cnetmobile.estaleiro.serpro.gov.br/comprasnet-web/public/compras/acompanhamento-compra?compra=92685005001362026,False,Aberto-Fechado,39563911000162
6,Pregão - Eletrônico,Divulgada no PNCP,M,,985903,MRJ-PREFEITURA MUNICIPAL SÃO PEDRO DA ALDEIA,RJ,São Pedro da Aldeia,"Registro de preços para seleção da proposta mais vantajosa para futura e eventual aquisição de aparelhos telefônicos móveis e contratação de serviços de telefonia móvel corporativa, visando atender as necessidades das Secretarias interessadas, conforme condições, quantidades e exigências estabelecidas neste Edital e seus Anexos.",136718.4,2026-10-02T09:00:00,2026-10-19T09:00:00,28909604000174-1-000115/2026,https://cnetmobile.estaleiro.serpro.gov.br/comprasnet-web/public/compras/acompanhamento-compra?compra=98590305005352026,True,Aberto,28909604000174
6,Pregão - Eletrônico,Divulgada no PNCP,F,,254420,FUNDACAO OSWALDO CRUZ/RJ,RJ,Rio de Janeiro,"O objeto da presente contratação é o fornecimento contínuo de água mineral, em garrafões de 20 vinte litros, com disponibilização dos recipientes em regime de comodato, conforme condições, quantidades e exigências estabelecidas neste Edital e seus anexos.",773393.5,2026-10-06T08:00:00,2026-10-19T09:00:00,33781055000135-1-001704/2026,https://cnetmobile.estaleiro.serpro.gov.br/comprasnet-web/public/compras/acompanhamento-compra?compra=25442005001822026,False,Aberto,33781055000135
6,Pregão - Eletrônico,Divulgada no PNCP,M,,985847,PREFEITURA MUNICIPAL DE MACAE - RJ,RJ,Macaé,"Contratação de empresa especializada para prestação de serviços de produção e decoração com o fornecimento de infraestrutura, locação, colocação, instalação, manutenção, conservação e retirada de ornamentação e iluminação cênica alusiva ao natal, por sua própria responsabilidade técnica e operacional no município de Macaé, para atender às necessidades da Secretaria Municipal de Turismo",16381822.57,2026-10-05T08:00:00,2026-10-19T09:00:00,29115474000160-1-000658/2026,https://cnetmobile.estaleiro.serpro.gov.br/comprasnet-web/public/compras/acompanhamento-compra?compra=98584705006542026,False,Aberto,29115474000160
6,Pregão - Eletrônico,Divulgada no PNCP,F,,250052,INSTITUTO NACIONAL DO CANCER - RJ,RJ,Rio de Janeiro,"Aquisição de Sistema de Fotodocumentação.
 ",1646187.74,2026-10-05T09:00:00,2026-10-19T09:00:00,00394544000185-1-003222/2025,https://cnetmobile.estaleiro.serpro.gov.br/comprasnet-web/public/compras/acompanhamento-compra?compra=25005205007092025,False,Aberto,00394544000185
6,Pregão - Eletrônico,Divulgada no PNCP,F,,120195,CENTRO DE AQUISIÇÕES ESPECIFICAS,RJ,Rio de Janeiro,Aquisição de compressores de ar e demais componentes acessórios afetos para a Odontologia do HCA,231922.08,2026-10-06T09:00:00,2026-10-19T09:00:00,00394429000100-1-002567/2026,https://cnetmobile.estaleiro.serpro.gov.br/comprasnet-web/public/compras/acompanhamento-compra?compra=12019505006852026,True,Aberto-Fechado,00394429000100
6,Pregão - Eletrônico,Divulgada no PNCP,E,,296100,FUNDO ESTADUAL DE SAÚDE,RJ,Rio de Janeiro,"O presente Termo de Referência tem por objetivo apontar os fundamentos da contratação proposta e sua viabilidade para aquisição de medicamentos, com a finalidade de atender às unidades de saúde sob gestão desta Secretaria de Estado de Saúde do Rio de Janeiro (SES/RJ), Departamento Geral de Ações Socioeducativas (DEGASE) e Secretaria de Estado de Administração Penitenciária (SEAP), conforme condições, quantidades, exigências e estimativas estabelecidas neste instrumento. 

          Cabe registrar que a Assessoria de Atendimento às Demandas Judiciais (ASSADJ) demonstrou interesse nos medicamentos deste estudo para garantir o atendimento das ações judiciais dos medicamentos em questão.

Apesar de divisível, o parcelamento do objeto em múltiplas licitações teria como provável consequência a perda de economia de escala, diminuindo a capacidade de reduzir o preço através da diluição dos custos fixos da operação. Considerando que não se vislumbra ampliação da competitividade e aumento na vantajosidade da contratação em função do parcelamento, sugere-se que o objeto não seja parcelado.

O objeto a ser contratado é de natureza comum nos termos do parágrafo único, do artigo 6º, inciso XIII da Lei nº 14.133/2021. As especificações dos medicamentos estão definidas de forma clara, objetiva e as unidades de medida atendem ao princípio da padronização usual existente no mercado:",0.0,2026-10-05T09:50:00,2026-10-19T09:00:00,42498600000171-1-004267/2026,https://www.compras.rj.gov.br/EditaisLicitacoes/detalhar.action?idLic=37545,True,Aberto,42498600000171
6,Pregão - Eletrônico,Divulgada no PNCP,M,,918,Barra Mansa,RJ,Barra Mansa,"REGISTRO DE PREÇOS PARA EVENTUAL CONTRATAÇÃO DE EMPRESA ESPECIALIZADA EM MODERNIZAÇÃO E MANUTENÇÃO DA SINALIZAÇÃO VIÁRIA DO MUNICÍPIO, COMPREENDENDO SINALIZAÇÃO VERTICAL, SINALIZAÇÃO HORIZONTAL, SINALIZAÇÃO COM NOMES DE LOGRADOUROS, BAIRROS E SINALIZAÇÃO SEMAFÓRICA, COM FORNECIMENTO DE MATERIAIS E EQUIPAMENTOS",16414568.52,2026-10-05T14:00:00,2026-10-19T09:00:00,28695658000184-1-000122/2026,,False,Aberto,28695658000184
6,Pregão - Eletrônico,Divulgada no PNCP,F,,250059,INSTITUTO NACIONAL DE CARDIOLOGIA,RJ,Rio de Janeiro,"Materiais Hospitalares (BOLSA COLETORA DE ORGÃO , FRASCO DESCARTÁVEL COLETOR DE URINA E OUTROS)",773063.49,2026-10-06T08:00:00,2026-10-19T09:00:00,00394544000185-1-002185/2026,https://cnetmobile.estaleiro.serpro.gov.br/comprasnet-web/public/compras/acompanhamento-compra?compra=25005905004072026,True,Aberto,00394544000185
6,Pregão - Eletrônico,Divulgada no PNCP,F,,250052,INSTITUTO NACIONAL DO CANCER - RJ,RJ,Rio de Janeiro,Aquisição de Sistema NIM e Tubos de Gastrostomia,4203875.0,2026-10-06T09:00:00,2026-10-19T09:00:00,00394544000185-1-003225/2025,https://cnetmobile.estaleiro.serpro.gov.br/comprasnet-web/public/compras/acompanhamento-compra?compra=25005205000492025,False,Aberto,00394544000185
6,Pregão - Eletrônico,Divulgada no PNCP,F,,160327,INSTITUTO MILITAR DE ENGENHARIA/RJ,RJ,Rio de Janeiro,"Aquisição de relé multifuncional digital de proteção, controle e monitoramento de sistemas elétricos, com comunicação IEC 61850, para o Laboratório de Segurança Cibernética de Sistemas Ciberfísicos (LaSC), do Instituto Militar de Engenharia (IME).",78030.46,2026-10-06T09:00:00,2026-10-19T09:00:00,00394452000103-1-021606/2026,https://cnetmobile.estaleiro.serpro.gov.br/comprasnet-web/public/compras/acompanhamento-compra?compra=16032705002772026,False,Aberto-Fechado,00394452000103
6,Pregão - Eletrônico,Divulgada no PNCP,M,,1527,MUNICÍPIO DE PORCIÚNCULA/RJ,RJ,Porciúncula,"[LICITANET] - AQUISIÇÃO DE EQUIPAMENTOS E MATERIAL PERMANENTE DESTINADOS ÀS UNIDADES BÁSICAS DE SAÚDE, MÓDULO PSF CRISTO REI E MÓDULO PSF PURILÂNDIA, PARA ATENDIMENTO DAS NECESSIDADES DA SECRETARIA MUNICIPAL DE SAÚDE DE PORCIÚNCULA/RJ, REFERENTE À PROPOSTA Nº 12097798000126001/2026 E À EMENDA PARLAMENTAR Nº 42100004, DO MINISTÉRIO DA SAÚDE/FUNDO NACIONAL DE SAÚDE",199836.0,2026-10-06T11:26:11,2026-10-19T09:00:00,28920999000106-1-000033/2026,https://licitanet.com.br/sessao/203904,False,Aberto,28920999000106
6,Pregão - Eletrônico,Divulgada no PNCP,F,,160315,CENTRO DE CAPACITAÇÃO FÍSICA DO EXÉRCITO,RJ,Rio de Janeiro, Aquisição de materiais de expediente e de acondicionamento e embalagem,6968147.18,2026-10-06T09:00:00,2026-10-19T09:01:00,00394452000103-1-020582/2026,https://cnetmobile.estaleiro.serpro.gov.br/comprasnet-web/public/compras/acompanhamento-compra?compra=16031505000772026,True,Aberto,00394452000103
6,Pregão - Eletrônico,Divulgada no PNCP,M,,6205,Prefeitura Municipal de Barra Mansa,RJ,Barra Mansa,"REGISTRO DE PREÇOS PARA MODERNIZAÇÃO E MANUTENÇÃO DA SINALIZAÇÃO VIÁRIA DO MUNICÍPIO, COMPREENDENDO SINALIZAÇÃO VERTICAL, SINALIZAÇÃO HORIZONTAL, SINALIZAÇÃO COM NOMES DE LOGRADOUROS E BAIRRO E SINALIZAÇÃO SEMAFÓRICA, COM FORNECIMENTO DE MATERIAIS E EQUIPAMENTOS PARA A SUA CONSERVAÇÃO",16414568.52,2026-10-19T09:00:00,2026-10-19T09:01:00,28695658000184-1-000123/2026,https://www.gp.srv.br/transparencia_barramansa/servlet/licitacoes_v2?1,True,Aberto,28695658000184
6,Pregão - Eletrônico,Divulgada no PNCP,F,,254446,INSTITUTO DE TECNOLOGIA EM FARMACOS,RJ,Rio de Janeiro,Aquisição de REAGENTES,0.0,2026-09-25T08:00:00,2026-10-19T09:30:00,33781055000135-1-001670/2026,https://cnetmobile.estaleiro.serpro.gov.br/comprasnet-web/public/compras/acompanhamento-compra?compra=25444605008732026,False,Aberto-Fechado,33781055000135
6,Pregão - Eletrônico,Divulgada no PNCP,F,,160249,ACADEMIA MILITAR DAS AGULHAS NEGRAS/RJ,RJ,Resende,Contratação de serviços contínuos de locação de equipamentos de sonorização em favor da Academia Militar das Agulhas Negras.,168319.92,2026-10-02T09:30:00,2026-10-19T09:30:00,00394452000103-1-001087/2027,https://cnetmobile.estaleiro.serpro.gov.br/comprasnet-web/public/compras/acompanhamento-compra?compra=16024905000922027,True,Aberto-Fechado,00394452000103
6,Pregão - Eletrônico,Divulgada no PNCP,M,,2040,MUNICÍPIO DE BOM JARDIM/RJ,RJ,Bom Jardim,"[LICITANET] - Serviços de recarga e manutençao preventiva e corretiva de toners, cartuchos e cilindros utilizados em impressoras laser e jato de tinta pertencentes às diversas Secretarias e setores da Prefeitura Municipal de Bom Jardim/RJ",163476.48,2026-09-30T13:10:56,2026-10-19T09:32:00,28561041000176-1-000033/2026,https://licitanet.com.br/sessao/203345,True,Aberto,28561041000176
6,Pregão - Eletrônico,Divulgada no PNCP,M,,980770,PREFEITURA MUNICIPAL DE ARMAÇÃO DOS BÚZIOS-RJ,RJ,Armação dos Búzios,"Registro de preços para Contratação de empresa especializada no fornecimento de KIT CESTA BÁSICA, KIT LIMPEZA, KIT DORMIÓRIO E KIT HIGIENE,",1790662.98,2026-10-06T08:00:00,2026-10-19T09:55:00,01616171000102-1-000082/2026,https://cnetmobile.estaleiro.serpro.gov.br/comprasnet-web/public/compras/acompanhamento-compra?compra=98077005000332026,False,Aberto,01616171000102
4,Concorrência - Eletrônica,Divulgada no PNCP,M,,6733,Prefeitura Municipal de Queimados,RJ,Queimados,[Portal de Compras Públicas] - Contratação de empresa especializada para obra de execução de rede de drenagem urbana e pavimentação de logradouros públicos no Bairro Vila Camorim do município de Queimados – RJ.,3253962.68,2026-10-02T09:59:00,2026-10-19T09:59:00,39485412000102-1-000052/2026,https://www.portaldecompraspublicas.com.br/processos/RJ/Prefeitura-Municipal-de-Queimados-3845/CPMP-21-2026-2026-515687,False,Aberto,39485412000102
6,Pregão - Eletrônico,Divulgada no PNCP,M,,986001,MRJ-PREFEITURA MUNICIPAL DO RIO DE JANEIRO,RJ,Rio de Janeiro,"Prestação de serviços de fornecimento de Vale Alimentação e Vale Refeição, na modalidade cartão eletrônico com chip de segurança. A prestação de serviços de fornecimento de Vale Alimentação e Vale Refeição destina-se aos empregados da COMLURB, estendendo-se essa prestação de serviços também à RIOTUR, RIOLUZ, RIOFILME, IMPRENSA DA CIDADE, MULTIRIO, CET-RIO, IPLANRIO, RIO-URBE, RIOSAÚDE, RIOEVENTOS e MOBI-RIO nas condições definidas no Termo de Referência...",881472736.34,2026-09-25T09:00:00,2026-10-19T09:59:00,42498733000148-1-001901/2026,https://cnetmobile.estaleiro.serpro.gov.br/comprasnet-web/public/compras/acompanhamento-compra?compra=98600105016362026,True,Aberto,42498733000148
6,Pregão - Eletrônico,Divulgada no PNCP,M,,596,Prefeitura Municipal de Paraíba do Sul - RJ,RJ,Paraíba do Sul,"Registro de preços para futura e eventual contratação de empresa especializada para execução, sob demanda, de serviços comuns de engenharia de manutenção predial preventiva e corretiva nos prédios e equipamentos públicos do Município de Paraíba do Sul/RJ que não disponham de cobertura contratual específica, com fornecimento de materiais, insumos, equipamentos, ferramentas, transporte, mão de obra, proteção coletiva e individual e demais recursos necessários à perfeita execução.",17169726.26,2026-10-01T09:59:00,2026-10-19T09:59:00,29138385000130-1-000053/2026,https://comprasbr.com.br/pregao-eletronico-detalhe/?idlicitacao=48701,True,Aberto,29138385000130
6,Pregão - Eletrônico,Divulgada no PNCP,E,,510100,Secretaria de Estado de Polícia Militar,RJ,Rio de Janeiro,Aquisição do 3º Uniforme do Regulamento de Uniformes da Polícia Militar do Estado do Rio de Janeiro (RUPMERJ),139057.9,2026-10-06T10:00:00,2026-10-19T09:59:00,42498600000171-1-004274/2026,https://www.compras.rj.gov.br/EditaisLicitacoes/detalhar.action?idLic=37491,False,Aberto,42498600000171
6,Pregão - Eletrônico,Divulgada no PNCP,M,,2881,MUNICIPIO DE ARARUAMA - RJ ,RJ,Araruama,"[LICITANET] - Registro de Preços para futura e eventual contratação de empresas especializadas no fornecimento de medicamentos veterinários, destinados ao atendimento das demandas da Clínica Animal Municipal, do Botânico das Asas e do Canil da Guarda Municipal.",1797452.13,2026-10-01T15:24:50,2026-10-19T10:00:00,28531762000133-1-000047/2026,https://licitanet.com.br/sessao/190119,True,Aberto,28531762000133
6,Pregão - Eletrônico,Divulgada no PNCP,F,,250031,SUPERINTENDENCIA ESTADUAL DO MS/RJ,RJ,Rio de Janeiro,"Aquisição de gêneros alimentícios perecíveis (não estocáveis) e não perecíveis (estocáveis) para atender às necessidades da Creche Albert Sabin.
",591872.33,2026-09-28T10:00:00,2026-10-19T10:00:00,00394544000185-1-001961/2026,https://cnetmobile.estaleiro.serpro.gov.br/comprasnet-web/public/compras/acompanhamento-compra?compra=25003105000012026,True,Aberto,00394544000185
6,Pregão - Eletrônico,Divulgada no PNCP,M,,929116,FUNDAÇÃO MUNICIPAL DE SAÚDE DE SAO GONÇALO,RJ,São Gonçalo,Equipamentos Odontológicos,434102.72,2026-09-23T10:00:00,2026-10-19T10:00:00,39260120000163-1-000030/2026,https://cnetmobile.estaleiro.serpro.gov.br/comprasnet-web/public/compras/acompanhamento-compra?compra=92911605000112026,True,Aberto,39260120000163
6,Pregão - Eletrônico,Divulgada no PNCP,F,,443055,UAAF/INST.CHICO MENDES CONS.BIO RIO DE JANEIR,RJ,Rio de Janeiro,"A necessidade da contratação decorre da insuficiência, desgaste e necessidade de complementação e atualização da sinalização ambiental existente, bem como da necessidade de implantação de novos elementos de comunicação visual nas Unidades de Conservação contempladas pela ação, de modo a assegurar condições adequadas de orientação, segurança, educação ambiental e ordenamento da visitação.
A contratação pretendida visa proporcionar maior eficiência nas atividades de uso público, educação ambiental e demais ações institucionais desenvolvidas no âmbito das Unidades de Conservação contempladas, contribuindo para o cumprimento das atribuições institucionais do ICMBIO e MOSAICO CARIOCA e para o adequado ordenamento da visitação.
As placas e respectivas estruturas de sustentação deverão atender às especificações técnicas definidas pela Administração, observando critérios de qualidade, durabilidade, resistência, segurança, economicidade e sustentabilidade, bem como as condições ambientais e operacionais dos locais de instalação.
A contratação permitirá suprir as demandas atuais de sinalização ambiental, contribuindo para a melhoria da infraestrutura de visitação, a orientação dos usuários, a segurança dos visitantes, a educação ambiental e a proteção dos recursos naturais.",142273.5,2026-09-21T09:00:00,2026-10-19T10:00:00,08829974000194-1-000052/2026,https://cnetmobile.estaleiro.serpro.gov.br/comprasnet-web/public/compras/acompanhamento-compra?compra=44305505000382026,False,Aberto,08829974000194
6,Pregão - Eletrônico,Divulgada no PNCP,F,,153167,COLEGIO PEDRO II/REITORIA,RJ,Rio de Janeiro,"Aquisição de material de papelaria, expediente e apoio pedagógico para a Reitoria e Campi do Colégio Pedro II",11015339.71,2026-09-25T08:00:00,2026-10-19T10:00:00,42414284000102-1-000194/2026,https://cnetmobile.estaleiro.serpro.gov.br/comprasnet-web/public/compras/acompanhamento-compra?compra=15316705001072026,True,Aberto,42414284000102
6,Pregão - Eletrônico,Divulgada no PNCP,M,,926946,PREFEITURA MUNICIPAL DE SÃO GONÇALO-RJ,RJ,São Gonçalo,"Aquisição de gêneros alimentícios especiais e convencionais, incluindo produtos sem glúten, sem lactose, diet, zero açúcar e similares, destinados ao atendimento de crianças e adolescentes com restrições alimentares, bem como à composição de kits 
e refeições em datas comemorativas. ",637363.44,2026-10-02T09:00:00,2026-10-19T10:00:00,28636579000100-1-000043/2026,https://cnetmobile.estaleiro.serpro.gov.br/comprasnet-web/public/compras/acompanhamento-compra?compra=92694605000232026,True,Aberto,28636579000100
6,Pregão - Eletrônico,Divulgada no PNCP,M,,985853,MRJ-PREFEITURA MUNICIPAL DE MARICA,RJ,Maricá,"Registro de preço para contratação de empresa especializada no serviço de Instalação e Operacionalização de Salas Sensoriais de Regulação para pessoas com deficiência – PCD, para eventos realizados no município de Maricá.",1999260.0,2026-10-02T10:00:00,2026-10-19T10:00:00,29131075000193-1-000432/2026,https://cnetmobile.estaleiro.serpro.gov.br/comprasnet-web/public/compras/acompanhamento-compra?compra=98585305004572026,True,Aberto,29131075000193
6,Pregão - Eletrônico,Divulgada no PNCP,M,,985893,PREFEITURA MUNICIPAL DE STO.ANT. DE PADUA-RJ,RJ,Santo Antônio de Pádua,"CONTRATAÇÃO DE INSTITUIÇÃO FINANCEIRA, PÚBLICA OU PRIVADA, INCLUSIVE COOPERATIVA DE CRÉDITO, AUTORIZADA A FUNCIONAR PELO BANCO CENTRAL DO BRASIL, PARA A GESTÃO DA FOLHA DE PAGAMENTO DO MUNICÍPIO DE SANTO ANTÔNIO DE PÁDUA/RJ",4643359.32,2026-10-02T08:00:00,2026-10-19T10:00:00,29114139000148-1-000012/2026,https://cnetmobile.estaleiro.serpro.gov.br/comprasnet-web/public/compras/acompanhamento-compra?compra=98589305000032026,False,Aberto,29114139000148
6,Pregão - Eletrônico,Divulgada no PNCP,F,,120039,MAER-GRUPAMENTO DE APOIO/RJ,RJ,Rio de Janeiro,"Contratação de serviços contínuos de limpeza e conservação de áreas internas, externas, esquadrias externas, fachadas envidraçadas e áreas hospitalares, a serem executados com regime de dedicação exclusiva de mão de obra e fornecimento de insumos ao Hospital Central da Aeronáutica (HCA).",9646857.12,2026-10-02T10:00:00,2026-10-19T10:00:00,00394429000100-1-002551/2026,https://cnetmobile.estaleiro.serpro.gov.br/comprasnet-web/public/compras/acompanhamento-compra?compra=12003905001882026,False,Aberto-Fechado,00394429000100
6,Pregão - Eletrônico,Divulgada no PNCP,F,,389090,CRJ-CONSELHO REGI. DE ENGENHARIA E AGRONOMIA,RJ,Rio de Janeiro,"Registro de Preços para a futura e eventual contratação de empresa, para o fornecimento, sob demanda, de materiais de expediente e apoio administrativo destinados às unidades do Crea-RJ (Sede, Coordenações Regionais, Inspetorias e Postos de Relacionamento)
",340111.6,2026-10-06T10:00:00,2026-10-19T10:00:00,34260596000180-1-000063/2026,https://cnetmobile.estaleiro.serpro.gov.br/comprasnet-web/public/compras/acompanhamento-compra?compra=38909005000652026,True,Aberto,34260596000180
6,Pregão - Eletrônico,Divulgada no PNCP,E,,296100,FUNDO ESTADUAL DE SAÚDE,RJ,Rio de Janeiro,"1.1. O presente termo de referência tem por objetivo estabelecer as condições para fornecimento do(s) medicamento(s): ENANTADO DE FLUFENAZINA 25 MG/ML e VALPROATO DE SÓDIO 500 MG COMPRIMIDO REVESTIDO através do Pregão Eletrônico para Registro de Preços, visando suprir as necessidades da Assessoria de Mandados Judiciais da Secretaria de Estado de Saúde do Rio de Janeiro, de acordo com as condições e especificações constantes neste Termo de Referência e no Edital, sob a égide da Lei n° 14.133/2021.

",0.0,2026-10-05T09:35:00,2026-10-19T10:00:00,42498600000171-1-004264/2026,https://www.compras.rj.gov.br/EditaisLicitacoes/detalhar.action?idLic=37542,True,Aberto,42498600000171
6,Pregão - Eletrônico,Divulgada no PNCP,E,,296100,FUNDO ESTADUAL DE SAÚDE,RJ,Rio de Janeiro,"1.1. O presente termo de referência tem por objetivo estabelecer as condições para fornecimento do(s) medicamento(s): CLORIDRATO DE DULOXETINA 30 MG CÁPSULA DE LIBERAÇÃO PROLONGADA e CLORIDRATO DE DULOXETINA 60 MG CÁPSULA DE LIBERAÇÃO PROLONGADA através do Pregão Eletrônico para Registro de Preços, visando suprir as necessidades da Assessoria de Mandados Judiciais da Secretaria de Estado de Saúde do Rio de Janeiro, de acordo com as condições e especificações constantes neste Termo de Referência e no Edital, sob a égide da Lei n° 14.133/2021.",0.0,2026-10-05T09:45:00,2026-10-19T10:00:00,42498600000171-1-004266/2026,https://www.compras.rj.gov.br/EditaisLicitacoes/detalhar.action?idLic=37544,True,Aberto,42498600000171
6,Pregão - Eletrônico,Divulgada no PNCP,E,,296100,FUNDO ESTADUAL DE SAÚDE,RJ,Rio de Janeiro,Insumos  nutricionais OAC MED B e GAC MED B,0.0,2026-10-05T09:55:00,2026-10-19T10:00:00,42498600000171-1-004268/2026,https://www.compras.rj.gov.br/EditaisLicitacoes/detalhar.action?idLic=37546,True,Aberto,42498600000171
6,Pregão - Eletrônico,Divulgada no PNCP,F,,250057,INSTITUTO NACIONAL DE TRAUMATO-ORTOPEDIA,RJ,Rio de Janeiro,Aquisição de implantes Ortopédicos em Regime de Consignação com Comodato (Sistema de Fixação Vertebral Via Posterior e Outros),0.0,2026-10-06T10:00:00,2026-10-19T10:00:00,00394544000185-1-002184/2026,https://cnetmobile.estaleiro.serpro.gov.br/comprasnet-web/public/compras/acompanhamento-compra?compra=25005705001352026,True,Aberto-Fechado,00394544000185
6,Pregão - Eletrônico,Divulgada no PNCP,F,,250057,INSTITUTO NACIONAL DE TRAUMATO-ORTOPEDIA,RJ,Rio de Janeiro,AQUISIÇÃO DE MATERIAL DE CONSUMO (GEL ELETROCONDUTOR E OUTROS) REPETIÇÃO DE LICITAÇÃO,17405.88,2026-10-06T10:00:00,2026-10-19T10:00:00,00394544000185-1-002186/2026,https://cnetmobile.estaleiro.serpro.gov.br/comprasnet-web/public/compras/acompanhamento-compra?compra=25005705003582026,True,Aberto-Fechado,00394544000185
6,Pregão - Eletrônico,Divulgada no PNCP,F,,250057,INSTITUTO NACIONAL DE TRAUMATO-ORTOPEDIA,RJ,Rio de Janeiro,AQUISIÇÃO DE MATERIAL DE CONSUMO (MEIO ISCOVE'S PARA CULTURA CELULAR)),0.0,2026-10-06T10:00:00,2026-10-19T10:00:00,00394544000185-1-002190/2026,https://cnetmobile.estaleiro.serpro.gov.br/comprasnet-web/public/compras/acompanhamento-compra?compra=25005705002642026,True,Aberto-Fechado,00394544000185
6,Pregão - Eletrônico,Divulgada no PNCP,E,,490100,SEC EST DIR HUM E POL PARA MUL E IDOSOS,RJ,Rio de Janeiro,"Prestação de serviços de locação de veículos automotores, sem motorista e sem fornecimento de combustível, incluindo manutenção preventiva e corretiva, seguro total, assistência operacional, serviço de reboque, substituição de veículos indisponíveis, quilometragem livre e demais encargos necessários à adequada execução contratual, destinados ao atendimento das demandas administrativas, técnicas e operacionais da Secretaria de Estado de Desenvolvimento Social e Direitos Humanos do Rio de Janeiro.",10581653.28,2026-10-02T09:00:00,2026-10-19T10:30:00,42498600000171-1-004242/2026,https://www.compras.rj.gov.br/EditaisLicitacoes/detalhar.action?idLic=37533,False,Aberto-Fechado,42498600000171
6,Pregão - Eletrônico,Divulgada no PNCP,E,,927919,DEFENSORIA PÚBLICA DO EST DO RIO DE JANEIRO,RJ,Rio de Janeiro,"REGISTRO DE PREÇOS DE SERVIÇOS PARA CONTRATAÇÃO DE EMPRESA ESPECIALIZADA PARA O FORNECIMENTO DE LICENCIAMENTO DE SOLUÇÃO DE EDR (ENDPOINT DETECTION AND RESPONSE), SOB DEMANDA, NA MODALIDADE SAAS, DESTINADA À PROTEÇÃO DE ATÉ 9.542 ATIVOS, CONTEMPLANDO SUPORTE TÉCNICO 24X7, COM TEMPO DE RESPOSTA DE ATÉ 4 (QUATRO) HORAS PARA INCIDENTES CRÍTICOS, ATUALIZAÇÕES, GARANTIA E DEMAIS SERVIÇOS ASSOCIADOS, CONSULTORIA TÉCNICA REMOTA (8X5), COM VIGÊNCIA CONTRATUAL PELO PERÍODO DE 36 (TRINTA E SEIS) MESES",0.0,2026-10-02T08:00:00,2026-10-19T11:00:00,31443526000170-1-000039/2026,https://cnetmobile.estaleiro.serpro.gov.br/comprasnet-web/public/compras/acompanhamento-compra?compra=92791905000262026,True,Aberto,31443526000170
6,Pregão - Eletrônico,Divulgada no PNCP,E,,296100,FUNDO ESTADUAL DE SAÚDE,RJ,Rio de Janeiro,"O presente termo de referência tem por objetivo estabelecer as condições para fornecimento do(s) medicamento(s) CLORIDRATO DE OLODATEROL 2,5 MCG SOLUÇÃO PARA INALAÇÃO FRASCO 4 ML, FUROATO DE MOMETASONA 0,5 MG/G SUSPENSÃO NASAL, FUROATO DE MOMETASONA 200 MCG PÓ INALANTE (CÁPSULA PARA INALAÇÃO) + INALADOR e FUROATO DE MOMETASONA 400 MCG PÓ INALANTE (CÁPSULA PARA INALAÇÃO) + INALADOR através do Pregão Eletrônico para Registro de Preços, visando suprir as necessidades da Assessoria de Mandados Judiciais da Secretaria de Estado de Saúde do Rio de Janeiro, de acordo com as condições e especificações constantes neste Termo de Referência e no Edital, sob a égide da Lei n° 14.133/2021.",0.0,2026-10-05T09:42:00,2026-10-19T11:00:00,42498600000171-1-004265/2026,https://www.compras.rj.gov.br/EditaisLicitacoes/detalhar.action?idLic=37543,True,Aberto,42498600000171
6,Pregão - Eletrônico,Divulgada no PNCP,E,,296100,FUNDO ESTADUAL DE SAÚDE,RJ,Rio de Janeiro,"Aquisições dos medicamentos CLORIDRATO DE METFORMINA 500MG + GLICLAZIDA 30MG COMPRIMIDO DE LIBERAÇÃO PROLONGADA, BESILATO DE ANLODIPINO 5MG + CLORIDRATO DE BENAZEPRIL 10MG CÁPSULA, LISADO BACTERIANO 3,5MG SACHÊ através do Pregão Eletrônico para Registro de Preços, visando suprir as necessidades da Assessoria de Mandados Judiciais da Secretaria de Estado de Saúde do Rio de Janeiro, de acordo com as condições e especificações constantes neste Termo de Referência e no Edital, sob a égide da Lei n° 14.133/2021.",0.0,2026-10-05T10:02:00,2026-10-19T11:00:00,42498600000171-1-004269/2026,https://www.compras.rj.gov.br/EditaisLicitacoes/detalhar.action?idLic=37547,True,Aberto,42498600000171
6,Pregão - Eletrônico,Divulgada no PNCP,M,,1405,FUNDO MUNICIPAL DE SAÚDE DE RESENDE - SUS,RJ,Resende,"RSD - 020116/007170/2026 - REGISTRO DE PREÇOS PARA CONTRATAÇÃO DE EMPRESA ESPECIALIZADA NA PRESTAÇÃO DE SERVIÇO DE MANUTENÇÃO PREVENTIVA E CORRETIVA DE SISTEMA DE AR CONDICIONADO AUTOMOTIVO PARA VEÍCULOS LEVES, MÉDIOS E PESADOS PARA ATENDER AS NECESSIDADES DA FROTA DA CENTRAL DE VEÍCULOS E AMBULÂNCIAS, ATRAVÉS DA SECRETARIA MUNICIPAL DE SAÚDE.",375412.0,2026-10-02T08:00:00,2026-10-19T12:00:00,11800731000138-1-000219/2026,https://bnccompras.com/Process/ProcessView?param1=[gkz]ph3SXH86GC/yQsfh1LErBCawX8TDMjpBW1/AE_3XcHnlgpPtKYor_i3S8U_5G/NgzmXHj3XmX/22211Rv9cKplkQMdqS4Q2hvY6mQEOuzhE=,True,Aberto,11800731000138
4,Concorrência - Eletrônica,Divulgada no PNCP,M,,985821,PREFEITURA MUNICIPAL DE CANTAGALO - RJ,RJ,Cantagalo,"Contratação de empresa especializada para a realização de obra de reforma, incluindo pintura geral, pequenos reparos e construção de muro, na Escola Maria Bellieni D’Olival, localizada na Rodovia Rj-160, Km 8, Bairro Santo Antônio, no 1º Distrito de Cantagalo/RJ.",174215.52,2026-09-30T08:00:00,2026-10-19T13:00:00,28645794000160-1-000074/2026,https://cnetmobile.estaleiro.serpro.gov.br/comprasnet-web/public/compras/acompanhamento-compra?compra=98582103000242026,False,Aberto,28645794000160
6,Pregão - Eletrônico,Divulgada no PNCP,M,,1405,FUNDO MUNICIPAL DE SAÚDE DE RESENDE - SUS,RJ,Resende,"RSD-020116/006302/2026 - CONTRATAÇÃO DE EMPRESA ESPECIALIZADA PARA LOCAÇÃO DE 04 (QUATRO) VEÍCULOS TIPO VAN, ATRAVÉS DA SECRETARIA MUNICIPAL DE SAÚDE.",1008000.0,2026-08-24T08:00:00,2026-10-19T13:00:00,11800731000138-1-000171/2026,https://bnccompras.com/Process/ProcessView?param1=[gkz]Cjiatr46HaAfZ3EMo_jx7tQ1n/jvUw5UusPBfXOqDGYz_jFzH7S86U82YHP1/OJ7KwmwOY5C/vp15uipQ/lVr5/7Y8fVjLmtse3b7yNjBA4=,False,Aberto,11800731000138
6,Pregão - Eletrônico,Divulgada no PNCP,F,,090016,JUSTICA FEDERAL DE 1A. INSTANCIA - RJ,RJ,Rio de Janeiro,"Contratação para prestação de serviço, por intermédio de operadora ou agência de viagens, para cotação, reserva, emissão, remarcação, realocação e cancelamento de passagens rodoviárias (terrestre), por meio de atendimento remoto (e-mail e telefone) para fins de viagens a serviço e no interesse da Seção Judiciária do Rio de Janeiro, pelo prazo de 24 meses., conforme Anexo I (Termo de Referência).",90000.0,2026-09-30T08:00:00,2026-10-19T13:00:00,05424540000116-1-000070/2026,https://cnetmobile.estaleiro.serpro.gov.br/comprasnet-web/public/compras/acompanhamento-compra?compra=09001605004062026,False,Aberto,05424540000116
6,Pregão - Eletrônico,Divulgada no PNCP,M,,3272,CÂMARA MUNICIPAL DE BOM JESUS DO ITABAPOANA/RJ,RJ,Bom Jesus do Itabapoana,"[LICITANET] - Contratação de pessoa jurídica especializada para a prestação de serviços de locação de 02 (dois) veículos automotores tipo sedan médio, sem fornecimento de motorista e sem combustível, padrão de referência Toyota Corolla ou similar, para atendimento das necessidades institucionais, operacionais e de representação oficial da Câmara Municipal de Bom Jesus do Itabapoana/RJ.",0.0,2026-10-02T20:19:20,2026-10-19T13:00:00,30398523000107-1-000003/2026,https://licitanet.com.br/sessao/203728,False,Aberto,30398523000107
6,Pregão - Eletrônico,Divulgada no PNCP,E,,925153,ERJ-MINISTÉRIO PUBLICO ESTADO RIO DE JANEIRO,RJ,Rio de Janeiro," Aquisição de solução de Infraestrutura Hiperconvergente de Datacenter, contemplando o fornecimento de hardware, software de virtualização, switches, racks e solução de armazenamento, com garantia e suporte por 36 (trinta e seis) meses, incluindo ainda serviços de implantação, migração e treinamento, conforme condições, quantidades e exigências estabelecidas no Anexo I do Edital da Licitação.",53483266.24,2026-10-06T08:00:00,2026-10-19T13:00:00,28305936000140-1-000371/2026,https://cnetmobile.estaleiro.serpro.gov.br/comprasnet-web/public/compras/acompanhamento-compra?compra=92515305003162026,False,Aberto-Fechado,28305936000140
6,Pregão - Eletrônico,Divulgada no PNCP,F,,250059,INSTITUTO NACIONAL DE CARDIOLOGIA,RJ,Rio de Janeiro,Aquisição de Ecocardiógrafos de Alta Tecnologia.,0.0,2026-10-06T08:00:00,2026-10-19T13:00:00,00394544000185-1-003223/2025,https://cnetmobile.estaleiro.serpro.gov.br/comprasnet-web/public/compras/acompanhamento-compra?compra=25005905003432025,True,Aberto,00394544000185
6,Pregão - Eletrônico,Divulgada no PNCP,F,,250059,INSTITUTO NACIONAL DE CARDIOLOGIA,RJ,Rio de Janeiro,"Aquisição de Dietas Enterais, Suplementos Nutricionais e Módulos",274647.0,2026-10-06T08:00:00,2026-10-19T14:00:00,00394544000185-1-000034/2027,https://cnetmobile.estaleiro.serpro.gov.br/comprasnet-web/public/compras/acompanhamento-compra?compra=25005905000082027,True,Aberto,00394544000185
12,Credenciamento,Divulgada no PNCP,F,,925042,CONSELHO FEDERAL DE EDUCAÇÃO FÍSICA/RJ,RJ,Rio de Janeiro,"Contratação de empresa especializada na administração, gerenciamento, emissão, distribuição e fornecimento de auxílios alimentação e refeição, via cartão eletrônico, físico e/ou virtual, com tecnologia para respectivas recargas de créditos mensais, destinados aos funcionários e estagiários do Conselho Federal de Educação Física - CONFEF.",3799224.0,2026-10-02T08:00:00,2026-10-19T18:00:00,03101148000100-1-000012/2026,,False,Não se aplica,03101148000100
6,Pregão - Eletrônico,Divulgada no PNCP,M,,2,FUNDO MUNICIPAL DE SAUDE DE PARATY,RJ,Paraty,"CONTRATAÇÃO DE EMPRESA(S) ESPECIALIZADA(S) PARA PRESTAÇÃO DE SERVIÇOS DE APOIO ÀS AÇÕES DE SAÚDE DA OPERAÇÃO ALTA TEMPORADA 2026/2027 NA UBS DE TRINDADE, COMPREENDENDO A GESTÃO DE ESCALAS DE PROFISSIONAIS DE SAÚDE E A DISPONIBILIZAÇÃO DE UNIDADE MÓVEL DE ATENDIMENTO",1826094.0,2026-10-02T08:00:00,2026-10-19T23:59:00,12640342000155-1-000067/2026,https://www.paraty.rj.gov.br/API/Areas/Admin/Conteudo/Documento/01102026194544032.pdf,False,Aberto,12640342000155
6,Pregão - Eletrônico,Divulgada no PNCP,F,,254445,INSTITUTO DE TECNOLOGIA EM IMUNOBIOLOGICOS,RJ,Rio de Janeiro,"Aquisição de LACTOSE,ANIDRA;20070646;5X59004,KERRY BIOSCIENCE;PT 25KG",0.0,2026-10-02T08:00:00,2026-10-20T08:00:00,33781055000135-1-001703/2026,https://cnetmobile.estaleiro.serpro.gov.br/comprasnet-web/public/compras/acompanhamento-compra?compra=25444505004152026,True,Aberto,33781055000135
6,Pregão - Eletrônico,Divulgada no PNCP,M,,2025,Piraí,RJ,Piraí,Registro de Preços para eventual Aquisição de medicamentos para atendimento de ordens judiciais.,3148580.79,2026-10-07T08:00:00,2026-10-20T08:00:00,29141322000132-1-000250/2026,,True,Aberto,29141322000132
6,Pregão - Eletrônico,Divulgada no PNCP,M,,5267,FUNDO MUNICIPAL DE ASSIST. SOCIAL DE PINHEIRAL,RJ,Pinheiral,SEI PNH-020807/000245/2026 CONTRATAÇÃO DE EMPRESA ESPECIALIZADA PARA O FORNECIMENTO E ENTREGA DE PNEUS DESTINADOS À FROTA DE VEÍCULOS DA SECRETARIA MUNICIPAL DE ASSISTÊNCIA SOCIAL E DIREITOS HUMANOS DO MUNICÍPIO DE PINHEIRAL.,83525.5,2026-09-25T17:30:00,2026-10-20T08:55:00,06368175000132-1-000027/2026,,True,Aberto,06368175000132
6,Pregão - Eletrônico,Divulgada no PNCP,M,,25697,Fundo Municipal de Educação de Pinheiral,RJ,Pinheiral,"AQUISIÇÃO DE UNIFORMES PERSONALIZADOS E EQUIPAMENTOS DE PROTEÇÃO INDIVIDUAL (EPI’S), DESTINADOS ÀS MERENDEIRAS DA REDE MUNICIPAL DE ENSINO, VISANDO ATENDER AS NECESSIDADES DA SECRETARIA MUNICIPAL DE EDUCAÇÃO E INOVAÇÃO DO MUNICÍPIO DE PINHEIRAL/RJ.",335284.5,2026-09-25T17:30:00,2026-10-20T08:55:00,49032506000171-1-000038/2026,,True,Aberto,49032506000171
6,Pregão - Eletrônico,Divulgada no PNCP,M,,5270,FUNDO MUNICIPAL DE EDUCACAO DE PINHEIRAL-FME,RJ,Pinheiral,"SEI/PNH-020813/000150/2026 - FUTURA E PROVÁVEL AQUISIÇÃO DE UNIFORMES PERSONALIZADOS E EQUIPAMENTOS DE PROTEÇÃO INDIVIDUAL (EPI’S), DESTINADOS ÀS MERENDEIRAS DA REDE MUNICIPAL DE ENSINO, VISANDO ATENDER AS NECESSIDADES DA SECRETARIA MUNICIPAL DE EDUCAÇÃO E INOVAÇÃO DO MUNICÍPIO DE PINHEIRAL/RJ",335284.5,2026-09-25T17:30:00,2026-10-20T08:55:00,49032506000171-1-000039/2026,,True,Aberto,49032506000171
4,Concorrência - Eletrônica,Divulgada no PNCP,M,,985801,PREFEITURA MUNICIPAL DE ANGRA DOS REIS - RJ,RJ,Angra dos Reis,"Contratação de empresa especializada para reforma e Reinstalação de campo sintético complexo esportivo do frade, compreendendo a retirada da grama sintética existente, remoção da base (inclusa na escavação manual), revisão de drenagem, reinstalação de base, fornecimento e instalação de grama sintética nova, marcação de campo e aplicação de granulado de borracha",319857.25,2026-10-05T09:00:00,2026-10-20T08:59:00,29172467000109-1-000183/2027,https://cnetmobile.estaleiro.serpro.gov.br/comprasnet-web/public/compras/acompanhamento-compra?compra=98580103001942027,False,Aberto-Fechado,29172467000109
6,Pregão - Eletrônico,Divulgada no PNCP,M,,0000,PREFEITURA MUNICIPAL,RJ,Varre-Sai,"[Portal de Compras Públicas] - REGISTRO DE PREÇOS PARA FUTURA E EVENTUAL CONTRATAÇÃO DE EMPRESA ESPECIALIZADA PARA FORNECIMENTO DE ELETRODOMÉSTICOS, EQUIPAMENTOS ELETRÔNICOS E EQUIPAMENTOS DE CLIMATIZAÇÃO, DESTINADOS AO ATENDIMENTO DAS NECESSIDADES DAS UNIDADES VINCULADAS À SECRETARIA MUNICIPAL DE EDUCAÇÃO E CULTURA DE VARRE-SAI/RJ, INCLUINDO MONTAGEM E INSTALAÇÃO, QUANDO NECESSÁRIAS",365151.66,2026-09-25T15:00:00,2026-10-20T08:59:00,39217831000155-1-000154/2026,https://portaldecompraspublicas.com.br/processos/RJ/Prefeitura-Municipal-de-Varre-Sai-4519/RPE-40-2026-2026-514273,True,Aberto,39217831000155
6,Pregão - Eletrônico,Divulgada no PNCP,F,,250052,INSTITUTO NACIONAL DO CANCER - RJ,RJ,Rio de Janeiro,AQUISIÇÃO DE MATERIAIS PARA EXAMES (PROCESSO; 25410.011623/2025-73),262002.45,2026-09-28T09:00:00,2026-10-20T08:59:00,00394544000185-1-002095/2026,https://cnetmobile.estaleiro.serpro.gov.br/comprasnet-web/public/compras/acompanhamento-compra?compra=25005205000692026,True,Aberto,00394544000185
6,Pregão - Eletrônico,Divulgada no PNCP,F,,250052,INSTITUTO NACIONAL DO CANCER - RJ,RJ,Rio de Janeiro, AQUISIÇÃO MEDICAMENTOS - LACTULOSE,420201.0,2026-09-28T09:00:00,2026-10-20T08:59:00,00394544000185-1-002099/2026,https://cnetmobile.estaleiro.serpro.gov.br/comprasnet-web/public/compras/acompanhamento-compra?compra=25005205008002026,True,Aberto,00394544000185
6,Pregão - Eletrônico,Divulgada no PNCP,F,,160239,HOSPITAL MILITAR DE RESENDE,RJ,Resende,Prestação de serviço de recarga e manutenção de extintores para o Hospital Militar de Resende.,52034.0,2026-10-05T09:00:00,2026-10-20T09:00:00,00394452000103-1-020421/2026,https://cnetmobile.estaleiro.serpro.gov.br/comprasnet-web/public/compras/acompanhamento-compra?compra=16023905000172026,True,Aberto-Fechado,00394452000103
6,Pregão - Eletrônico,Divulgada no PNCP,F,,135023,EMBRAPA AGROBIOLOGIA/SEROPEDICA/RJ,RJ,Rio de Janeiro,Contratação de empresa especializada em engenharia/arquitetura para a execução de serviços comuns de engenharia para a manutenção predial das edificações da Embrapa Agrobiologia,907912.06,2026-10-05T16:00:00,2026-10-20T09:00:00,00348003000110-1-001097/2026,https://cnetmobile.estaleiro.serpro.gov.br/comprasnet-web/public/compras/acompanhamento-compra?compra=13502305000262026,True,Aberto-Fechado,00348003000110
6,Pregão - Eletrônico,Divulgada no PNCP,M,,926850,FUNDO MUNICIPAL DE SAÚDE DE VOLTA REDONDA-RJ,RJ,Volta Redonda,Aquisição de equipamentos Médico-Hospitalares.,78445.25,2026-10-05T09:00:00,2026-10-20T09:00:00,39563911000162-1-000200/2026,https://cnetmobile.estaleiro.serpro.gov.br/comprasnet-web/public/compras/acompanhamento-compra?compra=92685005001312026,False,Aberto-Fechado,39563911000162
6,Pregão - Eletrônico,Divulgada no PNCP,M,,982921,MRJ-PREFEITURA MUNICIPAL DE RIO DAS OSTRAS,RJ,Rio das Ostras,"Contratação de solução tecnológica integrada, destinada a promover a qualidade de vida no trabalho e o bem-estar dos servidores públicos da Prefeitura Municipal de Rio das Ostras, Instituto de Previdência - Ostrasprev e Serviço Autônomo de Água e Esgoto, e seus dependentes (não excedendo a 3 dependentes por servidor). A plataforma tecnológica a ser adotada deverá contemplar funcionalidades que atendam às áreas de saúde física, mental e social, visando o aumento do engajamento e produtividade.",341820.0,2026-10-05T09:00:00,2026-10-20T09:00:00,39223581000166-1-000111/2026,https://cnetmobile.estaleiro.serpro.gov.br/comprasnet-web/public/compras/acompanhamento-compra?compra=98292105004972026,False,Aberto-Fechado,39223581000166
6,Pregão - Eletrônico,Divulgada no PNCP,M,,926850,FUNDO MUNICIPAL DE SAÚDE DE VOLTA REDONDA-RJ,RJ,Volta Redonda,Registro de preços para futura e eventual aquisição de medicamentos MANIPULADOS para suprir as necessidades da Secretaria Municipal de Saúde/PMVR no atendimento da Rede Especializada.,49093.58,2026-10-06T09:00:00,2026-10-20T09:00:00,39563911000162-1-000206/2026,https://cnetmobile.estaleiro.serpro.gov.br/comprasnet-web/public/compras/acompanhamento-compra?compra=92685005001282026,True,Aberto-Fechado,39563911000162
6,Pregão - Eletrônico,Divulgada no PNCP,M,,926850,FUNDO MUNICIPAL DE SAÚDE DE VOLTA REDONDA-RJ,RJ,Volta Redonda,"Registro de Preços para futura e eventual aquisição de MEDICAMENTOS OFTÁLMICOS, para atendimento das unidades de saúde: Policlínica da Cidadania e Hospital Municipal do Retiro, em atendimento da Política Nacional de Atenção em Oftalmologia,",20289.41,2026-10-06T09:00:00,2026-10-20T09:00:00,39563911000162-1-000208/2026,https://cnetmobile.estaleiro.serpro.gov.br/comprasnet-web/public/compras/acompanhamento-compra?compra=92685005001392026,True,Aberto-Fechado,39563911000162
6,Pregão - Eletrônico,Divulgada no PNCP,F,,135021,EMBRAPA SOLOS/RIO DE JANEIRO/RJ,RJ,Rio de Janeiro,"Aquisição de materiais para Laboratório para a Embrapa Solos, de acordo com as exigências, especificações e quantidades constantes neste Termo de Referência;",24183.89,2026-10-07T09:00:00,2026-10-20T09:00:00,00348003000110-1-001169/2026,https://cnetmobile.estaleiro.serpro.gov.br/comprasnet-web/public/compras/acompanhamento-compra?compra=13502105000042026,False,Aberto-Fechado,00348003000110
12,Credenciamento,Divulgada no PNCP,M,,01,Prefeitura Municipal de Rio Bonito,RJ,Rio Bonito,"[Portal de Compras Públicas] - O objeto do presente procedimento é o Credenciamento de PESSOAS JURÍDICAS PRESTADORAS DE ASSISTÊNCIA À SAÚDE, interessadas em participar de forma complementar ao Sistema Único de Saúde - SUS, no município de Rio Bonito, para realização de serviços e procedimentos oftalmológicos, conforme valores constantes da tabela SIA/SUS, referente aos procedimentos, conforme Planilha anexa. Tais serviços se caracterizam por exames, consultas, tratamentos e cirurgias.",1421750.82,2025-10-20T09:00:00,2026-10-20T09:00:00,28741072000109-1-000107/2025,https://portaldecompraspublicas.com.br/processos/RJ/Prefeitura-Municipal-de-Rio-Bonito-3644/CRED-003-2025-2025-430344,False,Não se aplica,28741072000109
6,Pregão - Eletrônico,Divulgada no PNCP,F,,740014,CENTRO LOGISTICO DO MATERIAL DA MARINHA,RJ,Rio de Janeiro,"Registro de Preços para eventual aquisição de dispositivo EPIRB ( Emergency Position-Indicating Radio Beacon) para diversos
meios da Marinha do Brasil (MB),",941500.0,2026-09-28T09:30:00,2026-10-20T09:30:00,00394502000144-1-012524/2026,https://cnetmobile.estaleiro.serpro.gov.br/comprasnet-web/public/compras/acompanhamento-compra?compra=74001405001972026,True,Aberto-Fechado,00394502000144
6,Pregão - Eletrônico,Divulgada no PNCP,M,,1,CAMARA MUNICIPAL DE PIRAI,RJ,Piraí," Aquisição de 01 (um) veículo automotor novo, zero quilômetro,
Volkswagen T-Cross Highline, ano/modelo 2027, destinado ao
atendimento das necessidades operacionais, administrativas e
institucionais da Câmara Municipal de Piraí.",186290.0,2026-10-01T10:00:00,2026-10-20T09:55:00,28084705000153-1-000047/2026,https://bnccompras.com/Process/ProcessView?param1=[gkz]Cl0ullduIzeoUdOBgZRFQXLrJttJN0TNOScDSHAYn223c_3q_oG1agxMPR39LnqdfqfSOpG3atQCD6cnTGxhX_J3GR0WpsYi_Zpu7GBhUlU=,False,Aberto,28084705000153
6,Pregão - Eletrônico,Divulgada no PNCP,M,,980770,PREFEITURA MUNICIPAL DE ARMAÇÃO DOS BÚZIOS-RJ,RJ,Armação dos Búzios,Aquisição de materiais esportivos,0.0,2026-10-05T08:00:00,2026-10-20T09:58:00,01616171000102-1-000081/2026,https://cnetmobile.estaleiro.serpro.gov.br/comprasnet-web/public/compras/acompanhamento-compra?compra=98077005000322026,False,Aberto,01616171000102
6,Pregão - Eletrônico,Divulgada no PNCP,M,,1,PREFEITURA MUNICIPAL DE SÃO FRANCISCO DE ITABAPOANA,RJ,São Francisco de Itabapoana,Registro de preços para futura e eventual contratação de empresa especializada para substituição de postes de iluminação pública,292585.5,2026-09-22T12:00:00,2026-10-20T09:59:00,01623783000122-1-000088/2026,https://bnccompras.com/Process/ProcessView?param1=[gkz]M1Audg5L_qN/eRxC0bENJpd5z0BSTO/eZtkq0UL131LMWj7AD/63pHxcmTqR41eGrWp3JMX2uuayxXFPtxIWDxk4FZmCrTMAlDWnAWF5m_g=,True,Aberto,01623783000122
6,Pregão - Eletrônico,Divulgada no PNCP,M,,986001,MRJ-PREFEITURA MUNICIPAL DO RIO DE JANEIRO,RJ,Rio de Janeiro,"Quadro sobrepor montado em pvc wallbox, tomadas, eletrodutos, conectores, fita isolante e outros.",0.0,2026-10-07T09:00:00,2026-10-20T09:59:00,42498733000148-1-001960/2026,https://cnetmobile.estaleiro.serpro.gov.br/comprasnet-web/public/compras/acompanhamento-compra?compra=98600105016992026,True,Aberto,42498733000148
6,Pregão - Eletrônico,Divulgada no PNCP,E,,404340,HOSPITAL UNIVERSITARIO PEDRO ERNESTO,RJ,Rio de Janeiro,"A aquisição de medicamentos, por licitação (pregão eletrônico), para o Hospital Universitário Pedro Ernesto.",680409.59,2026-10-01T08:00:00,2026-10-20T09:59:00,42498600000171-1-004213/2026,https://www.compras.rj.gov.br/EditaisLicitacoes/detalhar.action?idLic=37523,False,Aberto,42498600000171
6,Pregão - Eletrônico,Divulgada no PNCP,E,,404340,HOSPITAL UNIVERSITARIO PEDRO ERNESTO,RJ,Rio de Janeiro,"Aquisição de medicamentos, por licitação (pregão eletrônico), para o Hospital Universitário Pedro Ernesto.",396292.36,2026-10-01T08:00:00,2026-10-20T09:59:00,42498600000171-1-004215/2026,https://www.compras.rj.gov.br/EditaisLicitacoes/detalhar.action?idLic=37525,False,Aberto,42498600000171
6,Pregão - Eletrônico,Divulgada no PNCP,E,,404340,HOSPITAL UNIVERSITARIO PEDRO ERNESTO,RJ,Rio de Janeiro,"A aquisição de medicamentos manipulados, por licitação (pregão eletrônico), para o Hospital Universitário Pedro Ernesto.",101139.67,2026-10-01T09:00:00,2026-10-20T09:59:00,42498600000171-1-004226/2026,https://www.compras.rj.gov.br/EditaisLicitacoes/detalhar.action?idLic=37524,False,Aberto,42498600000171
6,Pregão - Eletrônico,Divulgada no PNCP,E,,404340,HOSPITAL UNIVERSITARIO PEDRO ERNESTO,RJ,Rio de Janeiro,Contratação de empresa para fornecimento de insumos operacionais destinados à organização e gestão dos prontuários médicos do Hospital Universitário Pedro Ernesto.,39131.5,2026-10-01T09:00:00,2026-10-20T09:59:00,42498600000171-1-004227/2026,https://www.compras.rj.gov.br/EditaisLicitacoes/detalhar.action?idLic=37527,False,Aberto,42498600000171
4,Concorrência - Eletrônica,Divulgada no PNCP,M,,985917,MRJ-PREFEITURA MUNICIPAL DE TRAJANO DE MORAES,RJ,Trajano de Moraes,"Contratação de empresa especializada para execução das obras de pavimentação em paralelepípedos e drenagem pluvial da Estrada do Gravatá e Rua Projetada, localizadas na comunidade de Maria Mendonça, 4º Distrito do Município de Trajano de Moraes/RJ.",630217.39,2026-09-10T08:00:00,2026-10-20T10:00:00,29115441000110-1-000042/2026,https://cnetmobile.estaleiro.serpro.gov.br/comprasnet-web/public/compras/acompanhamento-compra?compra=98591703000052026,False,Aberto,29115441000110
4,Concorrência - Eletrônica,Divulgada no PNCP,M,,000000001,PREFEITURA MUNICIPAL DE ITATIAIA,RJ,Itatiaia,"CONTRATAÇÃO DE EMPRESA ESPECIALIZADA PARA EXECUÇÃO DE OBRA E SERVIÇO COMUM DE ENGENHARIA DESTINADA À CONSTRUÇÃO DE HORTINHA PEDAGÓGICA E DE UM REDÁRIO ENCANTADO NO CENTRO MUNICIPAL DE EDUCAÇÃO INFANTIL MARIA DE BARROS SOARES, NO MUNICÍPIO DE ITATIAIA/RJ, INCLUINDO FORNECIMENTO DE MATERIAIS, MÃO DE OBRA ESPECIALIZADA E DEMAIS INSUMOS NECESSÁRIOS À COMPLETA EXECUÇÃO DO OBJETO.",30848.08,2026-10-05T08:00:00,2026-10-20T10:00:00,31846892000170-1-000079/2026,https://bnccompras.com/Process/ProcessView?param1=[gkz]9rQNhpSKNhwLMj/hsdmMWuxTy0YpyWUJ2nzRLwzoj6xcDzgm7Tcp29e6bei3uH0UaQGN8QA2r2i_bHzYnBwj31pCbOmLBaV_4Y8CG2HAJLw=,False,Aberto,31846892000170
6,Pregão - Eletrônico,Divulgada no PNCP,F,,153149,MEC-INSTITUTO DE PSIQUIATRIA DA UF/RJ,RJ,Rio de Janeiro,"O objeto da presente licitação é a eventual contratação de empresa especializada para prestação de serviços contínuos de apoio administrativo, com dedicação exclusiva de mão de obra, mediante disponibilização, gestão e supervisão de profissionais qualificados para o desempenho de atividades materiais, acessórias e complementares às competências institucionais do Instituto de Psiquiatria da UFRJ – IPUB/UFRJ e do órgão participante.",192703.67,2026-10-02T10:00:00,2026-10-20T10:00:00,33663683000116-1-000444/2026,https://cnetmobile.estaleiro.serpro.gov.br/comprasnet-web/public/compras/acompanhamento-compra?compra=15314905000352026,True,Aberto,33663683000116
6,Pregão - Eletrônico,Divulgada no PNCP,F,,389151,CONSELHO REGIONAL DE ADMINISTRACAO DO RJ,RJ,Rio de Janeiro,"Registro de Preços visando à aquisição de computadores do tipo desktop, workstation, servidor de data center e notebook, bem como monitores de 24 e 34 polegadas, destinados ao CRA-RJ, na qualidade de Órgão Gerenciador, e aos Órgãos Participantes, conforme especificações, condições, quantidades e exigências estabelecidas no Edital e seus anexos.",54899677.41,2026-09-28T10:00:00,2026-10-20T10:00:00,27907518000160-1-000010/2026,https://cnetmobile.estaleiro.serpro.gov.br/comprasnet-web/public/compras/acompanhamento-compra?compra=38915105000042026,True,Aberto,27907518000160
6,Pregão - Eletrônico,Divulgada no PNCP,E,,925974,UNIVERSIDADE DO ESTADO DO RIO DE JANEIRO,RJ,Rio de Janeiro,"Aquisição de equipamento PROJETOR DE MULTIMIDIA 3LCD, 3.800 LUMENS para atender à Instituto de Aplicação Fernando Rodrigues da Silveira – CAp/UERJ ",188364.9,2026-10-02T08:00:00,2026-10-20T10:00:00,33540014000157-1-000008/2026,https://cnetmobile.estaleiro.serpro.gov.br/comprasnet-web/public/compras/acompanhamento-compra?compra=92597405000032026,False,Aberto,33540014000157
6,Pregão - Eletrônico,Divulgada no PNCP,M,,986001,MRJ-PREFEITURA MUNICIPAL DO RIO DE JANEIRO,RJ,Rio de Janeiro,"Registro de preços para aquisição de peças e acessórios para carroceria do fabricante Caio Induscar, modelos Caio Apache Vip e Caio Millennium 2022, 2023 e 2024 - B, para manutenção preventiva e corretiva da frota de ônibus operados pela Companhia Municipal de Transportes Coletivos – CMTC - (MOBI-RIO), conforme descrito, caracterizado e especificado neste Termo de Referência.",0.0,2026-10-01T08:00:00,2026-10-20T10:00:00,42498733000148-1-001987/2026,https://cnetmobile.estaleiro.serpro.gov.br/comprasnet-web/public/compras/acompanhamento-compra?compra=98600105017042026,True,Aberto-Fechado,42498733000148
6,Pregão - Eletrônico,Divulgada no PNCP,M,,985867,PREFEITURA MUNICIPAL DE NOVA FRIBURGO - RJ,RJ,Nova Friburgo,"CONTRATAÇÃO de empresa especializada, devidamente habilitada e com responsável técnico legalmente registrado no conselho profissional competente, para a elaboração, implementação e execução do PLANO DE MANUTENÇÃO, OPERAÇÃO E CONTROLE (PMOC) DOS SISTEMAS DE CLIMATIZAÇÃO instalados nas Secretarias e demais repartições da Prefeitura Municipal de Nova Friburgo.",151766.67,2026-10-02T08:00:00,2026-10-20T10:00:00,28606630000123-1-000127/2026,https://cnetmobile.estaleiro.serpro.gov.br/comprasnet-web/public/compras/acompanhamento-compra?compra=98586705000802026,False,Aberto-Fechado,28606630000123
6,Pregão - Eletrônico,Divulgada no PNCP,M,,985893,PREFEITURA MUNICIPAL DE STO.ANT. DE PADUA-RJ,RJ,Santo Antônio de Pádua,"Contratação de pessoa jurídica para a futura e eventual prestação de serviço funerário, para atender o Fundo Municipal de Assistência e Desenvolvimento Social.",556991.4,2026-10-02T08:00:00,2026-10-20T10:00:00,29114139000148-1-000013/2026,https://cnetmobile.estaleiro.serpro.gov.br/comprasnet-web/public/compras/acompanhamento-compra?compra=98589305000042026,True,Aberto,29114139000148
6,Pregão - Eletrônico,Divulgada no PNCP,M,,2161,FUNDO MUNICIPAL DE ASSISTÊNCIA SOCIAL DE CACHOEIRAS DE MACACU/RJ,RJ,Cachoeiras de Macacu,"[LICITANET] - “Registro de preços para futura e 
eventual contratação de empresa para fornecimento de kits de limpeza, kits de higiene 
pessoal, alimentação pronta (café da manhã, lanche e refeições) e itens de acomodação, 
destinados ao atendimento de famílias e indivíduos em situação de vulnerabilidade 
social decorrente de situações de emergência e calamidade pública, no âmbito da 
política de Assistência Social do Município",321797.2,2026-10-01T16:07:22,2026-10-20T10:00:00,15065292000118-1-000020/2026,https://licitanet.com.br/sessao/203574,True,Aberto,15065292000118
6,Pregão - Eletrônico,Divulgada no PNCP,M,,3035,FUNDO MUNICIPAL DE SAUDE CAMPOS DOS GOYTACAZES - RJ ,RJ,Campos dos Goytacazes,"[LICITANET] - Registro de preços para futura e eventual contratação de empresa especializada na confecção de próteses odontológicas removíveis e fixas, para atender as necessidades da Secretaria Municipal de Saúde de Campos dos Goytacazes/RJ, durante o período de 1 (um) ano.",0.0,2026-10-02T10:05:10,2026-10-20T10:00:00,11384874000106-1-000018/2026,https://licitanet.com.br/sessao/203624,True,Aberto,11384874000106
6,Pregão - Eletrônico,Divulgada no PNCP,M,,927430,FUNDAÇÃO MUN. ASSIS. SAÚDE SERV. SÃO GONÇALO,RJ,São Gonçalo,"Contratação de empresa para desenvolvimento e suporte de ferramenta de Gestão Clínica Operacional e Administrativa e Aplicativo Mobile do Paciente com funcionalidades de marcação de consultas e exames, gestão de prontuário eletrônico 
do paciente, controle assistencial, com ferramenta IA gestão operacional e faturamento dos procedimentos realizados",83954.85,2026-10-05T10:00:00,2026-10-20T10:00:00,14472412000139-1-000008/2026,https://cnetmobile.estaleiro.serpro.gov.br/comprasnet-web/public/compras/acompanhamento-compra?compra=92743005000072026,False,Aberto,14472412000139
6,Pregão - Eletrônico,Divulgada no PNCP,M,,986001,MRJ-PREFEITURA MUNICIPAL DO RIO DE JANEIRO,RJ,Rio de Janeiro,"Aquisição e Instalação de Sistema de Alinhamento de Rodas Digital para as garagens operadas pela Companhia Municipal de Transportes Coletivos - CMTC - (MOBI-Rio), conforme descrito, caracterizado e especificado neste Termo de Referência.",0.0,2026-10-06T08:00:00,2026-10-20T10:00:00,42498733000148-1-002008/2026,https://cnetmobile.estaleiro.serpro.gov.br/comprasnet-web/public/compras/acompanhamento-compra?compra=98600105017542026,False,Aberto-Fechado,42498733000148
6,Pregão - Eletrônico,Divulgada no PNCP,F,,343015,MUSEU IMPERIAL DE PETROPOLIS/RJ,RJ,Petrópolis,Contratação de serviço de gerenciamento de frota para veículos e geradores do Museu Imperial e subunidades.,51658.89,2026-10-05T10:00:00,2026-10-20T10:00:00,10898596000142-1-000050/2026,https://cnetmobile.estaleiro.serpro.gov.br/comprasnet-web/public/compras/acompanhamento-compra?compra=34301505000012026,False,Aberto,10898596000142
6,Pregão - Eletrônico,Divulgada no PNCP,M,,985801,PREFEITURA MUNICIPAL DE ANGRA DOS REIS - RJ,RJ,Angra dos Reis,"Formação de ata de registro de preços para aquisição de material hidráulico, tendo por finalidade atender as demandas das diversas unidades administrativas diretas e indiretas da Prefeitura Municipal de Angra dos Reis,",0.0,2026-10-07T08:00:00,2026-10-20T10:00:00,29172467000109-1-000585/2026,https://cnetmobile.estaleiro.serpro.gov.br/comprasnet-web/public/compras/acompanhamento-compra?compra=98580105005532026,True,Aberto,29172467000109
6,Pregão - Eletrônico,Divulgada no PNCP,M,,2881,MUNICIPIO DE ARARUAMA - RJ ,RJ,Araruama,"[LICITANET] - Registro de Preços para futura e eventual aquisição de dietas enterais e parenterais, destinadas ao atendimento das necessidades nutricionais dos pacientes assistidos pela Rede Municipal de Saúde.",3598708.4,2026-10-05T13:35:27,2026-10-20T10:00:00,28531762000133-1-000102/2026,https://licitanet.com.br/sessao/203799,True,Aberto,28531762000133
6,Pregão - Eletrônico,Divulgada no PNCP,M,,1,MUNICIPIO DE PETROPOLIS,RJ,Petrópolis,"CONTRATAÇÃO DE EMPRESA PARA AQUISIÇÃO 
DE MATERIAIS DE CONSUMO DESTINADOS À ESTIMULAÇÃO SENSÓRIO-MOTORA PARA IMPLANTAÇÃO DO NÚCLEO MUNICIPAL DE ATENÇÃO À PESSOA COM DEFICIÊNCIA – CONVÊNIO Nº 981713/2025, MINISTÉRIO DOS DIREITOS HUMANOS E CIDADANIA.",172986.21,2026-10-05T14:35:00,2026-10-20T10:00:00,29138344000143-1-000303/2026,https://bllcompras.com/Process/ProcessView?param1=[gkz]uF0pyHU7Hx5/JChLEhuRJuzOvxC37R_WoAJiK0Ub68IQ20XAGyU/wOxfuvUKFBOqKv6ivGxHDtI3lT_2LqhNfQvsKIdaowgnu8rwD5035IQ=,False,Aberto,29138344000143
6,Pregão - Eletrônico,Divulgada no PNCP,F,,153010,MEC-CEFET-CENT.FED.ED.TEC.CELSO S.FONSECA/RJ,RJ,Rio de Janeiro,"Aquisição de equipamentos de laboratório destinados ao atendimento das atividades acadêmicas e práticas laboratoriais dos
cursos de Engenharia de Alimentos e dos Cursos Técnicos Integrados ao Ensino Médio em Alimentos e em Química do Campus Valença
do CEFET/RJ.",44099.69,2026-10-06T08:00:00,2026-10-20T10:00:00,42441758000105-1-000173/2026,https://cnetmobile.estaleiro.serpro.gov.br/comprasnet-web/public/compras/acompanhamento-compra?compra=15301005001702026,False,Aberto,42441758000105
6,Pregão - Eletrônico,Divulgada no PNCP,F,,250057,INSTITUTO NACIONAL DE TRAUMATO-ORTOPEDIA,RJ,Rio de Janeiro,Aquisição de Medicamentos Expansores Plasmáticos (Cloreto de Potássio e Outros),9266.65,2026-10-06T10:00:00,2026-10-20T10:00:00,00394544000185-1-002189/2026,https://cnetmobile.estaleiro.serpro.gov.br/comprasnet-web/public/compras/acompanhamento-compra?compra=25005705000092026,True,Aberto-Fechado,00394544000185
6,Pregão - Eletrônico,Divulgada no PNCP,M,,986001,MRJ-PREFEITURA MUNICIPAL DO RIO DE JANEIRO,RJ,Rio de Janeiro,"Registro de Preços para Aquisição de Correia 2XPB 2100 (OPTIBELT) Ar Condicionado Volvo Padron, do Fabricante Arco, Novos e Genuínos, para Serviços de Manutenção Preventiva e Corretiva da Frota de Ônibus Operados pela MOBI-Rio, conforme descrito, caracterizado e especificado no Termo de Referência.",0.0,2026-10-07T08:00:00,2026-10-20T10:00:00,42498733000148-1-002025/2026,https://cnetmobile.estaleiro.serpro.gov.br/comprasnet-web/public/compras/acompanhamento-compra?compra=98600105017722026,True,Aberto-Fechado,42498733000148
6,Pregão - Eletrônico,Divulgada no PNCP,M,,3561,Fundo Municipal de Educação ,RJ,Sapucaia,"[LICITANET] - Aquisição de veículos novos, tipo van escolar, zero quilômetro, com primeiro emplacamento em nome do Fundo Municipal de Educação de Sapucaia/RJ, destinado a integrar a frota municipal e atender às necessidades da Secretaria Municipal de Educação, especialmente no transporte escolar de alunos da rede pública municipal.",1412250.33,2026-10-06T11:25:41,2026-10-20T10:00:00,61116830000173-1-000005/2026,https://licitanet.com.br/sessao/203895,False,Aberto,61116830000173
12,Credenciamento,Divulgada no PNCP,M,,01,Prefeitura Municipal de Rio Bonito,RJ,Rio Bonito,"[Portal de Compras Públicas] - Credenciamento de PESSOAS JURÍDICAS PRESTADORAS DE ASSISTÊNCIA À SAÚDE, interessadas em participar de forma complementar ao Sistema Único de Saúde - SUS, no município de Rio Bonito, para realização de serviços de diagnósticos por imagens e coletas de materiais, conforme valores constantes da tabela SIA/SUS",392890.5,2025-10-20T10:00:00,2026-10-20T10:00:00,28741072000109-1-000108/2025,https://portaldecompraspublicas.com.br/processos/RJ/Prefeitura-Municipal-de-Rio-Bonito-3644/CRED-004-2025-2025-430556,False,Não se aplica,28741072000109
12,Credenciamento,Divulgada no PNCP,M,,1,MUNICIPIO DE PETROPOLIS,RJ,Petrópolis,"PRESTAÇÃO DE SERVIÇOS DE INTERNAÇÃO, PARA SUPRIR A NECESSIDADE DE 100 (CEM) LEITOS DE CLÍNICA MÉDICA",18250000.0,2026-09-17T10:00:00,2026-10-20T10:00:00,29138344000143-1-000280/2026,https://bllcompras.com/Process/ProcessView?param1=[gkz]4FI5b4iM863/s_EaZ7TaA9HCf4zUVVasy_XwU4beJzIZlMbPkkmjylavAlgBs4UFrAoQPgg2v92_10VRBcjmO_iQulxL4LBq4Dpo1kA6FlQ=,False,Não se aplica,29138344000143
4,Concorrência - Eletrônica,Divulgada no PNCP,M,,986001,MRJ-PREFEITURA MUNICIPAL DO RIO DE JANEIRO,RJ,Rio de Janeiro,"APOIO GERENCIAL COM ELABORAÇÃO DE PROJETOS, ACOMPANHAMENTO DE OBRAS DE ENGENHARIA E ESTUDOS TÉCNICOS PARA SERVIÇOS DE PAVIMENTAÇÃO, DRENAGEM, URBANIZAÇÃO COM OBRAS DE ARTES ESPECIAIS E MELHORIAS FÍSICAS E OPERACIONAIS NA ÁREA DA I/SUBI/CGO- AP 1, 2, 3, 4 e 5",87177710.73,2026-08-27T08:00:00,2026-10-20T10:30:00,42498733000148-1-001480/2026,https://cnetmobile.estaleiro.serpro.gov.br/comprasnet-web/public/compras/acompanhamento-compra?compra=98600103010802026,False,Fechado,42498733000148
6,Pregão - Eletrônico,Suspensa,F,,153010,MEC-CEFET-CENT.FED.ED.TEC.CELSO S.FONSECA/RJ,RJ,Rio de Janeiro,"Contratação, via SRP, de empresa especializada para o fornecimento de serviços técnicos para criação de sistemas de rede estruturada metálica e óptica, visando atender às necessidades dos Campi Maracanã, Maria da Graça, Nova Iguaçu, Itaguaí, Angra dos Reis, Petrópolis, Valença e Nova Friburgo do CEFET/RJ.",10588026.4,2026-10-01T08:00:00,2026-10-20T10:30:00,42441758000105-1-000167/2026,https://cnetmobile.estaleiro.serpro.gov.br/comprasnet-web/public/compras/acompanhamento-compra?compra=15301005001912026,True,Aberto-Fechado,42441758000105
6,Pregão - Eletrônico,Divulgada no PNCP,M,,928417,FUNDO MUNICIPAL DE SAUDE DE JAPERI - RJ,RJ,Japeri,"O objeto da presente licitação é o REGISTRO DE PREÇO PARA AQUISIÇÃO DE KIT MATERNIDADE, conforme quantidades e especificações técnicas constantes neste termo para atender as demandas desta Secretaria Municipal de Saúde.",184536.0,2026-09-28T16:56:00,2026-10-20T10:59:00,11294684000106-1-000016/2026,https://cnetmobile.estaleiro.serpro.gov.br/comprasnet-web/public/compras/acompanhamento-compra?compra=92841705000152026,True,Aberto,11294684000106
6,Pregão - Eletrônico,Divulgada no PNCP,M,,986001,MRJ-PREFEITURA MUNICIPAL DO RIO DE JANEIRO,RJ,Rio de Janeiro,"Prestação de Serviços de disponibilização de solução de computação em nuvem privada, compreendendo Infraestrutura como Serviço (IaaS), Plataforma como Serviço (PaaS) e Software como Serviço (SaaS), incluindo implantação, suporte técnico e operação, para atender às necessidades da MOBI-Rio, pelo período de 24 (vinte e quatro) meses, caracterizados e especificados neste Edital e/ou no Termo de Referência, na forma da lei. ",0.0,2026-10-05T08:00:00,2026-10-20T11:00:00,42498733000148-1-002011/2026,https://cnetmobile.estaleiro.serpro.gov.br/comprasnet-web/public/compras/acompanhamento-compra?compra=98600105017572026,False,Aberto-Fechado,42498733000148
12,Credenciamento,Divulgada no PNCP,M,,01,Prefeitura Municipal de Rio Bonito,RJ,Rio Bonito,"[Portal de Compras Públicas] - O objeto do presente procedimento é o CREDENCIAMENTO DE EMPRESAS OU ENTIDADES
ESPECIALIZADAS PARA TERAPIA RENAL SUBSTITUTIVA, AO PREÇO DA TABELA SUS, PARA OS PACIENTES DO
SUS DO MUNICIPIO DE RIO BONITO, ATENDIDOS ATRAVÉS DA SECRETARIA MUNICIPAL DE SAÚDE,
CONFORME NECESSIDADES. A administração não se obriga a contratar todos os serviços oferecidos, mais
sim, a quantidade que lhe interessar para atender a demanda dos usuários do Sistema Único de Saúde de Rio
Bonito.",896346.81,2025-10-20T11:00:00,2026-10-20T11:00:00,28741072000109-1-000109/2025,https://portaldecompraspublicas.com.br/processos/RJ/Prefeitura-Municipal-de-Rio-Bonito-3644/CRED-05-2025-2025-430755,False,Não se aplica,28741072000109
6,Pregão - Eletrônico,Divulgada no PNCP,M,,0205,FUNDO MUNICIPAL DE ASSISTÊNCIA SOCIAL DE RESENDE,RJ,Resende,"RSD-020105/001029/2026 - Contratação de EMPRESA ESPECIALIZADA PARA ELABORAÇÃO DO PROJETO DE SEGURANÇA CONTRA INCÊNDIO E PÂNICO - PSCIP, para atender às necessidades da Secretaria Municipal de Assistência Social e Direitos Humanos - SMASDH.",6800.0,2026-10-05T08:00:00,2026-10-20T13:00:00,14787731000133-1-000021/2026,https://bnccompras.com/Process/ProcessView?param1=[gkz]00Ju5SD4XwwsvR7cG_9yFnxq1irRmIA5n_yJxOdl3rVpiLfL1Mv7Z5N6TeTYISIelMkj4d0fJY64ibT0hu2pJQC3a2JKDnooDYnOOQ7K7h4=,False,Aberto,14787731000133
6,Pregão - Eletrônico,Divulgada no PNCP,F,,090028,TRIBUNAL REGIONAL FEDERAL DA 2A. REGIAO,RJ,Rio de Janeiro,"Renovação das licenças existentes do Software de Backup e restauração de dados IBM Spectrum Protect, com direito a atualização de versões e suporte técnico por 2 anos.",900462.5,2026-10-05T13:00:00,2026-10-20T13:00:00,32243347000151-1-000170/2026,https://cnetmobile.estaleiro.serpro.gov.br/comprasnet-web/public/compras/acompanhamento-compra?compra=09002805001082026,False,Aberto,32243347000151
6,Pregão - Eletrônico,Divulgada no PNCP,E,,310100,SECRETARIA DE ESTADO DE TRANSPORTES,RJ,Rio de Janeiro,"Contratação de empresa especializada para a prestação de serviços gráficos de impressão de publicação institucional da Secretaria de Estado de Transporte e Mobilidade Urbana, no formato A4, contendo capa e miolo, totalizando 95 a 100 páginas, impressas frente e verso, em policromia (4/4), por meio de impressão a laser, com tiragem de 500 (quinhentos) exemplares, sendo: 450 (quatrocentos e cinquenta) unidades na língua portuguesa e 50 (cinquenta) unidades na língua inglesa, bem como o fornecimento de 500 (quinhentas) unidades de Envelopes Personalizados, confeccionados em papel offset 90g, tamanho 26 x 36 cm, com impressão em policromia (4/4).",51185.0,2026-10-07T08:00:00,2026-10-20T13:00:00,42498600000171-1-004291/2026,https://www.compras.rj.gov.br/EditaisLicitacoes/detalhar.action?idLic=37555,False,Aberto,42498600000171
12,Credenciamento,Divulgada no PNCP,M,,1505,INSTITUTO DE EDUCAÇÃO DO MUNICÍPIO DE RESENDE,RJ,Resende,"RSD-020110/003462/2026- Aquisição de gêneros alimentícios (Banana Prata Orgânica) da Agricultura Familiar e do Empreendedor Familiar Rural, para o atendimento ao Programa Nacional de Alimentação Escolar – PNAE.",39138.75,2026-10-20T13:00:00,2026-10-20T13:00:00,29178233000594-1-000040/2026,,False,Não se aplica,29178233000594
6,Pregão - Eletrônico,Divulgada no PNCP,F,,200247,ARQUIVO NACIONAL,RJ,Rio de Janeiro," 1 - Licença Adobe Creative Cloud VIP Teams Governamental All Apps:
Conjunto integrado de aplicações voltadas à criação, edição e tratamento de conteúdo gráfico, audiovisual e 
digital, incluindo ferramentas para design gráfico, edição de imagens, produção de vídeos, desenvolvimento de 
layouts e publicação de conteúdo, com ampla interoperabilidade entre os aplicativos.
2 - Licença Adobe Acrobat Pro DC VIP Teams Single App:
Solução destinada à criação, edição, conversão, assinatura e gerenciamento de documentos no formato PDF, 
incluindo funcionalidades avançadas para automação de fluxos documentais, proteção de arquivos e integração 
com processos digitais.
 3 Licença Autodesk AEC – Architecture, Engineering and Construction Collection:
Plataforma integrada de softwares especializados para elaboração, modelagem e análise de projetos de 
arquitetura, engenharia e construção, contemplando ferramentas CAD e BIM para desenvolvimento técnico, 
compatibilização de projetos e gestão de informações de engenharia.",235139.0,2026-10-05T09:00:00,2026-10-20T14:00:00,00489828000155-1-000524/2026,https://cnetmobile.estaleiro.serpro.gov.br/comprasnet-web/public/compras/acompanhamento-compra?compra=20024705000482026,True,Aberto-Fechado,00489828000155
6,Pregão - Eletrônico,Divulgada no PNCP,M,,0205,FUNDO MUNICIPAL DE ASSISTÊNCIA SOCIAL DE RESENDE,RJ,Resende,"RSD-020105/000215/2025 - REGISTRO DE PREÇOS PARA A CONTRATAÇÃO DE EMPRESA ESPECIALIZADA PARA A RECARGA DE CILINDROS DE EXTINTOR DE INCÊNDIO, PELO PERÍODO DE 12 (DOZE) MESES, PARA ATENDER A SECRETARIA MUNICIPAL DE ASSISTÊNCIA SOCIAL E DIREITOS HUMANOS / SMASDH, ATRAVÉS DO FUNDO MUNICIPAL DE ASSISTÊNCIA SOCIAL / FMAS.",3906.0,2026-10-05T08:00:00,2026-10-20T14:00:00,14787731000133-1-000044/2025,https://bnccompras.com/Process/ProcessView?param1=[gkz]YEZdL_daceUUoSHGyu9P184gGJ/YUzHzBewb7PhyYoHXWPEGI5c4XchgL4mUY0UStFsigKNtma6ZHWJeSKJc28wkED32H2vJPJKVdKVcHQ8=,True,Aberto,14787731000133
6,Pregão - Eletrônico,Divulgada no PNCP,E,,925153,ERJ-MINISTÉRIO PUBLICO ESTADO RIO DE JANEIRO,RJ,Rio de Janeiro,"Contratação de pessoa jurídica para prestação de serviços, sob demanda, de administração, gerenciamento e fornecimento de cartões eletrônicos para refeição e alimentação com chip, utilizados com senha individual, com recursos de recarga de créditos e de gerenciamento on-line, em ambiente web, pelo prazo de 12 (doze) meses, conforme especificações, condições, quantidades e exigências estabelecidas no Anexo I do Edital da Licitação.",972866.49,2026-10-05T08:00:00,2026-10-20T14:00:00,28305936000140-1-000366/2026,https://cnetmobile.estaleiro.serpro.gov.br/comprasnet-web/public/compras/acompanhamento-compra?compra=92515305003262026,False,Aberto-Fechado,28305936000140
6,Pregão - Eletrônico,Divulgada no PNCP,E,,404500,Univ Est do Norte Fluminense Darcy Rib,RJ,Rio de Janeiro,"Aquisição de lixeiras, contêineres de lixo e caçambas estacionárias para a UENF",122994.27,2026-10-06T17:00:00,2026-10-20T14:00:00,42498600000171-1-004296/2026,https://www.compras.rj.gov.br/EditaisLicitacoes/detalhar.action?idLic=37559,False,Aberto-Fechado,42498600000171
12,Credenciamento,Divulgada no PNCP,M,,450068,PREFEITURA MUNICIPAL DE VOLTA REDONDA-RJ,RJ,Volta Redonda,"Seleção de três projetos continuados apresentados por pontos  ou pontões de cultura, certificados pelo ministério da cultutra",0.03,2026-09-30T08:00:00,2026-10-20T18:00:00,32512501000143-1-000398/2026,,False,Não se aplica,32512501000143
6,Pregão - Eletrônico,Divulgada no PNCP,F,,250052,INSTITUTO NACIONAL DO CANCER - RJ,RJ,Rio de Janeiro,SERVIÇO NÃO CONTINUADO - Substituição de redes/telas de proteção em diversas Unidades do INCA.,154333.5,2026-09-28T09:00:00,2026-10-21T08:59:00,00394544000185-1-002097/2026,https://cnetmobile.estaleiro.serpro.gov.br/comprasnet-web/public/compras/acompanhamento-compra?compra=25005205005732026,True,Aberto,00394544000185
4,Concorrência - Eletrônica,Divulgada no PNCP,M,,450068,PREFEITURA MUNICIPAL DE VOLTA REDONDA-RJ,RJ,Volta Redonda,Obra de construção do Centro Municipal de Educação Infantil Professor Hamilton Tavares de Medeiros. ,5960363.38,2026-10-02T08:00:00,2026-10-21T09:00:00,32512501000143-1-000402/2026,https://cnetmobile.estaleiro.serpro.gov.br/comprasnet-web/public/compras/acompanhamento-compra?compra=45006803002342026,False,Aberto-Fechado,32512501000143
4,Concorrência - Eletrônica,Divulgada no PNCP,M,,450068,PREFEITURA MUNICIPAL DE VOLTA REDONDA-RJ,RJ,Volta Redonda,"Execução de obra pavimentação asfáltica da Rua 100 (Trecho da antiga rádio da siderúrgica de Volta Redonda), s/nº, localizada no Bairro Laranjal, em Volta Redonda, Rio de Janeiro.",228784.61,2026-10-06T08:00:00,2026-10-21T09:00:00,32512501000143-1-000408/2026,https://cnetmobile.estaleiro.serpro.gov.br/comprasnet-web/public/compras/acompanhamento-compra?compra=45006803002732026,False,Aberto-Fechado,32512501000143
6,Pregão - Eletrônico,Divulgada no PNCP,M,,985903,MRJ-PREFEITURA MUNICIPAL SÃO PEDRO DA ALDEIA,RJ,São Pedro da Aldeia,"Registro de preços para seleção da proposta mais vantajosa para futura e eventual contratação de empresa qualificada para aquisição de Insumos Médicos Hospitalares, que tem como finalidade promover a continuidade do abastecimento das Unidades de Saúde, de acordo com as condições e demais especificações contidas no Edital e seus Anexos.",6709855.24,2026-10-06T08:00:00,2026-10-21T09:00:00,28909604000174-1-000072/2026,https://cnetmobile.estaleiro.serpro.gov.br/comprasnet-web/public/landing?destino=acompanhamento-compra&compra=98590305900252026,True,Aberto,28909604000174
6,Pregão - Eletrônico,Divulgada no PNCP,F,,179083,CASA DA MOEDA DO BRASIL/MF,RJ,Rio de Janeiro,"Prestação de serviços de tratamento de água de sistema de resfriamento de forno de tratamento térmico à vácuo, conforme quantidade e especificação do Edital e seus anexos",0.0,2026-09-29T08:00:00,2026-10-21T09:00:00,34164319000174-1-000173/2026,https://cnetmobile.estaleiro.serpro.gov.br/comprasnet-web/public/compras/acompanhamento-compra?compra=17908305001332026,False,Aberto,34164319000174
6,Pregão - Eletrônico,Divulgada no PNCP,M,,985833,PREFEITURA MUNICIPAL DE DUQUE DE CAXIAS -RJ,RJ,Duque de Caxias,"REGISTRO DE PREÇO PARA FUTURA E EVENTUAL AQUISIÇÃO DE MATERIAIS E FIOS CIRÚRGICOS DESCRITOS FUNDAMENTAIS PARA A REALIZAÇÃO DE CIRURGIAS CARDÍACAS DE MÉDIA E ALTA COMPLEXIDADE, DESTINADOS AO ATENDIMENTO AO HOSPITAL MUNICIPAL DO CORAÇÃO SÃO JOSÉ, conforme especificações e quantidades estabelecidas no Termo de Referência no Edital e seus Anexos.",214554.0,2026-09-25T08:00:00,2026-10-21T09:00:00,29138328000150-1-000090/2026,https://cnetmobile.estaleiro.serpro.gov.br/comprasnet-web/public/compras/acompanhamento-compra?compra=98583305000602026,True,Aberto,29138328000150
6,Pregão - Eletrônico,Divulgada no PNCP,M,,866,FUNDO MUNICIPAL DE SAÚDE DE SUMIDOURO/RJ,RJ,Sumidouro,"[LICITANET] - EVENTUAL CONTRATAÇÃO DE EMPRESA ESPECIALIZADA NO FORNECIMENTO, ENTREGA, GARANTIA E ASSISTÊNCIA TÉCNICA DE MOBILIA E APARELHOS ELETRÔNICOS - SRP",513057.71,2026-10-05T13:40:37,2026-10-21T09:00:00,13828365000150-1-000047/2026,https://licitanet.com.br/sessao/202749,True,Aberto,13828365000150
6,Pregão - Eletrônico,Divulgada no PNCP,M,,450068,PREFEITURA MUNICIPAL DE VOLTA REDONDA-RJ,RJ,Volta Redonda,"Contratação de Empresa especializada no ramo de transporte terrestre para a locação de em 03 (três) vans (ou veículo compatível) com, no mínimo, 20 (vinte) lugares, incluindo motorista devidamente habilitado, munido de CNH compatível (Categoria D ou E), Certidão de Pontuação da CNH e comprovação do Curso Especializado para Transporte Coletivo de Passageiros (art. 138 do CTB e Resolução CONTRAN), manutenção e combustível dos veículos.",1253200.0,2026-09-29T08:00:00,2026-10-21T09:00:00,32512501000143-1-000404/2026,https://cnetmobile.estaleiro.serpro.gov.br/comprasnet-web/public/compras/acompanhamento-compra?compra=45006805002432026,False,Aberto-Fechado,32512501000143
6,Pregão - Eletrônico,Divulgada no PNCP,M,,931,MUNICÍPIO DE CARMO/RJ,RJ,Carmo,"[LICITANET] - A presente Licitação tem por objeto o Registro de Preços para futura e eventual Contratação de Empresa para PRESTAÇÃO DE SERVIÇOS DE OFICINEIROS (PESSOA FISICA E/OU JURIDICA), para atender as necessidades da Secretaria Municipal de Saúde do Município de Carmo-RJ, conforme a solicitação da Secretaria Municipal de Saúde/FMS do Município de Carmo-RJ, de acordo com as condições e especificações contidas no Anexo I (Proposta e Preços) e Anexo II (Termo de Referência), partes integrantes deste Edital.",495359.2,2026-10-01T10:17:02,2026-10-21T09:00:00,29128741000134-1-000031/2026,https://licitanet.com.br/sessao/203462,True,Aberto,29128741000134
6,Pregão - Eletrônico,Divulgada no PNCP,M,,985861,PREFEITURA MUNICIPAL DE NATIVIDADE - RJ,RJ,Natividade,"Aquisição de Mobiliários e Equipamentos, destinados às unidades da Rede Municipal de Ensino de Natividade/RJ, conforme previsto no Termo de Compromisso PAR nº 201401653, vinculado ao processo nº 23400007322201486, celebrado entre o Município de Natividade e o Fundo Nacional de Desenvolvimento da Educação – FNDE",71586.17,2026-10-05T08:00:00,2026-10-21T09:00:00,28920304000196-1-000014/2026,https://cnetmobile.estaleiro.serpro.gov.br/comprasnet-web/public/compras/acompanhamento-compra?compra=98586105000102026,False,Aberto-Fechado,28920304000196
6,Pregão - Eletrônico,Divulgada no PNCP,F,,250052,INSTITUTO NACIONAL DO CANCER - RJ,RJ,Rio de Janeiro,AQUISIÇÃO MEDICAMENTOS TACROLIMO AMP - 2026,602707.8,2026-10-02T09:00:00,2026-10-21T09:00:00,00394544000185-1-002163/2026,https://cnetmobile.estaleiro.serpro.gov.br/comprasnet-web/public/compras/acompanhamento-compra?compra=25005205007712026,False,Aberto,00394544000185
6,Pregão - Eletrônico,Divulgada no PNCP,F,,120645,GRUPAMENTO DE APOIO DO GALEÃO,RJ,Rio de Janeiro, Contratação de empresa para prestação de serviços especializados de manutenção preventiva e corretiva completa do elevador de passageiros instalado no prédio administrativo do Centro de Transporte Logístico da Aeronáutica (CTLA),28440.0,2026-10-05T09:00:00,2026-10-21T09:00:00,00394429000100-1-002563/2026,https://cnetmobile.estaleiro.serpro.gov.br/comprasnet-web/public/compras/acompanhamento-compra?compra=12064505002332026,False,Aberto-Fechado,00394429000100
6,Pregão - Eletrônico,Divulgada no PNCP,E,,296100,FUNDO ESTADUAL DE SAÚDE,RJ,Rio de Janeiro,"O presente termo de referência tem por objetivo estabelecer as condições para fornecimento do(s) medicamento(s): TELMISARTANA 40 MG COMPRIMIDO, TELMISARTANA 80 MG COMPRIMIDO, TELMISARTANA 40 MG + HIDROCLOROTIAZIDA 12,5 MG COMPRIMIDO, TELMISARTANA 80 MG + HIDROCLOROTIAZIDA 12,5 MG COMPRIMIDO e TELMISARTANA 80 MG + BESILATO DE ANLODIPINO 5 MG COMPRIMIDO através do Pregão Eletrônico para Registro de Preços, visando suprir as necessidades da Assessoria de Mandados Judiciais da Secretaria de Estado de Saúde do Rio de Janeiro, de acordo com as condições e especificações constantes neste Termo de Referência e no Edital, sob a égide da Lei n° 14.133/2021.",0.0,2026-10-05T10:28:00,2026-10-21T09:00:00,42498600000171-1-004272/2026,https://www.compras.rj.gov.br/EditaisLicitacoes/detalhar.action?idLic=37549,True,Aberto,42498600000171
6,Pregão - Eletrônico,Divulgada no PNCP,M,,926850,FUNDO MUNICIPAL DE SAÚDE DE VOLTA REDONDA-RJ,RJ,Volta Redonda,"Registro de preços para futura e eventual aquisição de PINÇA DE ENERGIA ULTRASSÔNICA e SONDA PLÁSTICA ESOFAGEAL, conforme especificações e quantidades detalhadas neste Termo de Referência.",362926.0,2026-10-05T16:00:00,2026-10-21T09:00:00,39563911000162-1-000207/2026,https://cnetmobile.estaleiro.serpro.gov.br/comprasnet-web/public/compras/acompanhamento-compra?compra=92685005001402026,False,Aberto-Fechado,39563911000162
6,Pregão - Eletrônico,Divulgada no PNCP,M,,985847,PREFEITURA MUNICIPAL DE MACAE - RJ,RJ,Macaé,"Contratação de empresa especializada para o fornecimento e administração de infraestrutura física (galpão), maquinários, equipamentos e serviços de utilidades integrados, necessários ao funcionamento do Programa Municipal de Coleta Seletiva Solidária e Cidadã (PMCSC) no Município de Macaé.",2032824.12,2026-10-06T12:00:00,2026-10-21T09:00:00,29115474000160-1-000665/2026,https://cnetmobile.estaleiro.serpro.gov.br/comprasnet-web/public/compras/acompanhamento-compra?compra=98584705006612026,False,Aberto,29115474000160
8,Dispensa de Licitação,Divulgada no PNCP,M,,2161,FUNDO MUNICIPAL DE ASSISTÊNCIA SOCIAL DE CACHOEIRAS DE MACACU/RJ,RJ,Cachoeiras de Macacu,"[LICITANET] - Contratação de empresa especializada para fornecimento de Equipamentos de Proteção Individual (EPIs), destinados aos trabalhadores do Sistema Único de Assistência Social (SUAS), com o objetivo de garantir a proteção e a integridade física dos profissionais, assegurando condições seguras, salubres e adequadas para a execução das ações nos serviços, programas, projetos e benefícios socioassistenciais.",19223.75,2026-10-02T14:08:05,2026-10-21T09:00:00,15065292000118-1-000021/2026,https://licitanet.com.br/sessao/203694,False,Dispensa Com Disputa,15065292000118
6,Pregão - Eletrônico,Divulgada no PNCP,F,,740014,CENTRO LOGISTICO DO MATERIAL DA MARINHA,RJ,Rio de Janeiro,"Registro de Preços para aquisição de antenas whip banda larga de HF para operação entre 2 a 30 MHz, Modelo
de referência VBBA 2-30 NSN 5985-200-01-9925, a fim de atender a dotação de Antenas HF whip banda larga dos
Meios Navais da Marinha do Brasil",825290.0,2026-09-28T09:30:00,2026-10-21T09:30:00,00394502000144-1-012525/2026,https://cnetmobile.estaleiro.serpro.gov.br/comprasnet-web/public/compras/acompanhamento-compra?compra=74001405001982026,True,Aberto-Fechado,00394502000144
6,Pregão - Eletrônico,Divulgada no PNCP,F,,751200,GRUPAMENTO DE NAVIOS HIDROCEANOGRAFICOS,RJ,Niterói,Registro de preços para eventual prestação de serviços de manutenção e fornecimento de sobressalentes de dois motores diesel geradores VOLVO PENTA D13 B-E MG 10.000h. Os referidos serviços e sobressalentes serão aplicados nos diesel geradores do sistema de geração de energia do Navio Hidroceanográfico Faroleiro Almirante Graça Aranha.,1130128.78,2026-10-06T09:30:00,2026-10-21T09:30:00,00394502000144-1-012946/2026,https://cnetmobile.estaleiro.serpro.gov.br/comprasnet-web/public/compras/acompanhamento-compra?compra=75120005001052026,True,Aberto,00394502000144
6,Pregão - Eletrônico,Divulgada no PNCP,M,,985825,Prefeitura municipal de Casimiro de Abreu,RJ,Casimiro de Abreu,"Prestação de Serviço de Telefonia fixa.


",18807.48,2026-10-05T17:00:00,2026-10-21T09:30:00,29115458000178-1-000127/2026,https://cnetmobile.estaleiro.serpro.gov.br/comprasnet-web/public/compras/acompanhamento-compra?compra=98582505001992026,False,Aberto,29115458000178
6,Pregão - Eletrônico,Divulgada no PNCP,M,,2497,FMAS-FUNDO MUNICIPAL DE ASSISTÊNCIA SOCIAL DE BOM JARDIM/RJ,RJ,Bom Jardim,"[LICITANET] - Futura e eventual contratação de empresa especializada para administração, gerenciamento, emissão e fornecimento de cartões magnéticos denominado (cartão social), com tecnologia de chip, destinados à carga e processamento eletrônico de créditos a serem utilizados na aquisição de gêneros alimentícios, produtos de higiene pessoal e limpeza, junto à estabelecimentos comerciais credenciados dentro do território do Município de Bom Jardim/RJ.",0.0,2026-10-05T14:53:59,2026-10-21T09:32:00,03802344000102-1-000009/2025,https://licitanet.com.br/sessao/203803,True,Aberto,03802344000102
6,Pregão - Eletrônico,Divulgada no PNCP,M,,986001,MRJ-PREFEITURA MUNICIPAL DO RIO DE JANEIRO,RJ,Rio de Janeiro,"Contratação de serviços de reforma do muro da Gerência da Tijuca - SG08T, situado à Rua Dr. Renato Rocco, nº400, conforme Memorial Descritivo e Termo de referência.",160310.27,2026-09-29T09:00:00,2026-10-21T09:59:00,42498733000148-1-001961/2026,https://cnetmobile.estaleiro.serpro.gov.br/comprasnet-web/public/compras/acompanhamento-compra?compra=98600105017112026,False,Aberto,42498733000148
6,Pregão - Eletrônico,Divulgada no PNCP,E,,404340,HOSPITAL UNIVERSITARIO PEDRO ERNESTO,RJ,Rio de Janeiro,"A aquisição, por licitação (pregão eletrônico), de lixeiras/coletores de resíduos para o Hospital Universitário Pedro Ernesto.",55851.18,2026-10-05T08:00:00,2026-10-21T09:59:00,42498600000171-1-004237/2026,https://www.compras.rj.gov.br/EditaisLicitacoes/detalhar.action?idLic=37532,False,Aberto,42498600000171
6,Pregão - Eletrônico,Divulgada no PNCP,M,,290,Prefeitura Municipal de Miguel Pereira - RJ,RJ,Miguel Pereira,"CONTRATAÇÃO DE EMPRESA ESPECIALIZADA NA PRESTAÇÃO DE SERVIÇOS DE FORNECIMENTO DE ACESSO À INTERNET VIA FIBRA ÓPTICA EMPRESARIAL E DE LINK DEDICADO DE ALTA DISPONIBILIDADE, COM FORNECIMENTO DE TODOS OS EQUIPAMENTOS, MATERIAIS E INFRAESTRUTURA NECESSÁRIOS À PERFEITA EXECUÇÃO DOS SERVIÇOS, INCLUINDO INSTALAÇÃO, CONFIGURAÇÃO, MANUTENÇÃO PREVENTIVA E CORRETIVA, SUPORTE TÉCNICO E MONITORAMENTO CONTÍNUO",465937.56,2026-10-02T11:00:00,2026-10-21T09:59:00,32415283000129-1-000091/2026,https://comprasbr.com.br/pregao-eletronico-detalhe/?idlicitacao=48730,True,Aberto,32415283000129
4,Concorrência - Eletrônica,Divulgada no PNCP,F,,254462,DIRETORIA DE ADMINISTRAçãO DO CAMPUS-FIOCRUZ,RJ,Rio de Janeiro,"Contratação Integrada para implantação de sistema de radiocomunicação do Campus Manguinhos Maré da Fiocruz, Rio de Janeiro/RJ.",9324862.81,2026-07-27T08:00:00,2026-10-21T10:00:00,33781055000135-1-000699/2026,https://cnetmobile.estaleiro.serpro.gov.br/comprasnet-web/public/landing?destino=acompanhamento-compra&compra=25446203900082026,False,Aberto,33781055000135
6,Pregão - Eletrônico,Divulgada no PNCP,M,,930552,CAMARA MUNICIPAL DE MACAE - RJ,RJ,Macaé,"Contratação de empresa especializada para o fornecimento de equipamentos de multimídia, incluindo projetores, telas/lousas digitais interativas, microfones sem fio, acessórios correlatos e nobreaks, com vistas à modernização e adequação da infraestrutura tecnológica da Câmara Municipal de Macaé.",251174.0,2026-10-05T16:00:00,2026-10-21T10:00:00,29893617000165-1-000010/2026,https://cnetmobile.estaleiro.serpro.gov.br/comprasnet-web/public/compras/acompanhamento-compra?compra=93055205000412026,False,Aberto,29893617000165
6,Pregão - Eletrônico,Divulgada no PNCP,F,,389177,CONSELHO REGIONAL DE MEDICINA ES.R.DE JANEIRO,RJ,Rio de Janeiro,"Contratação de solução de comunicação e colaboração, Google Workspace, para integrar as ferramentas de E-Mail, Agenda e Contatos deste Conselho, bem como permitir o uso de soluções de suíte de Escritório, além de incluir recursos de Mensagem Instantânea e Videoconferência, preferencialmente na versão Enterprise Starter com Google Vault e Enterprise Standard, incluindo suporte técnico. conforme condições, quantidades e exigências estabelecidas no Edital e seus anexos.",437904.0,2026-09-28T08:00:00,2026-10-21T10:00:00,31027527000133-1-000055/2026,https://cnetmobile.estaleiro.serpro.gov.br/comprasnet-web/public/compras/acompanhamento-compra?compra=38917705000432026,False,Aberto,31027527000133
6,Pregão - Eletrônico,Divulgada no PNCP,F,,495130,MRJ-COMPANHIA DE PESQUISA D RECURSOS MINERAIS,RJ,Rio de Janeiro,"Contratação de empresa especializada para a prestação de serviços continuados de vigilância patrimonial armada, compreendendo 01 (um) posto de vigilância armada diurna e 01 (um) posto de vigilância armada noturna, ambos em escala de 12x24h (doze por vinte e quatros) horas, assegurando cobertura ininterrupta de 24 (vinte e quatro) horas por dia, inclusive aos sábados, domingos e feriados, destinados à proteção das instalações, bens móveis e imóveis, servidores, colaboradores e visitantes nas depe",333808.32,2026-09-29T08:00:00,2026-10-21T10:00:00,00091652000189-1-000357/2026,https://cnetmobile.estaleiro.serpro.gov.br/comprasnet-web/public/compras/acompanhamento-compra?compra=49513005001012026,False,Aberto,00091652000189
6,Pregão - Eletrônico,Divulgada no PNCP,M,,986001,MRJ-PREFEITURA MUNICIPAL DO RIO DE JANEIRO,RJ,Rio de Janeiro,"Registro de Preços para Aquisição de Materiais para chassi do fabricante Mercedes-Benz, novos e genuínos, para serviços de Manutenção Preventiva e Corretiva da Frota de Ônibus de chassi O500, Motor OM457, de Modelos Euro 5 e 6 – H, operada pela Companhia Municipal de Transportes Coletivos – CMTC - (MOBI-RIO), conforme descrito, caracterizado e especificado no Termo de Referência.",0.0,2026-10-07T08:00:00,2026-10-21T10:00:00,42498733000148-1-001993/2026,https://cnetmobile.estaleiro.serpro.gov.br/comprasnet-web/public/compras/acompanhamento-compra?compra=98600105017352026,True,Aberto-Fechado,42498733000148
6,Pregão - Eletrônico,Divulgada no PNCP,M,,986001,MRJ-PREFEITURA MUNICIPAL DO RIO DE JANEIRO,RJ,Rio de Janeiro,"Registro de preço para Locação de veículos de fiscalização – tipo sedan e motocicletas, sem serviço de condução e sem serviço de abastecimento, com manutenção preventiva e corretiva (incluindo fornecimento de peças)",24618600.0,2026-10-05T10:00:00,2026-10-21T10:00:00,42498733000148-1-002007/2026,https://cnetmobile.estaleiro.serpro.gov.br/comprasnet-web/public/compras/acompanhamento-compra?compra=98600105017102026,True,Aberto-Fechado,42498733000148
6,Pregão - Eletrônico,Divulgada no PNCP,F,,389090,CRJ-CONSELHO REGI. DE ENGENHARIA E AGRONOMIA,RJ,Rio de Janeiro,"Contratação de empresa especializada, por meio da ata de registro de preços (ARP), para o fornecimento e instalação de persianas e películas de controle solar, incluindo materiais, equipamentos e mão de obra necessários, a serem instalados nas unidades do Crea-RJ e  em suas inspetorias.",322104.89,2026-10-06T10:00:00,2026-10-21T10:00:00,34260596000180-1-000062/2026,https://cnetmobile.estaleiro.serpro.gov.br/comprasnet-web/public/compras/acompanhamento-compra?compra=38909005000392026,True,Aberto,34260596000180
6,Pregão - Eletrônico,Divulgada no PNCP,F,,764200,SERVICO DE VETERANOS E PENSIONISTAS DA MARINH,RJ,Rio de Janeiro,"Aquisição de Materiais Elétricos e ferramentas específicas, visando atender o Serviço de Veteranos e Pensionistas da Marinha (SVPM), nos termos da tabela abaixo, conforme condições e exigências estabelecidas neste instrumento.",250950.1,2026-10-05T10:00:00,2026-10-21T10:00:00,00394502000144-1-012947/2026,https://cnetmobile.estaleiro.serpro.gov.br/comprasnet-web/public/compras/acompanhamento-compra?compra=76420005000762026,True,Aberto-Fechado,00394502000144
6,Pregão - Eletrônico,Divulgada no PNCP,F,,323031,AGENCIA NACIONAL DO PETROLEO - ANP - RJ,RJ,Rio de Janeiro,Contratação de serviços de apoio aos processos de planejamento e de fiscalização das soluções de tecnologia da informação pelo período inicial de 60 (sessenta) meses,6216958.8,2026-10-06T08:00:00,2026-10-21T10:00:00,02313673000127-1-000113/2026,https://cnetmobile.estaleiro.serpro.gov.br/comprasnet-web/public/compras/acompanhamento-compra?compra=32303105002072026,False,Aberto,02313673000127
6,Pregão - Eletrônico,Divulgada no PNCP,E,,296100,FUNDO ESTADUAL DE SAÚDE,RJ,Rio de Janeiro,"1.1. O presente termo de referência tem por objetivo estabelecer as condições para fornecimento do(s) medicamento(s) DONANEMABE 17,5 MG/ML SOLUÇÃO PARA INFUSÃO FRASCO AMPOLA 20 ML através do Pregão Eletrônico para Registro de Preços, visando suprir as necessidades da Assessoria de Mandados Judiciais da Secretaria de Estado de Saúde do Rio de Janeiro, de acordo com as condições e especificações constantes neste Termo de Referência e no Edital, sob a égide da Lei n° 14.133/2021.",0.0,2026-10-05T10:25:00,2026-10-21T10:00:00,42498600000171-1-004271/2026,https://www.compras.rj.gov.br/EditaisLicitacoes/detalhar.action?idLic=37548,True,Aberto,42498600000171
6,Pregão - Eletrônico,Divulgada no PNCP,E,,296100,FUNDO ESTADUAL DE SAÚDE,RJ,Rio de Janeiro,REFRIGERADOR PARA MEDICAMENTOS,0.0,2026-10-05T10:32:00,2026-10-21T10:00:00,42498600000171-1-004273/2026,https://www.compras.rj.gov.br/EditaisLicitacoes/detalhar.action?idLic=37550,True,Aberto,42498600000171
6,Pregão - Eletrônico,Divulgada no PNCP,E,,296100,FUNDO ESTADUAL DE SAÚDE,RJ,Rio de Janeiro,"O presente termo de referência tem por objetivo estabelecer as condições para fornecimento do(s) medicamento(s): IPILIMUMABE 5 MG/ML SOLUÇÃO INJETÁVEL FRASCO AMPOLA 10 ML através do Pregão Eletrônico para Registro de Preços, visando suprir as necessidades da Assessoria de Mandados Judiciais da Secretaria de Estado de Saúde do Rio de Janeiro, de acordo com as condições e especificações constantes neste Termo de Referência e no Edital, sob a égide da Lei n° 14.133/2021.",0.0,2026-10-05T10:48:00,2026-10-21T10:00:00,42498600000171-1-004276/2026,https://www.compras.rj.gov.br/EditaisLicitacoes/detalhar.action?idLic=37470,True,Aberto,42498600000171
6,Pregão - Eletrônico,Divulgada no PNCP,F,,741000,ARSENAL DE MARINHA DO RIO DE JANEIRO/RJ,RJ,Rio de Janeiro," Contratação de serviços de engenharia para a fabricação, instalação e comissionamento dos sistemas de água salgada, caixas de mar e peças de descarga para o mar do NPa Miramar. ",34715972.78,2026-10-06T08:00:00,2026-10-21T10:00:00,00394502000144-1-013026/2026,https://cnetmobile.estaleiro.serpro.gov.br/comprasnet-web/public/compras/acompanhamento-compra?compra=74100005001572026,False,Aberto-Fechado,00394502000144
6,Pregão - Eletrônico,Divulgada no PNCP,F,,160297,COMANDO DA 1 DIVISAO DE EXERCITO/RJ,RJ,Rio de Janeiro,"CESSÃO DE USO, para exercício de atividade de apoio, de imóvel situado na Avenida Duque de Caxias, nº 438
loja B, Vila Militar, Rio de Janeiro, jurisdicionado ao Exército Brasileiro, com área correspondente de 620,40m², para funcionamento de uma alfaiataria,",321600.0,2026-10-06T08:00:00,2026-10-21T10:00:00,00394452000103-1-021607/2026,https://cnetmobile.estaleiro.serpro.gov.br/comprasnet-web/public/compras/acompanhamento-compra?compra=16029705001312026,False,Aberto,00394452000103
6,Pregão - Eletrônico,Divulgada no PNCP,M,,986001,MRJ-PREFEITURA MUNICIPAL DO RIO DE JANEIRO,RJ,Rio de Janeiro,"Prestação de serviços de  locação de sanitários químicos, devidamente descritos, caracterizados e especificados neste Edital e/ou no Termo de Referência, na forma da lei",258748.8,2026-10-06T08:00:00,2026-10-21T11:00:00,42498733000148-1-002013/2026,https://cnetmobile.estaleiro.serpro.gov.br/comprasnet-web/public/compras/acompanhamento-compra?compra=98600105017592026,True,Aberto-Fechado,42498733000148
6,Pregão - Eletrônico,Divulgada no PNCP,E,,296100,FUNDO ESTADUAL DE SAÚDE,RJ,Rio de Janeiro,"1.1. O presente termo de referência tem por objetivo estabelecer as condições para fornecimento do(s) medicamento(s): CLORIDRATO DE METFORMINA 500 MG COMPRIMIDO DE LIBERAÇÃO PROLONGADA, AMISSULPIRIDA 200 MG COMPRIMIDO, BUSPIRONA 5MG COMPRIMIDO, COLECALCIFEROL 1000 UI COMPRIMIDO, CLORIDRATO DE TRAZODONA 300 MG COMPRIMIDO REVESTIDO através do Pregão Eletrônico para Registro de Preços, visando suprir as necessidades da Assessoria de Mandados Judiciais da Secretaria de Estado de Saúde do Rio de Janeiro, de acordo com as condições e especificações constantes neste Termo de Referência e no Edital, sob a égide da Lei n° 14.133/2021.",0.0,2026-10-05T10:42:00,2026-10-21T11:00:00,42498600000171-1-004275/2026,https://www.compras.rj.gov.br/EditaisLicitacoes/detalhar.action?idLic=37551,True,Aberto,42498600000171
6,Pregão - Eletrônico,Divulgada no PNCP,E,,296100,FUNDO ESTADUAL DE SAÚDE,RJ,Rio de Janeiro,AQUISIÇÃO DE MEDICAMENTOS.,0.0,2026-10-05T10:58:00,2026-10-21T11:00:00,42498600000171-1-004278/2026,https://www.compras.rj.gov.br/EditaisLicitacoes/detalhar.action?idLic=37552,True,Aberto,42498600000171
6,Pregão - Eletrônico,Divulgada no PNCP,M,,1405,FUNDO MUNICIPAL DE SAÚDE DE RESENDE - SUS,RJ,Resende,"RSD-020116/005304/2026- CONTRATAÇÃO DE EMPRESA ESPECIALIZADA EM MANUTENÇÃO PREVENTIVA E CORRETIVA PARA OS EQUIPAMENTOS DESFIBRILADORES EXISTENTES NAS UNIDADES DE SAÚDE DA FAMÍLIA (USF) DA ATENÇÃO PRIMÁRIA À SAÚDE (APS), ATRAVÉS DA SECRETARIA MUNICIPAL DE SAÚDE.",277359.96,2026-08-03T08:00:00,2026-10-21T12:00:00,11800731000138-1-000137/2026,https://bnccompras.com/Process/ProcessView?param1=[gkz]ip4iPSXVw8/hEwg8WRm/46gwStUJ1dXUx8CmMhgQC2J1nXbKY1g0ntRdRZFUr0HwrXqEoBWCzX1TdIcHVZnZnoYLPok758smN9E7bAp7kp0=,False,Aberto,11800731000138
6,Pregão - Eletrônico,Divulgada no PNCP,M,,1,MUNICIPIO DE RESENDE,RJ,Resende,"RSD-020115/000606/2026 - REGISTRO DE PREÇOS PARA A CONTRATAÇÃO DE EMPRESA, ATRAVÉS DE EMPREITADA POR PREÇO UNITÁRIO (MATERIAL + MÃO DE OBRA), PARA EXECUÇÃO DE FORNECIMENTO E INSTALAÇÃO DE ABRIGO DE PONTO DE ONIBUS, NO MUNICÍPIO DE RESENDE/RJ, ATRAVÉS DA SECRETARIA MUNICIPAL DE OBRAS – SMO.",16534619.46,2026-09-10T15:00:00,2026-10-21T12:00:00,29178233000160-1-000147/2026,https://bnccompras.com/Process/ProcessView?param1=[gkz]Fqdm4tjb6M3HIcsidZBZFqAlJ0DtAFnqXUZMGFM7tm06dzZYlIHst7Gzb_siZ1fjvk8K4bjEu4E5scwmOTB0cl4lPU3ah3Ve54PpT4ZF67c=,True,Aberto,29178233000160
6,Pregão - Eletrônico,Divulgada no PNCP,M,,1405,FUNDO MUNICIPAL DE SAÚDE DE RESENDE - SUS,RJ,Resende,"RSD-020116/006329/2026 - CONTRATAÇÃO DE EMPRESA ESPECIALIZADA PARA PRESTAÇÃO DE SERVIÇO DE FORNECIMENTO, INSTALAÇÃO, MANUTENÇÃO DE SISTEMA DE GASES MEDICINAIS E CILINDROS EM COMODATO, ATRAVÉS DA SECRETARIA MUNICIPAL DE SAÚDE.",1869400.0,2026-08-28T08:00:00,2026-10-21T13:00:00,11800731000138-1-000180/2026,https://bnccompras.com/Process/ProcessView?param1=[gkz]q7LVNeaB74HjAmRvtJGGqU4IYdV9g3dYQpfNR_69tpWByAUAGKhqvQOEEjnld66xY7rJQwX9y9ZORp1TiuSWrNgNfb_t3hIlQ6rKOv9FLtw=,False,Aberto,11800731000138
6,Pregão - Eletrônico,Divulgada no PNCP,M,,985821,PREFEITURA MUNICIPAL DE CANTAGALO - RJ,RJ,Cantagalo,"Registro de preços para futura e eventual contratação de empresa especializada na prestação de serviços de buffet, sob demanda, compreendendo preparo, fornecimento, transporte, montagem, serviço, reposição, limpeza e desmontagem, para atendimento dos eventos da Secretaria Municipal de Educação de Cantagalo/RJ.",157081.8,2026-10-02T08:00:00,2026-10-21T13:00:00,28645794000160-1-000075/2026,https://cnetmobile.estaleiro.serpro.gov.br/comprasnet-web/public/compras/acompanhamento-compra?compra=98582105000252026,True,Aberto,28645794000160
6,Pregão - Eletrônico,Divulgada no PNCP,M,,985829,PREFEITURA MUNICIPAL DE CORDEIRO - RJ,RJ,Cordeiro,"Contratação de empresa especializada para prestação de serviços técnicos de assessoria e consultoria operacional voltados à adequação tecnológica, cadastral, sistêmica e administrativa da Administração Tributária Municipal às exigências decorrentes da Reforma Tributária, especialmente da Emenda Constitucional nº 132/2023, da Lei Complementar Federal nº 214/2025 e demais normas regulamentadoras aplicáveis, conforme Edital e seus anexos.",74016.12,2026-10-05T09:30:00,2026-10-21T13:00:00,28614865000167-1-000130/2026,https://cnetmobile.estaleiro.serpro.gov.br/comprasnet-web/public/compras/acompanhamento-compra?compra=98582905000922026,False,Aberto,28614865000167
12,Credenciamento,Divulgada no PNCP,M,,985801,PREFEITURA MUNICIPAL DE ANGRA DOS REIS - RJ,RJ,Angra dos Reis,"CREDENCIAMENTO de pessoas jurídicas especializadas para prestação de serviços de média e alta complexidade em oftalmologia, a serem executados no Hospital dos Olhos do Município de Angra dos Reis, conforme condições, quantidades e exigências estabelecidas neste instrumento.",3340521.24,2025-10-21T13:52:00,2026-10-21T13:52:00,29172467000109-1-000035/2026,,False,Não se aplica,29172467000109
6,Pregão - Eletrônico,Divulgada no PNCP,M,,986001,MRJ-PREFEITURA MUNICIPAL DO RIO DE JANEIRO,RJ,Rio de Janeiro,"prestação de serviços de Comuns de Seguro de Vida e Acidentes Pessoais em Grupo, mediante a implantação de apólice, para até 2.000 (duas mil) vidas seguradas  -  agentes da Divisão de Elite da Guarda Municipal – GM-Rio.",114160.0,2026-10-06T08:00:00,2026-10-21T14:00:00,42498733000148-1-002023/2026,https://cnetmobile.estaleiro.serpro.gov.br/comprasnet-web/public/compras/acompanhamento-compra?compra=98600105017662026,False,Aberto-Fechado,42498733000148
6,Pregão - Eletrônico,Divulgada no PNCP,M,,1405,FUNDO MUNICIPAL DE SAÚDE DE RESENDE - SUS,RJ,Resende,"RSD-020116/007444/2026-REGISTRO DE PREÇOS PARA AQUISIÇÃO DE MATERIAL MÉDICO HOSPITALAR, PARA ATENDER AS NECESSIDADES DO HOSPITAL MUNICIPAL DE EMERGÊNCIA, ATRAVÉS DA SECRETARIA MUNICIPAL DE SAÚDE.",934330.28,2026-10-08T08:00:00,2026-10-21T14:00:00,11800731000138-1-000221/2026,https://bnccompras.com/Process/ProcessView?param1=[gkz]dWM0NbOtTnc7wGZBXth_vn4cB5RRts_lxqGTVe_jeDOwjlNy6MJuUGCkLyZKcieAeTVAsqFI3_UPM5TklTYFCkGEYhlmAvCv3pjbsRDxT38=,True,Aberto,11800731000138
6,Pregão - Eletrônico,Divulgada no PNCP,M,,1505,INSTITUTO DE EDUCAÇÃO DO MUNICÍPIO DE RESENDE,RJ,Resende,"RSD-020110/004480/2026-Registro De Preços para AQUISIÇÃO DE MOBILIÁRIO ESCOLAR, através da SECRETARIA MUNICIPAL DE EDUCAÇÃO – SME, DO INSTITUTO DE EDUCAÇÃO DO MUNICÍPIO DE RESENDE – EDUCAR.",847400.0,2026-10-08T08:00:00,2026-10-21T14:00:00,29178233000594-1-000043/2026,https://bnccompras.com/Process/ProcessView?param1=[gkz]4DHakXrDSBSOhU/t0UN8SIklOcCZeSdiqpsskZ1ww0bvl_QViOPp5W//ORjKw6VNQyhT1NuozxW/Bb1u2dm8sJn/6PJbDV5OoyTekyNjoeI=,True,Aberto,29178233000594
6,Pregão - Eletrônico,Divulgada no PNCP,F,,910847,ELETROBRAS TERMONUCLEAR S/A,RJ,Rio de Janeiro,Fornecimento de  Fusível,0.0,2026-10-08T08:00:00,2026-10-21T14:30:00,23274194000119-1-000110/2026,https://cnetmobile.estaleiro.serpro.gov.br/comprasnet-web/public/compras/acompanhamento-compra?compra=91084705000472026,False,Aberto,23274194000119
6,Pregão - Eletrônico,Divulgada no PNCP,E,,030100,TRIBUNAL DE JUSTICA DO ESTADO DO RJ,RJ,Rio de Janeiro,"Compra de solução integrada de videoconferência, com câmera, microfones e alto-falantes embarcados, conforme especificado no Termo de Referência (Anexo I).",7705100.22,2026-10-07T11:00:00,2026-10-21T15:00:00,28538734000148-1-000222/2026,https://cnetmobile.estaleiro.serpro.gov.br/comprasnet-web/public/compras/acompanhamento-compra?compra=03010005006372026,False,Aberto,28538734000148
12,Credenciamento,Divulgada no PNCP,F,,732100,CENTRO DE INST ALMIRANTE SYLVIO DE CAMARGO,RJ,Rio de Janeiro,"Chamada Pública nº 001 /2026 para aquisição de gêneros alimentícios de agricultores familiares e
empreendimentos familiares rurais conforme a Lei nº 11.326, de 24 de julho de 2006, por meio da
modalidade Compra Institucional, no âmbito do Programa de Aquisição de Alimentos- PAA",39966.8,2026-09-22T09:00:00,2026-10-21T16:00:00,00394502000144-1-010006/2026,,False,Não se aplica,00394502000144
6,Pregão - Eletrônico,Divulgada no PNCP,E,,930377,ERJ-INSTITUTO DE PREV DA ALE RIO DE JANEIRO,RJ,Rio de Janeiro,"Aquisição de microcomputadores, servidores, notebooks e monitores,",1464059.37,2026-10-06T09:00:00,2026-10-22T08:02:00,30134050000122-1-000031/2026,https://cnetmobile.estaleiro.serpro.gov.br/comprasnet-web/public/compras/acompanhamento-compra?compra=93037705000292026,False,Aberto,30134050000122
6,Pregão - Eletrônico,Divulgada no PNCP,F,,250052,INSTITUTO NACIONAL DO CANCER - RJ,RJ,Rio de Janeiro,Aquisição de Próteses de Endoscopia,1481932.55,2026-10-02T09:00:00,2026-10-22T08:59:00,00394544000185-1-003215/2025,https://cnetmobile.estaleiro.serpro.gov.br/comprasnet-web/public/compras/acompanhamento-compra?compra=25005205001392025,True,Aberto,00394544000185
6,Pregão - Eletrônico,Divulgada no PNCP,M,,1037,SEBRAE/RJ,RJ,Rio de Janeiro,"O objeto da presente licitação é a aquisição de mobiliário decorativo, em  atendimento às necessidades do Sebrae/RJ para implantação da Escola Sebrae de  Negócios no 2º andar do Edifício Sede, conforme especificações estabelecidas no  Termo de Referência, Anexo I do Edital. ",46440.58,2026-10-01T16:00:00,2026-10-22T09:00:00,29737103000110-1-000026/2026,,False,Aberto-Fechado,29737103000110
6,Pregão - Eletrônico,Divulgada no PNCP,M,,450068,PREFEITURA MUNICIPAL DE VOLTA REDONDA-RJ,RJ,Volta Redonda,Aquisição de Prancha 7 (Sete) Toneladas Com Vistas a Atender as Necessidades da Secretaria Municipal de Serviços Públicos,245488.92,2026-10-05T08:00:00,2026-10-22T09:00:00,32512501000143-1-000412/2026,https://cnetmobile.estaleiro.serpro.gov.br/comprasnet-web/public/compras/acompanhamento-compra?compra=45006805002382026,True,Aberto-Fechado,32512501000143
6,Pregão - Eletrônico,Divulgada no PNCP,M,,985847,PREFEITURA MUNICIPAL DE MACAE - RJ,RJ,Macaé,"Locação de Contêineres, incluindo limpeza, manutenção e destinação adequada dos dejetos e efluentes, para o módulo administrativo, para atender às necessidades da Secretaria Municipal de Mobilidade Urbana.",18610.0,2026-10-05T17:00:00,2026-10-22T09:00:00,29115474000160-1-000664/2026,https://cnetmobile.estaleiro.serpro.gov.br/comprasnet-web/public/compras/acompanhamento-compra?compra=98584705006552026,False,Aberto,29115474000160
6,Pregão - Eletrônico,Divulgada no PNCP,M,,929330,FUNDO MUNICIPAL DE EDUCAÇAO DE MENDES - RJ,RJ,Mendes,Prestação de serviços de recarga de cartuchos de toner das impressoras.,15151.9,2026-10-07T09:00:00,2026-10-22T09:00:00,43327293000129-1-000005/2026,https://cnetmobile.estaleiro.serpro.gov.br/comprasnet-web/public/compras/acompanhamento-compra?compra=92933005000022026,False,Aberto,43327293000129
7,Pregão - Presencial,Divulgada no PNCP,M,,7393,Prefeitura Municipal de Magé,RJ,Magé,"[Portal de Compras Públicas] - CONTRATAÇÃO DE INSTITUIÇÃO FINANCEIRA PARA PRESTAÇÃO DE SERVIÇOS, DE FORMA EXCLUSIVA, REFERENTES À CENTRALIZAÇÃO E AO PROCESSAMENTO DE 100% (CEM POR CENTO) DE CRÉDITOS PROVENIENTES DA FOLHA DE PAGAMENTO DOS SERVIDORES ATIVOS, INATIVOS, APOSENTADOS E PENSIONISTAS, GERADA PELA PREFEITURA MUNICIPAL DE MAGÉ; PAGAMENTO, SEM EXCLUSIVIDADE, DOS FORNECEDORES, BENS, SERVIÇOS E INSUMOS; CONCESSÃO DE EMPRÉSTIMO CONSIGNADO (CRÉDITO DIRETO E CRÉDITO PARA AQUISIÇÃO DE BENS MÓVEIS E IMÓVEIS), SEM EXCLUSIVIDADE AOS SERVIDORES ATIVOS, INATIVOS, APOSENTADOS E PENSIONISTAS DA PREFEITURA MUNICIPAL DE MAGÉ.",26174340.0,2026-09-30T18:00:00,2026-10-22T09:50:00,29138351000145-1-000054/2026,https://www.portaldecompraspublicas.com.br/processos/RJ/Prefeitura-Municipal-de-Mage-4255/PPP-001-2026-2026-515375,False,Aberto,29138351000145
6,Pregão - Eletrônico,Divulgada no PNCP,M,,654,Prefeitura Municipal de Porto Real - RJ,RJ,Porto Real,Contratação de empresa especializada para prestação de serviço em locação de veículos para transporte escolar de alunos matriculados na rede municipal de ensino,9649291.2,2026-10-06T10:00:00,2026-10-22T09:59:00,01612355000102-1-000061/2026,https://comprasbr.com.br/pregao-eletronico-detalhe/?idlicitacao=48770,False,Aberto,01612355000102
4,Concorrência - Eletrônica,Divulgada no PNCP,M,,460961,FUNDO MUNICIPAL DE SAUDE DE NOVA IGUAÇU - RJ,RJ,Nova Iguaçu,"CONTRATAÇÃO DE EMPRESA ESPECIALIZADA DE ENGENHARIA PARA EXECUÇÃO DE OBRA DE CONSTRUÇÃO DE UNIDADE BÁSCIA DE SAÚDE, LOCALIZADA NA ESTRADA FEDERAL DE TINGUÁ – S/Nº (AO LADO DO CAMPO MARAMBAIA) – BAIRRO JARDIM MARAMBAIA – NOVA IGUAÇU – CEP 26.062-450, COMPREENDENDO O FORNECIMENTO DE MATERIAIS, MÃO-DE-OBRA, FERRAMENTAS E TODOS OS EQUIPAMENTOS NECESSÁRIOS À PERFEITA EXECUÇÃO DOS SERVIÇOS, BEM COMO A ELABORAÇÃO, COMPATIBILIZAÇÃO E ENTREGA DE TODOS OS PROJETOS EXECUTIVOS PREVISTOS NA PLANILHA ORÇAMENTÁ",2622959.0,2026-10-02T08:00:00,2026-10-22T10:00:00,10497795000149-1-000020/2026,https://cnetmobile.estaleiro.serpro.gov.br/comprasnet-web/public/compras/acompanhamento-compra?compra=46096103000082026,False,Aberto,10497795000149
6,Pregão - Eletrônico,Divulgada no PNCP,F,,495130,MRJ-COMPANHIA DE PESQUISA D RECURSOS MINERAIS,RJ,Rio de Janeiro,"Aquisição de Meios de Cultura para atender as necessidades da Companhia de Pesquisa de Recursos Minerais - CPRM,incluindo Rio de Janeiro, São Paulo e Manaus.",252603.9,2026-10-01T08:00:00,2026-10-22T10:00:00,00091652000189-1-000360/2026,https://cnetmobile.estaleiro.serpro.gov.br/comprasnet-web/public/compras/acompanhamento-compra?compra=49513005001032026,True,Aberto,00091652000189
6,Pregão - Eletrônico,Divulgada no PNCP,F,,389337,CONSELHO REGIONAL DE ENFERMAGEM - RJ,RJ,Rio de Janeiro,"Contratação de serviços de inclusão no Banco de dados de Pessoa Física e Jurídica Vinculadas ao Coren-RJ – Restrição de Crédito, conforme condições, quantidades e exigências estabelecidas no Edital",4525700.0,2026-10-05T08:00:00,2026-10-22T10:00:00,27149095000166-1-000041/2026,https://cnetmobile.estaleiro.serpro.gov.br/comprasnet-web/public/compras/acompanhamento-compra?compra=38933705001572026,False,Aberto,27149095000166
6,Pregão - Eletrônico,Divulgada no PNCP,M,,986001,MRJ-PREFEITURA MUNICIPAL DO RIO DE JANEIRO,RJ,Rio de Janeiro,"Registro de Preços para Aquisição de Parafusos, Porcas e Arruelas - B, para serviços de manutenção preventiva e corretiva dos veículos operados pela MOBI-Rio, conforme descrito, caracterizado e especificado no Termo de Referência.",0.0,2026-10-02T08:00:00,2026-10-22T10:00:00,42498733000148-1-002003/2026,https://cnetmobile.estaleiro.serpro.gov.br/comprasnet-web/public/compras/acompanhamento-compra?compra=98600105017482026,True,Aberto-Fechado,42498733000148
6,Pregão - Eletrônico,Divulgada no PNCP,M,,2161,FUNDO MUNICIPAL DE ASSISTÊNCIA SOCIAL DE CACHOEIRAS DE MACACU/RJ,RJ,Cachoeiras de Macacu,"[LICITANET] - Contratação de empresa especializada para aquisição 
de 01 (um) veículo automotor novo (zero quilômetro), tipo van, com acessibilidade e 
padronização visual, destinado ao fortalecimento da capacidade operacional do 
Cadastro Único para Programas Sociais do Governo Federal, visando à realização de 
visitas domiciliares, ações de busca ativa, atendimentos descentralizados, atividades 
itinerantes, deslocamentos para áreas urbanas e rurais, participação em capacitações, 
reuniões técnicas e demais atividades externas necessárias à execução das ações 
inerentes à gestão do Cadastro Único",312500.0,2026-10-02T14:32:22,2026-10-22T10:00:00,15065292000118-1-000022/2026,https://licitanet.com.br/sessao/203698,False,Aberto,15065292000118
6,Pregão - Eletrônico,Divulgada no PNCP,M,,986001,MRJ-PREFEITURA MUNICIPAL DO RIO DE JANEIRO,RJ,Rio de Janeiro,"Aquisição de pastas com bolso (tipo canguru), para atendimento às necessidades dos diversos Setores da Secretaria Especial de Ação Comunitária – SEAC, pertencente(s) à(s) classe(s) classe 2511",23000.0,2026-10-07T08:00:00,2026-10-22T10:00:00,42498733000148-1-002021/2026,https://cnetmobile.estaleiro.serpro.gov.br/comprasnet-web/public/compras/acompanhamento-compra?compra=98600105017642026,True,Aberto-Fechado,42498733000148
6,Pregão - Eletrônico,Divulgada no PNCP,M,,985821,PREFEITURA MUNICIPAL DE CANTAGALO - RJ,RJ,Cantagalo,"Registro Preços para futura e eventual contratação de empresa especializada para a prestação de serviços de manutenção preventiva e corretiva de veículos automotores, abrangendo serviços de mecânica, elétrica, troca de óleo e lubrificação, lanternagem, funilaria, pintura, borracharia, vidraçaria, capotaria, manutenção e substituição de baterias, serviços pneumáticos, guincho e remoção de veículos, bem como o fornecimento e substituição de peças genuínas ou originais.",977980.25,2026-10-06T08:00:00,2026-10-22T10:00:00,28645794000160-1-000076/2026,https://cnetmobile.estaleiro.serpro.gov.br/comprasnet-web/public/compras/acompanhamento-compra?compra=98582105000262026,True,Aberto,28645794000160
6,Pregão - Eletrônico,Divulgada no PNCP,M,,925016,FUNDAÇAO MUNICIPAL DE SAUDE DE NITERÓI - RJ,RJ,Niterói,"a aquisição de EQUIPOS PARA USO EM BOMBA DE INFUSÃO, COM O COMODATO DOS EQUIPAMENTOS, pelo Sistema de Registro de Preços (SRP)",2233715.76,2026-10-07T10:00:00,2026-10-22T10:00:00,32556060000181-1-000036/2026,https://cnetmobile.estaleiro.serpro.gov.br/comprasnet-web/public/compras/acompanhamento-compra?compra=92501605000382026,True,Aberto,32556060000181
6,Pregão - Eletrônico,Divulgada no PNCP,F,,925136,BANCO CENTRAL DO BRASIL - RIO DE JANEIRO,RJ,Rio de Janeiro,Compra dos bens para cumprimento do Acordo de Cooperação Técnica firmado para transferência definitiva do acervo arqueológico ao Instituto Rio Patrimônio da Humanidade (IRPH).,593027.04,2026-10-06T09:00:00,2026-10-22T10:30:00,00038166000105-1-000515/2026,https://cnetmobile.estaleiro.serpro.gov.br/comprasnet-web/public/compras/acompanhamento-compra?compra=92513605001002026,False,Aberto,00038166000105
6,Pregão - Eletrônico,Divulgada no PNCP,E,,044100,FUND DEP ESTRADAS DE RODAGEM DO ESTADO DO RJ,RJ,Rio de Janeiro,"Prestação de serviços contínuos de emissão, fornecimento, administração e gestão de cartões eletrônicos de benefício alimentação e/ou refeição, com tecnologia baseada em chip eletrônico de segurança e senha pessoal (ou tecnologia superior), com funcionalidade para carga e recarga mensal em meio digital, destinados a atender aos servidores e empregados públicos ativos da Fundação Departamento de Estradas de Rodagem do Estado do Rio de Janeiro – DER/RJ.
",6305000.0,2026-10-06T11:00:00,2026-10-22T10:30:00,42498600000171-1-004293/2026,https://www.compras.rj.gov.br/EditaisLicitacoes/detalhar.action?idLic=37557,False,Aberto-Fechado,42498600000171
6,Pregão - Eletrônico,Divulgada no PNCP,M,,1405,FUNDO MUNICIPAL DE SAÚDE DE RESENDE - SUS,RJ,Resende,"RSD-020116/002199/2026-Contratação de empresa especializada na prestação de serviço de passagem/cobrança automática em praças de pedágio, sistema TAG/TIV para atender 15 (quinze) veículos da frota da Central de Veículos de Resende, responsável pelo transporte de pacientes para tratamento médico em outros municípios e estados, no âmbito do Sistema Único de Saúde (SUS), através da Secretaria Municipal de Saúde - FMS.",30582.0,2026-09-25T08:00:00,2026-10-22T12:00:00,11800731000138-1-000214/2026,https://bnccompras.com/Process/ProcessView?param1=[gkz]Sg9TxebLSwRBsSRas4UnoT6gb0Hevfbzo6rGvVcV1d21h/BDBKS271tQUp0Bkf3jnLKlY7IP2YknWK0usQp6N9kQqxZcZTZGrZBXTKbuXqA=,False,Aberto,11800731000138
6,Pregão - Eletrônico,Divulgada no PNCP,M,,985921,PREFEITURA MUNICIPAL DE VALENCA - RJ,RJ,Valença,"Aquisição de veículo 0km, tipo sedan para atendimento das demandas do setor de Fiscalização de Rendas da secretaria municipal de fazenda.",114403.33,2026-10-05T08:00:00,2026-10-22T13:00:00,29076130000190-1-000316/2026,https://cnetmobile.estaleiro.serpro.gov.br/comprasnet-web/public/compras/acompanhamento-compra?compra=98592105002642026,False,Aberto-Fechado,29076130000190
4,Concorrência - Eletrônica,Divulgada no PNCP,M,,3651,MUNICÍPIO DE MACAÉ/RJ,RJ,Macaé,"[LICITANET] - CONTRATAÇÃO DE EMPRESA ESPECIALIZADA EM CONSTRUÇÃO CIVIL PARA IMPLANTAÇÃO DE NOVO ANEL VIÁRIO INTERLIGANDO AV. PREFEITO ARISTEU FERREIRA DA SILVA A RJ-168, NO MUNICÍPIO DE MACAÉ/RJ, COM FORNECIMENTO DE MÃO DE OBRA, MATERIAIS E EQUIPAMENTOS NECESSÁRIOS",135653016.71,2026-09-14T16:14:45,2026-10-23T09:00:00,29115474000160-1-000614/2026,https://licitanet.com.br/sessao/201394,False,Aberto,29115474000160
5,Concorrência - Presencial,Divulgada no PNCP,M,,793001,PREFEITURA MUNICIPAL DE CARAPEBUS,RJ,Carapebus,CONTRATAÇÃO DE EMPRESA ESPECIALIZADA PARA CONSTRUÇÃO DECURRAL DE MANEJO BOVINO E ESTRUTURAS COMPLEMENTARES NO MUNICIPIO DE CARAPEBUS.,589068.15,2026-09-16T09:00:00,2026-10-23T09:00:00,01609497000102-1-000018/2026,,False,Fechado-Aberto,01609497000102
6,Pregão - Eletrônico,Divulgada no PNCP,M,,986001,MRJ-PREFEITURA MUNICIPAL DO RIO DE JANEIRO,RJ,Rio de Janeiro,"O objeto do presente Contrato é a prestação de serviços comuns de engenharia de “SERVIÇOS DE REVITALIZAÇÃO DA ÁREA INTERNA E RECUPERAÇÃO DO GRADIL EXTERNO DO PASSEIO PÚBLICO, CENTRO, AP1”, ",5191389.42,2026-10-06T12:00:00,2026-10-23T09:00:00,42498733000148-1-001378/2026,https://cnetmobile.estaleiro.serpro.gov.br/comprasnet-web/public/compras/acompanhamento-compra?compra=98600105009762026,False,Aberto-Fechado,42498733000148
6,Pregão - Eletrônico,Divulgada no PNCP,F,,910847,ELETROBRAS TERMONUCLEAR S/A,RJ,Rio de Janeiro,Serviços de suporte gerenciado à infraestrutura de TIC,0.0,2026-10-01T08:00:00,2026-10-23T09:00:00,23274194000119-1-000105/2026,https://cnetmobile.estaleiro.serpro.gov.br/comprasnet-web/public/compras/acompanhamento-compra?compra=91084705000312026,False,Aberto,23274194000119
6,Pregão - Eletrônico,Divulgada no PNCP,M,,926850,FUNDO MUNICIPAL DE SAÚDE DE VOLTA REDONDA-RJ,RJ,Volta Redonda,"Contratação de serviços de higienização, limpeza e desinfecção química de caixas d’água e reservatório.",167773.86,2026-10-08T09:00:00,2026-10-23T09:00:00,39563911000162-1-000209/2026,https://cnetmobile.estaleiro.serpro.gov.br/comprasnet-web/public/compras/acompanhamento-compra?compra=92685005001442026,False,Aberto-Fechado,39563911000162
6,Pregão - Eletrônico,Divulgada no PNCP,M,,930220,SERVIÇO AUT.DE AGUA E ESGOTO DE TRÊS RIOS-RJ,RJ,Três Rios,"MATERIAIS  DE LACRE, ALICATES, HIDRÔMETROS E OTS.",2417373.35,2026-09-30T09:30:00,2026-10-23T09:30:00,39754247000139-1-000040/2026,https://cnetmobile.estaleiro.serpro.gov.br/comprasnet-web/public/compras/acompanhamento-compra?compra=93022005000172026,True,Aberto-Fechado,39754247000139
6,Pregão - Eletrônico,Divulgada no PNCP,M,,2040,MUNICÍPIO DE BOM JARDIM/RJ,RJ,Bom Jardim,"[LICITANET] - Contratação de empresa especializada visando Serviços de  demolição do Prédio anexo às instalações da Secretaria municipal de Obras e Infraestrutura, localizado na Rua Humberto Neves, s/nº - Bairro Bom Destino - Bom Jardim
/ RJ, atendendo a SMOI ",154058.89,2026-10-05T14:03:26,2026-10-23T09:32:00,28561041000176-1-000034/2026,https://licitanet.com.br/sessao/203802,False,Aberto,28561041000176
6,Pregão - Eletrônico,Divulgada no PNCP,M,,980770,PREFEITURA MUNICIPAL DE ARMAÇÃO DOS BÚZIOS-RJ,RJ,Armação dos Búzios,"Locação de veículos automotores elétricos, scooter elétrica, fornecimento e operação de carregadores veiculares, câmeras de monitoramento e internet dedicada, solução SaaS de gestão de recarga e frota com licenças de usuários,
",9433800.0,2026-10-08T08:00:00,2026-10-23T09:55:00,01616171000102-1-000083/2026,https://cnetmobile.estaleiro.serpro.gov.br/comprasnet-web/public/compras/acompanhamento-compra?compra=98077005000342026,False,Aberto,01616171000102
6,Pregão - Eletrônico,Divulgada no PNCP,M,,460961,FUNDO MUNICIPAL DE SAUDE DE NOVA IGUAÇU - RJ,RJ,Nova Iguaçu,"REGISTRO DE PREÇO PARA CONTRATAÇÃO DE EMPRESA ESPECIALIZADA PARA AQUISIÇÃO DE MEDICAMENTOS DESCRITOS NA REMUME (RELAÇÃO MUNICIPAL DE MEDICAMENTOS ESSENCIAIS), CONSTANTES NA PORTARIA Nº 344/1998, PARA O SETOR DE MANDADO JUDICIAL DA SECRETARIA MUNICIPAL DE SAÚDE DE NOVA IGUAÇU, PARA UM PERÍODO DE 12 (DOZE) MESES, CONFORME DESCRITO E ESPECIFICADO NO TERMO DE REFERÊNCIA, ANEXO VII DO EDITAL",302637.0,2026-10-05T13:00:00,2026-10-23T10:00:00,10497795000149-1-000021/2026,https://cnetmobile.estaleiro.serpro.gov.br/comprasnet-web/public/compras/acompanhamento-compra?compra=46096105000092026,True,Aberto,10497795000149
4,Concorrência - Eletrônica,Divulgada no PNCP,M,,986001,MRJ-PREFEITURA MUNICIPAL DO RIO DE JANEIRO,RJ,Rio de Janeiro,"PROJETO HIDRÁULICO PARA CONTROLE DE EROSÃO, SUBSTITUIÇÃO DE TRAVESSIAS (PONTES) E REFORÇO DE CALHA DE TRECHOS DO RIO GRANDE, INCLUINDO SUBSTITUIÇÃO DE TRAVESSIAS (PONTES) DO RIO TINDIBA – JACAREPAGUÁ – R.A. XVI – A.P. 4.0.",915983.14,2026-09-01T08:00:00,2026-10-23T10:30:00,42498733000148-1-001782/2026,https://cnetmobile.estaleiro.serpro.gov.br/comprasnet-web/public/compras/acompanhamento-compra?compra=98600103015142026,False,Fechado,42498733000148
4,Concorrência - Eletrônica,Divulgada no PNCP,M,,986001,MRJ-PREFEITURA MUNICIPAL DO RIO DE JANEIRO,RJ,Rio de Janeiro,"“OBRAS DE REFORMA COM  ADEQUAÇÕES DE EDIFICAÇÕES EXISTENTES PARA IMPLANTAÇÃO DO 
PARQUE JARDIM DO AMANHÃ - CIDADE DE DEUS - XXXIV RA , 4.1 AP ",12971656.78,2026-09-17T08:00:00,2026-10-23T10:30:00,42498733000148-1-001878/2026,https://cnetmobile.estaleiro.serpro.gov.br/comprasnet-web/public/compras/acompanhamento-compra?compra=98600103016132026,False,Aberto-Fechado,42498733000148
6,Pregão - Eletrônico,Divulgada no PNCP,M,,985921,PREFEITURA MUNICIPAL DE VALENCA - RJ,RJ,Valença,"Prestação de serviços de Atenção Domiciliar (Home Care), compreendendo assistência multiprofissional, atendimento de enfermagem, fisioterapia, fornecimento de equipamentos, insumos, materiais, medicamentos, oxigenoterapia, suporte nutricional e demais serviços necessários, conforme prescrição médica e Plano Terapêutico Individual (PTI), visando assegurar a continuidade e integralidade da assistência à saúde no ambiente domiciliar, em cumprimento à decisão judicial proferida nos autos do Processo",2172989.64,2026-10-07T08:00:00,2026-10-23T13:00:00,29076130000190-1-000317/2026,https://cnetmobile.estaleiro.serpro.gov.br/comprasnet-web/public/compras/acompanhamento-compra?compra=98592105002652026,True,Aberto-Fechado,29076130000190
6,Pregão - Eletrônico,Divulgada no PNCP,E,,030100,TRIBUNAL DE JUSTICA DO ESTADO DO RJ,RJ,Rio de Janeiro,"Prestação de serviço de conectividade privada, dedicada e permanente, para interligar o datacenter do Tribunal de Justiçado Estado do Rio de Janeiro (TJERJ), localizado na Av. Erasmo Braga, 115 - Centro - Rio de Janeiro/RJ, à Amazon Web Services (AWS), conforme especificado no Termo de Referência (Anexo I). ",1061111.52,2026-10-07T11:00:00,2026-10-23T14:00:00,28538734000148-1-000241/2026,https://cnetmobile.estaleiro.serpro.gov.br/comprasnet-web/public/compras/acompanhamento-compra?compra=03010005006382026,False,Aberto,28538734000148
12,Credenciamento,Divulgada no PNCP,E,,927570,ERJ-SECRETARIA ESTADUAL DA POLICIA MILITAR,RJ,Rio de Janeiro,Credenciamento de interessados em prestar serviços de manutenção preventiva e corretiva nos veículos automotores que compõem a frota da Secretaria de Estado da Polícia Militar - SEPM.,34500000.0,2025-10-23T10:00:00,2026-10-23T17:00:00,32690668000102-1-000001/2026,,False,Não se aplica,32690668000102
6,Pregão - Eletrônico,Divulgada no PNCP,M,,929473,SERVIÇO AUTÔN.ÁGUA ESGOTO DO RIO DAS OSTRAS,RJ,Rio das Ostras,"1.1.	Pregão Eletrônico para Contratação de solução tecnológica em modelo de Software as a Service – SaaS, destinada à implantação, disponibilização, manutenção, sustentação, suporte técnico especializado e evolução contínua de portal institucional, portal da transparência em conformidade com a Lei de Acesso à Informação – LAI, plataforma de governo digital e disponibilização de dados abertos relacionados aos serviços públicos de abastecimento de água e esgotamento sanitário do Serviço Autônomo de Água e Esgoto de Rio das Ostras – SAAE, conforme condições, quantidades e exigências estabelecidas no Termo de Referência.",114972.81,2026-10-08T08:00:00,2026-10-23T18:00:00,29134183000110-1-000004/2026,https://cnetmobile.estaleiro.serpro.gov.br/comprasnet-web/public/compras/acompanhamento-compra?compra=92947305000132026,False,Aberto-Fechado,29134183000110
12,Credenciamento,Divulgada no PNCP,F,,389177,CONSELHO REGIONAL DE MEDICINA ES.R.DE JANEIRO,RJ,Rio de Janeiro,"Prestação de serviço de Transporte Urbano de Passageiros, acompanhados ou não de malotes e pequenas encomendas para o Conselho Regional de Medicina do Estado do Rio de Janeiro – CREMERJ.",0.0,2025-10-24T09:00:00,2026-10-23T18:00:00,31027527000133-1-000001/2026,,False,Não se aplica,31027527000133
6,Pregão - Eletrônico,Divulgada no PNCP,M,,7393,Prefeitura Municipal de Magé,RJ,Magé,[Portal de Compras Públicas] - CONTRATAÇÃO DE EMPRESA PARA FORNECIMENTO DE ÓRTESES E EQUIPAMENTOS MÉDICO-ASSISTENCIAIS PARA ATENDIMENTO INDIVIDUALIZADO DE PACIENTES,663101.75,2026-10-06T15:00:00,2026-10-26T06:00:00,29138351000145-1-000055/2026,https://www.portaldecompraspublicas.com.br/processos/RJ/Prefeitura-Municipal-de-Mage-4255/RPE-0020-2026-2026-501849,True,Aberto-Fechado,29138351000145
8,Dispensa de Licitação,Divulgada no PNCP,F,,154034,MEC-UNIRIO-FUND.UNIVERS.DO RIO DE JANEIRO/RJ,RJ,Rio de Janeiro,"Aquisição de mobiliário para estruturação dos espaços de estudo, convivência
e socialização dos discentes do Centro de Ciências Humanas (CCH), incluindo
montagem, quando necessária ao pelo uso dos bens.",32204.48,2026-10-19T08:00:00,2026-10-26T08:00:00,34023077000107-1-000074/2026,https://cnetmobile.estaleiro.serpro.gov.br/comprasnet-web/public/compras/acompanhamento-compra?compra=15403406001992026,False,Dispensa Com Disputa,34023077000107
6,Pregão - Eletrônico,Divulgada no PNCP,F,,250052,INSTITUTO NACIONAL DO CANCER - RJ,RJ,Rio de Janeiro,GRADE MEDICAMENTOS - AQUISIÇÃO MEDICAMENTOS GERAL 5 - 2027,577984.1,2026-09-28T09:00:00,2026-10-26T08:59:00,00394544000185-1-000030/2027,https://cnetmobile.estaleiro.serpro.gov.br/comprasnet-web/public/compras/acompanhamento-compra?compra=25005205000852027,True,Aberto,00394544000185
4,Concorrência - Eletrônica,Divulgada no PNCP,M,,3403,MUNICIPÍO DE MIRACEMA/RJ,RJ,Miracema,"[LICITANET] - CONSTRUÇÃO DE CONTENÇÃO DE ENCOSTA EM SOLO GRAMPEADO, SITUADAS A RUA SEBASTIÃO GONÇALVES MOREIRA, S/N, BAIRRO VIRADOURO, NO MUNICÍPIO DE MIRACEMA/RJ",660446.66,2026-10-02T14:59:34,2026-10-26T09:00:00,29114121000146-1-000047/2026,https://licitanet.com.br/sessao/203644,False,Aberto,29114121000146
6,Pregão - Eletrônico,Divulgada no PNCP,F,,791010,CENTRO DE INTENDENCIA DA MARINHA NITEROI,RJ,Niterói,Aquisição de aparelhos e utensílios domésticos,8526612.85,2026-10-01T09:00:00,2026-10-26T09:00:00,00394502000144-1-012800/2026,https://cnetmobile.estaleiro.serpro.gov.br/comprasnet-web/public/compras/acompanhamento-compra?compra=79101005002412026,False,Aberto,00394502000144
4,Concorrência - Eletrônica,Divulgada no PNCP,F,,753000,INST.DE ESTUDOS NO MAR ALTE.PAULO MOREIRA,RJ,Arraial do Cabo,"Contratação de empresa especializada para a execução de obra de engenharia civil, incluindo fornecimento de materiais e mão de obra, destinados à reforma estrutural do cais do Instituto de Estudos do Mar Almirante Paulo Moreira, localizado na Ilha do Farol, município de Arraial do Cabo - RJ.",1740337.26,2026-09-18T08:00:00,2026-10-26T09:30:00,00394502000144-1-014761/2025,https://cnetmobile.estaleiro.serpro.gov.br/comprasnet-web/public/compras/acompanhamento-compra?compra=75300003001512025,False,Aberto-Fechado,00394502000144
6,Pregão - Eletrônico,Divulgada no PNCP,F,,254446,INSTITUTO DE TECNOLOGIA EM FARMACOS,RJ,Rio de Janeiro,Aquisição de materiais elétricos.  ,0.0,2026-09-11T08:00:00,2026-10-26T09:30:00,33781055000135-1-001548/2026,https://cnetmobile.estaleiro.serpro.gov.br/comprasnet-web/public/compras/acompanhamento-compra?compra=25444605008392026,True,Aberto-Fechado,33781055000135
6,Pregão - Eletrônico,Divulgada no PNCP,F,,910847,ELETROBRAS TERMONUCLEAR S/A,RJ,Rio de Janeiro,"PRESTAÇÃO DE SERVIÇOS DE PLOTAGEM E CÓPIAS/IMPRESSÃO EM PRETO E BRANCO E EM CORES, COM DISPONIBILIZAÇÃO 
NAS INSTALAÇÕES DA ELETRONUCLEAR DE EQUIPAMENTOS COM TECNOLOGIA DIGITAL. ",0.0,2026-10-01T09:00:00,2026-10-26T10:00:00,23274194000119-1-000107/2026,https://cnetmobile.estaleiro.serpro.gov.br/comprasnet-web/public/compras/acompanhamento-compra?compra=91084705000392026,False,Aberto,23274194000119
6,Pregão - Eletrônico,Divulgada no PNCP,F,,791010,CENTRO DE INTENDENCIA DA MARINHA NITEROI,RJ,Niterói,"O objeto do presente procedimento é a escolha da proposta mais vantajosa para eventual aquisição de Material de CAv e marinharia para manutenção dos Navios e instalações físicas das Organizações Militares (OM) subordinadas ao Comando em Chefe da Esquadra (ComemCh), conforme condições, quantidades e exigências estabelecidas no Termo de Referência e seus anexos.",15980108.56,2026-10-06T08:30:00,2026-10-26T10:00:00,00394502000144-1-013024/2026,https://cnetmobile.estaleiro.serpro.gov.br/comprasnet-web/public/compras/acompanhamento-compra?compra=79101005002672026,True,Aberto,00394502000144
6,Pregão - Eletrônico,Divulgada no PNCP,M,,985837,PREFEITURA MUNICIPAL DE ITABORAI - RJ,RJ,Itaboraí,"AQUISIÇÃO DE EQUIPAMENTOS DE INFORMÁTICA E SUPRIMENTOS CORRELATOS, com participação exclusiva de microempreendedor individual, microempresas e as empresas de pequeno porte.",32582.49,2026-10-09T08:00:00,2026-10-26T10:00:00,28741080000155-1-000112/2026,https://cnetmobile.estaleiro.serpro.gov.br/comprasnet-web/public/compras/acompanhamento-compra?compra=98583705001192026,False,Aberto,28741080000155
6,Pregão - Eletrônico,Divulgada no PNCP,E,,925974,UNIVERSIDADE DO ESTADO DO RIO DE JANEIRO,RJ,Rio de Janeiro,"Aquisição de CLIMATIZADOR DE AR INDUSTRIAL, para atender à Instituto de Aplicação Fernando Rodrigues da Silveira – CAp/UERJ",23193.68,2026-10-09T08:00:00,2026-10-26T10:00:00,33540014000157-1-000009/2026,https://cnetmobile.estaleiro.serpro.gov.br/comprasnet-web/public/compras/acompanhamento-compra?compra=92597405000042026,False,Aberto,33540014000157
6,Pregão - Eletrônico,Divulgada no PNCP,E,,925974,UNIVERSIDADE DO ESTADO DO RIO DE JANEIRO,RJ,Rio de Janeiro,"Aquisição de equipamentos de áudio (AMPLIFICADOR, Microfone, etc.), para atender à Instituto de Aplicação Fernando Rodrigues da Silveira – CAp/UERJ",13587.24,2026-10-09T08:00:00,2026-10-26T10:00:00,33540014000157-1-000010/2026,https://cnetmobile.estaleiro.serpro.gov.br/comprasnet-web/public/compras/acompanhamento-compra?compra=92597405000052026,False,Aberto,33540014000157
4,Concorrência - Eletrônica,Divulgada no PNCP,E,,986001,MRJ-PREFEITURA MUNICIPAL DO RIO DE JANEIRO,RJ,Rio de Janeiro,"BAIRRO MARAVILHA OESTE - OBRAS DE INFRAESTRUTURA E URBANIZAÇÃO NA RUA CASTOR DE ANDRADE E OUTRAS, NA COMUNIDADE ALTO KENNEDY, NO BAIRRO DE BANGU, NA ÁREA DA I/SUBI/CGO/3ª GO - XVII R.A. - AP 5.1",18972176.38,2026-09-18T08:00:00,2026-10-26T10:30:00,42498600000171-1-003623/2026,https://cnetmobile.estaleiro.serpro.gov.br/comprasnet-web/public/compras/acompanhamento-compra?compra=98600103014812026,False,Aberto-Fechado,42498600000171
6,Pregão - Eletrônico,Divulgada no PNCP,M,,985921,PREFEITURA MUNICIPAL DE VALENCA - RJ,RJ,Valença, Aquisição de contracpetivo reversivel de longa duração e auto eficácia - IMPLANTE subdérmico liberador de etonogestrel.,505000.0,2026-10-07T08:00:00,2026-10-26T13:00:00,29076130000190-1-000318/2026,https://cnetmobile.estaleiro.serpro.gov.br/comprasnet-web/public/compras/acompanhamento-compra?compra=98592105002662026,True,Aberto-Fechado,29076130000190
12,Credenciamento,Divulgada no PNCP,M,,5268,FUNDO MUNICIPAL DE SAUDE DE PINHEIRAL,RJ,Pinheiral,CONTRATAÇÃO DE EMPRESA PARA PRESTAÇÃO DE DIVERSOS SERVIÇOS OFTALMOLÓGICOS,982921.2,2026-09-28T17:30:00,2026-10-26T16:00:00,01648573000199-1-000087/2026,,False,Não se aplica,01648573000199
12,Credenciamento,Divulgada no PNCP,M,,5266,Prefeitura Municipal de Pinheiral,RJ,Pinheiral,"PNH-020805/000026/2026 CONCESSÃO DE USO DE ÁREA PÚBLICA MUNICIPAL MEDINDO 687,03 M², LOCALIZADA NA RUA SANTA MARIA, LOTE 03, QUADRA 3, POLO EMPRESARIAL DOMINGOS MARIANO, CENTRO, PINHEIRAL/RJ, DESTINADA À IMPLANTAÇÃO DE EMPREENDIMENTO PRODUTIVO.",0.01,2026-09-28T17:30:00,2026-10-26T16:00:00,01612981000190-1-000154/2026,,False,Não se aplica,01612981000190
4,Concorrência - Eletrônica,Divulgada no PNCP,M,,985891,MRJ-PREFEITURA MUNICIPAL SANTA MARIA MADALENA,RJ,Santa Maria Madalena,CONTRATAÇÃO DE EMPRESA PARA PAVIMENTAÇÃO ASFÁLTICA EM TRATAMENTO SUPERFICIAL DUPLO (TSD) DE VIAS PÚBLICAS VICINAIS DO MUNICÍPIO DE SANTA MARIA MADALENA/RJ,5994905.71,2026-09-18T08:00:00,2026-10-27T09:00:00,28645760000175-1-000003/2026,https://cnetmobile.estaleiro.serpro.gov.br/comprasnet-web/public/compras/acompanhamento-compra?compra=98589103000722026,False,Aberto,28645760000175
6,Pregão - Eletrônico,Divulgada no PNCP,M,,450068,PREFEITURA MUNICIPAL DE VOLTA REDONDA-RJ,RJ,Volta Redonda,"Contratação de Serviço de Instalação de Toldos, Tendas e Coberturas de Policarbonato Nas Unidades Escolares da SME.",117181.55,2026-10-08T08:00:00,2026-10-27T09:00:00,32512501000143-1-000413/2026,https://cnetmobile.estaleiro.serpro.gov.br/comprasnet-web/public/compras/acompanhamento-compra?compra=45006805002642026,False,Aberto-Fechado,32512501000143
6,Pregão - Eletrônico,Divulgada no PNCP,F,,254446,INSTITUTO DE TECNOLOGIA EM FARMACOS,RJ,Rio de Janeiro,Aquisição de materiais elétricos,0.0,2026-09-01T08:00:00,2026-10-27T09:30:00,33781055000135-1-001491/2026,https://cnetmobile.estaleiro.serpro.gov.br/comprasnet-web/public/compras/acompanhamento-compra?compra=25444605007882026,False,Aberto-Fechado,33781055000135
6,Pregão - Eletrônico,Divulgada no PNCP,F,,113206,INDUSTRIAS NUCLEARES DO BRASIL S/A,RJ,Rio de Janeiro,Contratação de entidade seguradora para emissão de apólices de seguro garantia judicial destinadas a garantir valores passíveis de serem depositados ou substituir aqueles efetivamente depositados em processos judiciais trabalhista e cível nos quais a INB figure na lide.,0.0,2025-07-08T08:00:00,2026-10-27T10:00:00,37115383000153-1-000095/2025,https://cnetmobile.estaleiro.serpro.gov.br/comprasnet-web/public/landing?destino=acompanhamento-compra&compra=11320605910772025,False,Aberto,37115383000153
6,Pregão - Eletrônico,Divulgada no PNCP,M,,196,MUNICÍPIO DE ARRAIAL DO CABO/RJ,RJ,Arraial do Cabo,"[LICITANET] - Pregão Eletrônico para futura e eventual contratação de empresa habilitada em INSTITUIÇÃO FINANCEIRA,AUTORIZADA PELO BANCO CENTRAL, ATRAVÉS DE PREGÃO ELETRÔNICO, DO TIPO MAIOR LANCE GLOBAL PARA PRESTAÇÃO DE FORMA EXCLUSIVA, DOS SERVIÇOS REFERENTES Á CENTRALIZAÇÃO, AO PROCESSAMENTO E AO GERENCIAMENTO DOS CRÉDITOS PROVENIENTES DA FOLHA DE PAGAMENTO SALARIAL DOS SERVIDORES E FUNCIONÁRIOS ATIVOS, INATIVOS,PENSIONISTAS E OUTROS BENEFICIARIOS DA ADMINISTRAÇÃO DIRETA E INDIRETA (AUTARQUIAS), DO MUNICIPIO DE ARRAIAL DO CABO E DEMAIS SERVIÇOS BANCARIOS DE FORMA NÃO EXCLUSIVA PARA ATENDER AS DEMANDAS ORIUNDAS DA SECRETARIA MUNICIPAL DE ADMINISTRAÇÃO E AUTARQUIAS DE ARRAIAL DO CABO – RJ.",9573001.9,2026-10-02T12:04:57,2026-10-27T10:00:00,27792373000107-1-000006/2026,https://licitanet.com.br/sessao/169177,False,Aberto,27792373000107
4,Concorrência - Eletrônica,Divulgada no PNCP,M,,982913,PREFEITURA MUNICIPAL DE JAPERI - RJ,RJ,Japeri,CONTRATAÇÃO DE EMPRESA DE ENGENHARIA PARA CONSTRUÇÃO DE UNIDADE BÁSICA DE SAÚDE (UBS) PORTE I NO BAIRRO JARDIM MARAJOARA – JAPERI.,4126951.34,2026-09-10T11:00:00,2026-10-27T10:59:00,39485396000140-1-000055/2026,https://cnetmobile.estaleiro.serpro.gov.br/comprasnet-web/public/compras/acompanhamento-compra?compra=98291303000312026,False,Aberto,39485396000140
4,Concorrência - Eletrônica,Divulgada no PNCP,E,,530100,SECRETARIA DE ESTADO DE INFRAESTRUTURA E OBRAS PUBLICAS - SEIOP,RJ,Rio de Janeiro,"CONTRATAÇÃO DE EMPRESA ESPECIALIZADA PARA EXECUÇÃO DE OBRA DE CONTENÇÃO DE ENCOSTA, LOCALIZADA NA AVENIDA PERI PERI, NO MUNICÍPIO DE NILÓPOLIS – RJ",1769243.22,2026-09-18T15:32:00,2026-10-27T11:00:00,42498600000171-1-003976/2026,https://www.compras.rj.gov.br/EditaisLicitacoes/detalhar.action?idLic=37444,False,Aberto-Fechado,42498600000171
12,Credenciamento,Divulgada no PNCP,M,,1505,INSTITUTO DE EDUCAÇÃO DO MUNICÍPIO DE RESENDE,RJ,Resende,RSD-020110/002147/2026 -Aquisição de gêneros alimentícios ( suco de uva tinto integral ) diretamente da Agricultura Familiar e do Empreendedor Familiar Rural.,1220608.0,2026-09-22T13:00:00,2026-10-27T13:00:00,29178233000594-1-000035/2026,,False,Não se aplica,29178233000594
6,Pregão - Eletrônico,Divulgada no PNCP,M,,1,GERAL,RJ,Nilópolis,"CONTRATAÇÃO DE EMPRESA ESPECIALIZADA PARA EXECUÇÃO DA CONSTRUÇÃO DE ALAMEDA ILUMINAÇÃO NA RUA ALBERTO TEIXEIRA DA CUNHA, DESTINADA A IMPLANTAÇÃO E VALORIZAÇÃO DO POLO GASTRONÔMICO.",0.0,2026-10-02T11:00:00,2026-10-27T23:59:00,29138286000158-1-000064/2026,http://www.portaldecomprasnilopolis.com.br,False,Fechado-Aberto,29138286000158
4,Concorrência - Eletrônica,Divulgada no PNCP,M,,18010100,GABINETE DA SECRETARIA MUNICIPAL DESEGURANCA PUBLI,RJ,Tanguá,"Contratação de empresa especializada para a prestação integrada dos serviços de remoção de veículos e bens, depósito, guarda e acautelamento em pátio próprio localizado no Município de Tanguá/RJ, liberação aos proprietários mediante quitação de débitos, e preparação, organização e suporte técnico-administrativo para a realização de leilão público dos veículos e bens não resgatados ou reclamados dentro dos prazos legais, mediante regime de concessão de serviço públicos.",11433037.2,2026-09-21T08:00:00,2026-10-28T10:00:00,01612089000100-1-000151/2026,,False,Aberto,01612089000100
4,Concorrência - Eletrônica,Divulgada no PNCP,M,,192,MUNICÍPIO DE CAMPOS DOS GOYTACAZES/RJ,RJ,Campos dos Goytacazes,[LICITANET] - Contratação de empresa especializada em elaboração de projetos executivos para restauração do Solar do Airizes – BR 356 - Campos dos Goytacazes – RJ,342890.29,2026-09-04T09:42:00,2026-10-29T10:00:00,29116894000161-1-000046/2026,https://licitanet.com.br/sessao/200400,False,Fechado,29116894000161
4,Concorrência - Eletrônica,Divulgada no PNCP,M,,000000001,PREFEITURA MUNICIPAL DE ITATIAIA,RJ,Itatiaia,"CONTRATAÇÃO DE EMPRESA ESPECIALIZADA PARA A PRESTAÇÃO DE SERVIÇOS TÉCNICOS MULTIDISCIPLINARES DESTINADOS À REVISÃO DO PLANO DIRETOR DO MUNICÍPIO DE ITATIAIA/RJ, INCLUINDO A REVISÃO DAS LEIS COMPLEMENTARES, DO PLANO DE MOBILIDADE URBANA, DO PLANO DE MANEJO DA ÁREA DE PROTEÇÃO AMBIENTAL (APA) DE PENEDO E DA MINUTA DE LEI DE PROTEÇÃO E PRESERVAÇÃO DO PATRIMÔNIO ARQUITETÔNICO, CULTURAL E ARTÍSTICO DO MUNICÍPIO, POR INTERMÉDIO DA SECRETARIA MUNICIPAL DE PLANEJAMENTO.",630000.0,2026-09-09T08:00:00,2026-10-29T10:00:00,31846892000170-1-000068/2026,https://bnccompras.com/Process/ProcessView?param1=[gkz]S8rgiH0J4mcn9sb0T75BKMNbaZeW81PudW64CySPqCTG8qzE7mGp5di/4qTvh_BlQ2TaX2LbFNjv0CGI/R4JL2W2Q3S232SRN_D2AVCNGII=,False,Fechado,31846892000170
6,Pregão - Eletrônico,Divulgada no PNCP,F,,179083,CASA DA MOEDA DO BRASIL/MF,RJ,Rio de Janeiro,Contratação de créditos e serviço de treinamento destinados à utilização da plataforma Trend Vision One do fabricante Trend Micro,0.0,2026-10-06T08:00:00,2026-10-29T10:00:00,34164319000174-1-000171/2026,https://cnetmobile.estaleiro.serpro.gov.br/comprasnet-web/public/compras/acompanhamento-compra?compra=17908305001162026,True,Aberto,34164319000174
6,Pregão - Eletrônico,Divulgada no PNCP,M,,985867,PREFEITURA MUNICIPAL DE NOVA FRIBURGO - RJ,RJ,Nova Friburgo,"CONTRATAÇÃO de empresa(s) especializada(s), por lotes, para o fornecimento de MATERIAIS GRÁFICOS, MATERIAIS DE ESCRITÓRIO E PAPELARIA, EQUIPAMENTOS E MOBILIÁRIOS, MATERIAIS DE LIMPEZA, HIGIENE E ORGANIZAÇÃO E 01 (UM) MICRO-ÔNIBUS ADAPTADO COMO UNIDADE MÓVEL DE ATENDIMENTO SOCIAL, previstos no plano de trabalho do Termo de Convênio nº 973066/2024, (...), destinados ao fortalecimento das ações de enfrentamento à violência contra as mulheres.",1382211.53,2026-09-25T08:00:00,2026-10-29T10:00:00,28606630000123-1-000121/2026,https://cnetmobile.estaleiro.serpro.gov.br/comprasnet-web/public/compras/acompanhamento-compra?compra=98586705000622026,False,Aberto-Fechado,28606630000123
12,Credenciamento,Divulgada no PNCP,M,,982913,PREFEITURA MUNICIPAL DE JAPERI - RJ,RJ,Japeri,"CHAMAMENTO PÚBLICO PARA SELEÇÃO PÚBLICA DE ENTIDADES PRIVADAS SEM FINS LUCRATIVOS, QUALIFICADAS COMO ORGANIZAÇÕES SOCIAIS NO MUNICÍPIO DE JAPERI, PARA CELEBRAÇÃO DE CONTRATOS DE GESTÃO DESTINADOS AO APOIO TÉCNICO-OPERACIONAL, ORGANIZAÇÃO, OPERACIONALIZAÇÃO E EXECUÇÃO COMPLEMENTAR DE SERVIÇOS, PROGRAMAS, PROJETOS E AÇÕES DA SECRETARIA MUNICIPAL DE ASSISTÊNCIA SOCIAL DE JAPERI, DIVIDIDOS EM LOTE I – PROTEÇÃO SOCIAL BÁSICA E LOTE II – PROTEÇÃO SOCIAL ESPECIAL.",16559860.32,2026-10-02T12:05:00,2026-10-29T10:00:00,39485396000140-1-000047/2026,,False,Não se aplica,39485396000140
4,Concorrência - Eletrônica,Divulgada no PNCP,M,,986001,MRJ-PREFEITURA MUNICIPAL DO RIO DE JANEIRO,RJ,Rio de Janeiro,"Obras de contenção de encosta na Travessa Firmino e Travessa Ireno, nº 5 – Comunidade do Borel – Tijuca – AP 2.2 – RA VIII",949252.41,2026-09-18T10:00:00,2026-10-29T10:30:00,42498733000148-1-001877/2026,https://cnetmobile.estaleiro.serpro.gov.br/comprasnet-web/public/compras/acompanhamento-compra?compra=98600103016092026,False,Aberto-Fechado,42498733000148
4,Concorrência - Eletrônica,Divulgada no PNCP,M,,986001,MRJ-PREFEITURA MUNICIPAL DO RIO DE JANEIRO,RJ,Rio de Janeiro,OBRAS DE REQUALIFICAÇÃO  DO ENTORNO DO VIADUTO DOS CAMPEÕES E DA ESTAÇÃO RUBENS VAZ NO  TRECHO DA AVENIDA BRASIL – BRT – TRANSBRASIL – RAMOS X R.A.– A.P. 3.1,3291067.08,2026-09-22T08:00:00,2026-10-29T10:30:00,42498733000148-1-001910/2026,https://cnetmobile.estaleiro.serpro.gov.br/comprasnet-web/public/compras/acompanhamento-compra?compra=98600103016462026,False,Aberto-Fechado,42498733000148
6,Pregão - Eletrônico,Divulgada no PNCP,M,,986001,MRJ-PREFEITURA MUNICIPAL DO RIO DE JANEIRO,RJ,Rio de Janeiro,"Registro de Preços para aquisição de Peças e Acessórios, novos e originais, para carroceria do fabricante Marcopolo, modelos Torino e Viale Express – H, para serviços de manutenção preventiva e corretiva da Frota de Articulados Operados pela Companhia Municipal de Transportes Coletivos – CMTC - (MOBI-Rio), devidamente descritos, caracterizados e especificados neste Edital e/ou no Termo de Referência, na forma da lei. ",0.0,2026-10-06T08:00:00,2026-10-29T11:00:00,42498733000148-1-002017/2026,https://cnetmobile.estaleiro.serpro.gov.br/comprasnet-web/public/compras/acompanhamento-compra?compra=98600105017452026,True,Aberto-Fechado,42498733000148
4,Concorrência - Eletrônica,Divulgada no PNCP,M,,1,MUNICIPIO DE RESENDE,RJ,Resende,"RSD-020115/000741/2026 - REGISTRO DE PREÇOS PARA A CONTRATAÇÃO DE EMPRESA, ATRAVÉS DE EMPREITADA POR PREÇO UNITÁRIO (MATERIAL + MÃO DE OBRA), PARA EXECUÇÃO DE SERVIÇOS DE RECAPEAMENTO ASFÁLTICO, ATRAVÉS DA SECRETARIA MUNICIPAL DE OBRAS – SMO.",25426666.36,2026-08-27T08:00:00,2026-10-29T13:00:00,29178233000160-1-000169/2026,https://bnccompras.com/Process/ProcessView?param1=[gkz]lymAsmFcOUOzlhlI8sEEg4dmGYBywyz9Gyd5ft_8Taglw_ZDWxroe69Rxe7ydKonOTypokpjlD6R_pChqPspTXMJy3OE9hypnx4bGB_J4oA=,True,Aberto,29178233000160
12,Credenciamento,Divulgada no PNCP,M,,1505,INSTITUTO DE EDUCAÇÃO DO MUNICÍPIO DE RESENDE,RJ,Resende,"RSD-020110/003472/2026- Aquisição de gêneros alimentícios  (Ovos de galinha) da Agricultura Familiar e do Empreendedor Familiar Rural, para o atendimento ao Programa Nacional de Alimentação Escolar – PNAE.",367701.0,2026-10-29T13:00:00,2026-10-29T13:00:00,29178233000594-1-000041/2026,,False,Não se aplica,29178233000594
6,Pregão - Eletrônico,Divulgada no PNCP,F,,910847,ELETROBRAS TERMONUCLEAR S/A,RJ,Rio de Janeiro,"SERVIÇOS DE LOCAÇÃO, TRANSPORTE, INSTALAÇÃO, OPERAÇÃO E MANUTENÇÃO DE UM SISTEMA PARA FORNECIMENTO DE AR COMPRIMIDO SECO, TOTALMENTE ISENTO DE ÓLEO, DURANTE A REALIZAÇÃO DA PARADA TÉCNICA PROGRAMADA 1P30 DA USINA NUCLEAR DE ANGRA 1",0.0,2026-10-07T08:00:00,2026-10-29T14:00:00,23274194000119-1-000109/2026,https://cnetmobile.estaleiro.serpro.gov.br/comprasnet-web/public/compras/acompanhamento-compra?compra=91084705000422026,False,Aberto,23274194000119
12,Credenciamento,Divulgada no PNCP,M,,986001,MRJ-PREFEITURA MUNICIPAL DO RIO DE JANEIRO,RJ,Rio de Janeiro,"Concessão de uso da Praça Marechal Âncora, para implantação, operação e manutenção de Equipamento Urbano.",0.0,2026-09-24T17:00:00,2026-10-29T18:00:00,42498733000148-1-001945/2026,,False,Não se aplica,42498733000148
4,Concorrência - Eletrônica,Divulgada no PNCP,E,,927919,DEFENSORIA PÚBLICA DO EST DO RIO DE JANEIRO,RJ,Rio de Janeiro,"CONTRATAÇÃO DE EMPRESA ESPECIALIZADA PARA ELABORAÇÃO DE PROJETO EXECUTIVO DE ARQUITETURA, PROJETOS EXECUTIVOS COMPLEMENTARES (ESTRUTURA E INSTALAÇÕES PREDIAIS), INCLUINDO APROVAÇÕES NOS ÓRGÃOS COMPETENTES (PREFEITURA E CONCESSIONÁRIAS), LICENÇAS E PLANEJAMENTO DA OBRA, ALÉM DA CONSTRUÇÃO DA EDIFICAÇÃO DE NOVA SEDE DA DPRJ NO MUNICÍPIO DE RIO DAS OSTRAS",6849116.47,2026-09-08T08:00:00,2026-10-30T11:00:00,31443526000170-1-000035/2026,https://cnetmobile.estaleiro.serpro.gov.br/comprasnet-web/public/compras/acompanhamento-compra?compra=92791903000212026,False,Aberto,31443526000170
6,Pregão - Eletrônico,Divulgada no PNCP,M,,986001,MRJ-PREFEITURA MUNICIPAL DO RIO DE JANEIRO,RJ,Rio de Janeiro,"Registro de Preços para aquisição de Peças e Acessórios, novos e originais, para carroceria do fabricante Marcopolo, modelos Torino e Viale Express – F, para serviços de manutenção preventiva e corretiva da Frota de Articulados Operados pela Companhia Municipal de Transportes Coletivos – CMTC - (MOBI-Rio), conforme as especificações constantes deste Edital e/ou do Termo de Referência.",0.0,2026-10-06T08:00:00,2026-10-30T11:00:00,42498733000148-1-002018/2026,https://cnetmobile.estaleiro.serpro.gov.br/comprasnet-web/public/compras/acompanhamento-compra?compra=98600105017512026,True,Aberto-Fechado,42498733000148
4,Concorrência - Eletrônica,Divulgada no PNCP,M,,1,MUNICIPIO DE RESENDE,RJ,Resende,"RSD-020115/000756/2026 - CONTRATAÇÃO DE EMPRESA, ATRAVÉS DE EMPREITADA POR PREÇO UNITÁRIO (MATERIAL + MÃO DE OBRA), PARA EXECUÇÃO DE CONSTRUÇÃO DE CONJUNTO DE QUADRAS DE AREIA, ATRAVÉS DA SECRETARIA MUNICIPAL DE OBRAS – SMO.",3659414.03,2026-08-06T08:00:00,2026-10-30T13:00:00,29178233000160-1-000105/2026,https://bnccompras.com/Process/ProcessView?param1=[gkz]c4EHwuqkPOLGimd6Ly6i0woZTfn_RGFucbTtdpLAlOWeaypQ4sSwLCfEkubVKfzJnL9tjP10Gb2sPXyjIjd8TKgpS0Lz2EYI4rQG4bR_oNM=,False,Aberto,29178233000160
12,Credenciamento,Divulgada no PNCP,M,,982921,MRJ-PREFEITURA MUNICIPAL DE RIO DAS OSTRAS,RJ,Rio das Ostras,"LOCAÇÃO DE IMÓVEL NÃO RESIDENCIAL URBANO, DESTINADO À INSTALAÇÃO E AO FUNCIONAMENTO AO CENTRO DE ESPECIALIDADE ODONTOLÓGICA (CEO), SERVIÇO DE ESPECIALIDADE DA SECRETARIA MUNICIPAL DE SAÚDE DE RIO DAS OSTRAS.",198400.2,2026-10-05T08:00:00,2026-10-30T17:00:00,39223581000166-1-000079/2026,,False,Não se aplica,39223581000166
12,Credenciamento,Divulgada no PNCP,F,,389220,CONSELHO REGIONAL DE NUTRICIONISTAS 4ª - RJ,RJ,Rio de Janeiro," O objeto do presente edital é o chamamento público para credenciamento de Leiloeiro Público Oficial, regularmente matriculado na Junta Comercial, para preparar, organizar e conduzir leilões públicos dos bens móveis e imóveis passíveis de alienação, de propriedade do Conselho Regional de Nutrição 4ª Região (CRN-4).",0.0,2026-09-01T10:00:00,2026-10-30T17:00:00,30892350000170-1-000065/2026,,False,Não se aplica,30892350000170
12,Credenciamento,Divulgada no PNCP,M,,196,MUNICÍPIO DE ARRAIAL DO CABO/RJ,RJ,Arraial do Cabo,"[LICITANET] - credenciamento de pareceristas, para contratar de forma simultânea e padronizada a prestação de serviços de avaliação, emissão de pareceres e julgamento de recursos sobre propostas artísticas e culturais, inscritas em editais de premiação e fomento à cultura promovidos pela Secretaria Municipal de Cultura e Economia Criativa de Arraial do Cabo.",33300.0,2025-11-03T00:00:00,2026-11-02T00:00:00,27792373000107-1-000138/2025,https://portal.licitanet.com.br/acesso-visitante/WkptZm1aU20=,False,Não se aplica,27792373000107
8,Dispensa de Licitação,Divulgada no PNCP,F,,791170,GRUPO AéREO NAVAL DE MANUTENçãO,RJ,São Pedro da Aldeia,Aquisição de exaustor trifásico 80cm.,13060.16,2026-10-02T08:00:00,2026-11-03T08:00:00,00394502000144-1-012875/2026,https://cnetmobile.estaleiro.serpro.gov.br/comprasnet-web/public/compras/acompanhamento-compra?compra=79117006002232026,False,Dispensa Com Disputa,00394502000144
4,Concorrência - Eletrônica,Divulgada no PNCP,M,,000000001,PREFEITURA MUNICIPAL DE ITATIAIA,RJ,Itatiaia,"CONTRATAÇÃO DE EMPRESA ESPECIALIZADA PARA A REVISÃO E ATUALIZAÇÃO DO PLANO MUNICIPAL DE SANEAMENTO BÁSICO (PMSB) DO MUNICÍPIO DE ITATIAIA/RJ, CONTEMPLANDO DE FORMA INTEGRADA OS QUATRO COMPONENTES DO SANEAMENTO BÁSICO: ABASTECIMENTO DE ÁGUA POTÁVEL, ESGOTAMENTO SANITÁRIO, MANEJO DE RESÍDUOS SÓLIDOS E DRENAGEM E MANEJO DE ÁGUAS PLUVIAIS URBANAS.",300000.0,2026-09-11T08:00:00,2026-11-03T10:00:00,31846892000170-1-000069/2026,https://bnccompras.com/Process/ProcessView?param1=[gkz]GebkljKNP3KbFsvU_KhfW0tHE83X99nUGMuHxs0lRw8uqvtJDKTEViCa_J0B7Gh7Ngo6vSYwj6DoqmDQonTQvnDEw9e2lHoNO/WD8Y8xCic=,False,Fechado,31846892000170
4,Concorrência - Eletrônica,Divulgada no PNCP,M,,986001,MRJ-PREFEITURA MUNICIPAL DO RIO DE JANEIRO,RJ,Rio de Janeiro,"Obras de contenção de encosta na Travessa Moacir Ramos, nº 6 – Comunidade do Borel – Tijuca 
",739945.18,2026-09-23T10:30:00,2026-11-03T10:30:00,42498733000148-1-001921/2026,https://cnetmobile.estaleiro.serpro.gov.br/comprasnet-web/public/compras/acompanhamento-compra?compra=98600103016292026,False,Aberto-Fechado,42498733000148
6,Pregão - Eletrônico,Divulgada no PNCP,F,,179083,CASA DA MOEDA DO BRASIL/MF,RJ,Rio de Janeiro,"Prestação de serviços de locação de toalhas industriais para atender as demandas de limpeza das máquinas, equipamentos e instrumentos de todo o parque fabril, conforme condições, quantidades e exigências estabelecidas neste Edital e seus anexos.",0.0,2026-10-08T08:00:00,2026-11-03T10:30:00,34164319000174-1-000190/2026,https://cnetmobile.estaleiro.serpro.gov.br/comprasnet-web/public/compras/acompanhamento-compra?compra=17908305001472026,False,Aberto,34164319000174
6,Pregão - Eletrônico,Divulgada no PNCP,M,,986001,MRJ-PREFEITURA MUNICIPAL DO RIO DE JANEIRO,RJ,Rio de Janeiro,"Registro de Preços para Aquisição de Materiais de Serralheria - B, para manutenção rotineira das unidades físicas da MOBI-Rio, conforme as especificações constantes deste Edital e/ou do Termo de Referência",0.0,2026-10-06T08:00:00,2026-11-03T11:00:00,42498733000148-1-002020/2026,https://cnetmobile.estaleiro.serpro.gov.br/comprasnet-web/public/compras/acompanhamento-compra?compra=98600105017522026,True,Aberto-Fechado,42498733000148
6,Pregão - Eletrônico,Divulgada no PNCP,F,,154034,MEC-UNIRIO-FUND.UNIVERS.DO RIO DE JANEIRO/RJ,RJ,Rio de Janeiro, Aquisição de peças e ferramentas para aplicação na frota da UNIRIO,62187.95,2026-10-06T08:00:00,2026-11-03T11:00:00,34023077000107-1-000077/2026,https://cnetmobile.estaleiro.serpro.gov.br/comprasnet-web/public/compras/acompanhamento-compra?compra=15403405001842026,True,Aberto,34023077000107
12,Credenciamento,Divulgada no PNCP,M,,986001,MRJ-PREFEITURA MUNICIPAL DO RIO DE JANEIRO,RJ,Rio de Janeiro,"Concessão de Serviços, da Produção, Fornecimento, Instalação, Manutenção e Gestão de Indicadores de Logradouros no Município do Rio de Janeiro",0.0,2026-09-25T09:15:00,2026-11-03T18:00:00,42498733000148-1-001949/2026,,False,Não se aplica,42498733000148
4,Concorrência - Eletrônica,Divulgada no PNCP,M,,982921,MRJ-PREFEITURA MUNICIPAL DE RIO DAS OSTRAS,RJ,Rio das Ostras," Secretaria Municipal de Educação, Esporte e Lazer do Município de Rio das Ostras/RJ identificou a necessidade premente de ampliar a infraestrutura educacional destinada à Educação Infantil, com vistas a assegurar condições adequadas de atendimento à crescente demanda por vagas em creches e pré-escolas da rede pública municipal de ensino.",4214193.92,2026-09-21T08:00:00,2026-11-04T09:00:00,39223581000166-1-000103/2026,https://cnetmobile.estaleiro.serpro.gov.br/comprasnet-web/public/compras/acompanhamento-compra?compra=98292103006502026,False,Aberto-Fechado,39223581000166
4,Concorrência - Eletrônica,Divulgada no PNCP,F,,393019,SUPERINTENDÊNCIA REGIONAL DO DNIT - RJ,RJ,Rio de Janeiro,"Contratação de empresa para elaboração de Estudo de Viabilidade Técnica, Econômica e Ambiental (EVTEA) para implantação de hidrovias e instalações portuárias na laguna de Araruama, localizada no Estado do Rio de Janeiro. ",6682392.51,2026-09-10T10:00:00,2026-11-04T10:00:00,04892707001425-1-000016/2026,https://cnetmobile.estaleiro.serpro.gov.br/comprasnet-web/public/compras/acompanhamento-compra?compra=39301903000672026,False,Fechado,04892707001425
6,Pregão - Eletrônico,Divulgada no PNCP,M,,986001,MRJ-PREFEITURA MUNICIPAL DO RIO DE JANEIRO,RJ,Rio de Janeiro,"Aquisição de Dispositivo Indicador de Porca – DIP, para aplicação em porcas sextavadas de 32 mm, destinado à manutenção da frota de ônibus da Companhia Municipal de Transportes Coletivos – CMTC (Mobi-Rio), devidamente descritos, caracterizados e especificados neste Edital e/ou no Termo de Referência, na forma da lei. ",0.0,2026-10-07T08:00:00,2026-11-04T11:00:00,42498733000148-1-002030/2026,https://cnetmobile.estaleiro.serpro.gov.br/comprasnet-web/public/compras/acompanhamento-compra?compra=98600105017752026,False,Aberto-Fechado,42498733000148
4,Concorrência - Eletrônica,Divulgada no PNCP,M,,985809,MRJ-PREFEITURA MUNICIPAL DE BOM JARDIM,RJ,Bom Jardim,"Contratação de empresa especializada nos serviços de Construção e Implementação de Projetos de Branding, envolvendo diagnóstico estratégico, posicionamento de marca, expressão verbal e visual, e ativação em todos os pontos de contato com  o objetivo de realizar procedimentos e estudos estratégicos para o Município de Bom Jardim, buscando a construção de identidade territorial unificada que fortaleça o seu posicionamento turístico, com a finalidade de integrar o trade turístico local e atrair investimentos públicos e privados, contribuindo assim para o desenvolvimento sustentável do turismo e da economia local, para atender a demanda da Secretaria Municipal de Turismo, Cultura, Esporte, Lazer e Desenvolvimento Econômico.",106700.0,2026-09-14T14:00:00,2026-11-05T09:30:00,28561041000176-1-000030/2026,https://cnetmobile.estaleiro.serpro.gov.br/comprasnet-web/public/compras/acompanhamento-compra?compra=98580903000122026,False,Fechado,28561041000176
4,Concorrência - Eletrônica,Divulgada no PNCP,M,,986001,MRJ-PREFEITURA MUNICIPAL DO RIO DE JANEIRO,RJ,Rio de Janeiro,"OBRAS DE MELHORIAS VIÁRIAS COM IMPLANTAÇÃO DE VIA DE LIGAÇÃO DA AVENIDA SOBRAL PINTO COM A AVENIDA ALDA GARRIDO, NO BAIRRO DA BARRA DA TIJUCA, NA ÁREA DA I/SUBI/CGO/4ªGO - XXIV R.A - AP 4.2”",13175024.65,2026-09-28T08:00:00,2026-11-05T10:30:00,42498733000148-1-001779/2026,https://cnetmobile.estaleiro.serpro.gov.br/comprasnet-web/public/compras/acompanhamento-compra?compra=98600103015092026,False,Aberto-Fechado,42498733000148
4,Concorrência - Eletrônica,Divulgada no PNCP,M,,986001,MRJ-PREFEITURA MUNICIPAL DO RIO DE JANEIRO,RJ,Rio de Janeiro,OBRAS DE MODERNIZAÇÃO DAS SUBESTAÇÕES DO CENTRO ADMINISTRATIVO - CASS,22562416.5,2026-09-25T11:25:00,2026-11-05T11:30:00,42498733000148-1-001703/2026,https://cnetmobile.estaleiro.serpro.gov.br/comprasnet-web/public/compras/acompanhamento-compra?compra=98600103013152026,False,Aberto-Fechado,42498733000148
4,Concorrência - Eletrônica,Divulgada no PNCP,M,,985805,PREFEITURA MUNICIPAL DE BARRA DO PIRAI - RJ,RJ,Barra do Piraí,"Construção de uma Creche Pré-Escola, Tipo 2 – padrão FNDE, localizada na Rua Vereador Hamilton da Nóbrega, s/nº, bairro Química, no município de Barra do Piraí - RJ.",4425880.19,2026-09-28T15:30:00,2026-11-05T14:00:00,28576080000147-1-000190/2026,https://cnetmobile.estaleiro.serpro.gov.br/comprasnet-web/public/compras/acompanhamento-compra?compra=98580503000192026,False,Aberto,28576080000147
